{
  "total_savs": 2000,
  "total_land": 2631581,
  "total_water": 4984419,
  "total_inland_water_tiles_per_map": 71.848,
  "metric_local": 0.26341564144446,
  "metric_global": 0.26883959147291
}