{
  "total_savs": 2000,
  "total_land": 2247149,
  "total_water": 5368851,
  "total_inland_water_tiles_per_map": 71.0665,
  "metric_local": 0.3883733273793,
  "metric_global": 0.3946441335482
}