{
  "total_savs": 2000,
  "total_land": 1953900,
  "total_water": 5662100,
  "total_inland_water_tiles_per_map": 44.887,
  "metric_local": 0.34963678533076,
  "metric_global": 0.35357792843442
}