{
  "total_savs": 2000,
  "total_land": 2254277,
  "total_water": 5361723,
  "total_inland_water_tiles_per_map": 40.035,
  "metric_local": 0.21667965046099,
  "metric_global": 0.22056775940355
}