{
  "total_savs": 2000,
  "total_land": 1819418,
  "total_water": 5796582,
  "total_inland_water_tiles_per_map": 36.116,
  "metric_local": 0.33344060628311,
  "metric_global": 0.34000775729313
}