{
  "total_savs": 2000,
  "total_land": 1477701,
  "total_water": 6138299,
  "total_inland_water_tiles_per_map": 21.4225,
  "metric_local": 0.33725572077619,
  "metric_global": 0.33925334010343
}