{
  "total_savs": 2000,
  "total_land": 2201433,
  "total_water": 5414567,
  "total_inland_water_tiles_per_map": 61.454,
  "metric_local": 0.31422221258931,
  "metric_global": 0.35925835244815
}