{
  "total_savs": 2000,
  "total_land": 1828528,
  "total_water": 5787472,
  "total_inland_water_tiles_per_map": 22.4175,
  "metric_local": 0.20578876749752,
  "metric_global": 0.20842678983036
}