{
  "total_savs": 2000,
  "total_land": 1343009,
  "total_water": 6272991,
  "total_inland_water_tiles_per_map": 18.7905,
  "metric_local": 0.37886239292114,
  "metric_global": 0.37788654400466
}