{
  "total_savs": 2000,
  "total_land": 957913,
  "total_water": 6658087,
  "total_inland_water_tiles_per_map": 8.8395,
  "metric_local": 0.41332194581058,
  "metric_global": 0.41374516428155
}