{
  "biome_averages": {
    "savannah": 1.0875302586693,
    "grassland": 1.1274902421884,
    "tundra": 1.8054238540748,
    "plains": 1.1499471818229,
    "prairie": 1.1158783584376,
    "desert": 1.2214967943558,
    "swamp": 1.0502642470001,
    "marsh": 1.2294669268841,
    "arctic": 0.90419294849876
  },
  "biomes": {
    "savannah": {
      "bbtt": 1.0441511899568,
      "bbtm": 1.0760245154166,
      "bbtb": 1.0897117731386,
      "bbmt": 1.0537645140188,
      "bbmm": 1.0791863585583,
      "bbmb": 1.0918605113882,
      "bbbt": 1.0563051906055,
      "bbbm": 1.0805069351148,
      "bbbb": 1.0929170166757,
      "tmmm": 1.1053120587453,
      "bmmm": 1.0879386505268,
      "mtmm": 1.1087658247989,
      "mbmm": 1.0855614886148,
      "new": 1.1734175938118
    },
    "grassland": {
      "bbtt": 1.0513330222529,
      "bbtm": 1.1097708635829,
      "bbtb": 1.1772168109145,
      "bbmt": 1.0525593589579,
      "bbmm": 1.1091380844635,
      "bbmb": 1.1724749538392,
      "bbbt": 1.0527873354224,
      "bbbm": 1.1119005403036,
      "bbbb": 1.168482461948,
      "tmmm": 1.1228346487868,
      "bmmm": 1.1193967105608,
      "mtmm": 1.1185225776548,
      "mbmm": 1.1103802802411,
      "new": 1.3080657417096
    },
    "tundra": {
      "bbtt": 1.4343486573705,
      "bbtm": 1.6964539369136,
      "bbtb": 2.149591452398,
      "bbmt": 1.4491836060226,
      "bbmm": 1.6886675919896,
      "bbmb": 2.0449913117313,
      "bbbt": 1.4423008022281,
      "bbbm": 1.6514135910269,
      "bbbb": 1.863367241415,
      "tmmm": 2.0495758585673,
      "bmmm": 1.8272532741816,
      "mtmm": 2.0346650807679,
      "mbmm": 1.8172628358314,
      "new": 2.1268587166034
    },
    "plains": {
      "bbtt": 1.0736201846903,
      "bbtm": 1.1061806380645,
      "bbtb": 1.1892818104915,
      "bbmt": 1.0681690384542,
      "bbmm": 1.1056960090767,
      "bbmb": 1.205681442186,
      "bbbt": 1.0672392713065,
      "bbbm": 1.1135510980779,
      "bbbb": 1.2241561067073,
      "tmmm": 1.2074776795993,
      "bmmm": 1.1272583917562,
      "mtmm": 1.2097317109088,
      "mbmm": 1.1216590936677,
      "new": 1.2795580705334
    },
    "prairie": {
      "bbtt": 1.1029269330574,
      "bbtm": 1.1562905944436,
      "bbtb": 1.1817229619265,
      "bbmt": 1.0908181082396,
      "bbmm": 1.1276516983198,
      "bbmb": 1.1299046078837,
      "bbbt": 1.0732622843251,
      "bbbm": 1.0932276678425,
      "bbbb": 1.0943645900656,
      "tmmm": 1.0905351426862,
      "bmmm": 1.1072671558366,
      "mtmm": 1.0888743165202,
      "mbmm": 1.1235715415672,
      "new": 1.1618794154125
    },
    "desert": {
      "bbtt": 1.1185516765958,
      "bbtm": 1.1602467963264,
      "bbtb": 1.2308064262497,
      "bbmt": 1.1349787808049,
      "bbmm": 1.1760369556118,
      "bbmb": 1.2573489205406,
      "bbbt": 1.1410447234001,
      "bbbm": 1.1852883583502,
      "bbbb": 1.2667103885664,
      "tmmm": 1.2889311704096,
      "bmmm": 1.2029719287556,
      "mtmm": 1.3005859919128,
      "mbmm": 1.2034888195574,
      "new": 1.4339641838994
    },
    "swamp": {
      "bbtt": 1.0421272318495,
      "bbtm": 1.0479313317453,
      "bbtb": 1.0604483898184,
      "bbmt": 1.0492823924966,
      "bbmm": 1.0563042247651,
      "bbmb": 1.0724898212264,
      "bbbt": 1.0522164784862,
      "bbbm": 1.0608408416307,
      "bbbb": 1.0784134042474,
      "tmmm": 0.98949275247061,
      "bmmm": 1.0286103000468,
      "mtmm": 0.98474518977157,
      "mbmm": 1.0235397319316,
      "new": 1.157257367515
    },
    "marsh": {
      "bbtt": 1.140926332753,
      "bbtm": 1.2312589568411,
      "bbtb": 1.3008180316321,
      "bbmt": 1.1592201365753,
      "bbmm": 1.2275195459713,
      "bbmb": 1.2987461030248,
      "bbbt": 1.1564414656496,
      "bbbm": 1.2116241782973,
      "bbbb": 1.2926967801813,
      "tmmm": 1.1485328628557,
      "bmmm": 1.2042035314207,
      "mtmm": 1.1461695753491,
      "mbmm": 1.2071481163951,
      "new": 1.4872313594308
    },
    "arctic": {
      "bbtt": 0.89428210725276,
      "bbtm": 0.89339064464123,
      "bbtb": 0.89353092802703,
      "bbmt": 0.89302012642356,
      "bbmm": 0.89182004899007,
      "bbmb": 0.89439003124621,
      "bbbt": 0.89497477459949,
      "bbbm": 0.8957865467264,
      "bbbb": 0.89403704426277,
      "tmmm": 0.94404154505366,
      "bmmm": 0.90952723754726,
      "mtmm": 0.93913246230312,
      "mbmm": 0.91000680104541,
      "new": 0.91076098086369
    }
  },
  "modes": {
    "bbtt": {
      "savannah": 1.0441511899568,
      "grassland": 1.0513330222529,
      "tundra": 1.4343486573705,
      "plains": 1.0736201846903,
      "prairie": 1.1029269330574,
      "desert": 1.1185516765958,
      "swamp": 1.0421272318495,
      "marsh": 1.140926332753,
      "arctic": 0.89428210725276
    },
    "bbtm": {
      "savannah": 1.0760245154166,
      "grassland": 1.1097708635829,
      "tundra": 1.6964539369136,
      "plains": 1.1061806380645,
      "prairie": 1.1562905944436,
      "desert": 1.1602467963264,
      "swamp": 1.0479313317453,
      "marsh": 1.2312589568411,
      "arctic": 0.89339064464123
    },
    "bbtb": {
      "savannah": 1.0897117731386,
      "grassland": 1.1772168109145,
      "tundra": 2.149591452398,
      "plains": 1.1892818104915,
      "prairie": 1.1817229619265,
      "desert": 1.2308064262497,
      "swamp": 1.0604483898184,
      "marsh": 1.3008180316321,
      "arctic": 0.89353092802703
    },
    "bbmt": {
      "savannah": 1.0537645140188,
      "grassland": 1.0525593589579,
      "tundra": 1.4491836060226,
      "plains": 1.0681690384542,
      "prairie": 1.0908181082396,
      "desert": 1.1349787808049,
      "swamp": 1.0492823924966,
      "marsh": 1.1592201365753,
      "arctic": 0.89302012642356
    },
    "bbmm": {
      "savannah": 1.0791863585583,
      "grassland": 1.1091380844635,
      "tundra": 1.6886675919896,
      "plains": 1.1056960090767,
      "prairie": 1.1276516983198,
      "desert": 1.1760369556118,
      "swamp": 1.0563042247651,
      "marsh": 1.2275195459713,
      "arctic": 0.89182004899007
    },
    "bbmb": {
      "savannah": 1.0918605113882,
      "grassland": 1.1724749538392,
      "tundra": 2.0449913117313,
      "plains": 1.205681442186,
      "prairie": 1.1299046078837,
      "desert": 1.2573489205406,
      "swamp": 1.0724898212264,
      "marsh": 1.2987461030248,
      "arctic": 0.89439003124621
    },
    "bbbt": {
      "savannah": 1.0563051906055,
      "grassland": 1.0527873354224,
      "tundra": 1.4423008022281,
      "plains": 1.0672392713065,
      "prairie": 1.0732622843251,
      "desert": 1.1410447234001,
      "swamp": 1.0522164784862,
      "marsh": 1.1564414656496,
      "arctic": 0.89497477459949
    },
    "bbbm": {
      "savannah": 1.0805069351148,
      "grassland": 1.1119005403036,
      "tundra": 1.6514135910269,
      "plains": 1.1135510980779,
      "prairie": 1.0932276678425,
      "desert": 1.1852883583502,
      "swamp": 1.0608408416307,
      "marsh": 1.2116241782973,
      "arctic": 0.8957865467264
    },
    "bbbb": {
      "savannah": 1.0929170166757,
      "grassland": 1.168482461948,
      "tundra": 1.863367241415,
      "plains": 1.2241561067073,
      "prairie": 1.0943645900656,
      "desert": 1.2667103885664,
      "swamp": 1.0784134042474,
      "marsh": 1.2926967801813,
      "arctic": 0.89403704426277
    },
    "tmmm": {
      "savannah": 1.1053120587453,
      "grassland": 1.1228346487868,
      "tundra": 2.0495758585673,
      "plains": 1.2074776795993,
      "prairie": 1.0905351426862,
      "desert": 1.2889311704096,
      "swamp": 0.98949275247061,
      "marsh": 1.1485328628557,
      "arctic": 0.94404154505366
    },
    "bmmm": {
      "savannah": 1.0879386505268,
      "grassland": 1.1193967105608,
      "tundra": 1.8272532741816,
      "plains": 1.1272583917562,
      "prairie": 1.1072671558366,
      "desert": 1.2029719287556,
      "swamp": 1.0286103000468,
      "marsh": 1.2042035314207,
      "arctic": 0.90952723754726
    },