{
  "averages": {
    "savannah": 0.92949218967869,
    "grassland": 0.87457226884687,
    "tundra": 1.54337855867,
    "plains": 0.9394479126348,
    "prairie": 0.86287911273349,
    "desert": 1.0535617437725,
    "swamp": 0.7687735691219,
    "marsh": 0.89632368357151,
    "arctic": 0.1711010627159
  },
  "biomes": {
    "bbbb": {
      "savannah": 0.94545580505795,
      "grassland": 0.90731380500092,
      "tundra": 1.5968664824127,
      "plains": 1.030360606132,
      "prairie": 0.85380747292618,
      "desert": 1.1081433238455,
      "swamp": 0.77988260589616,
      "marsh": 0.94588861043285,
      "arctic": 0.17206864300703
    },
    "bbbm": {
      "savannah": 0.93327474731559,
      "grassland": 0.86255228071718,
      "tundra": 1.4526280579876,
      "plains": 0.92215909157052,
      "prairie": 0.84714206408757,
      "desert": 1.0350334607113,
      "swamp": 0.75859314953405,
      "marsh": 0.86564872039208,
      "arctic": 0.17105008785095
    },
    "bbbt": {
      "savannah": 0.90012698653888,
      "grassland": 0.817019171195,
      "tundra": 1.2729506895045,
      "plains": 0.87061456879151,
      "prairie": 0.82910575117776,
      "desert": 0.99173815362507,
      "swamp": 0.75879167449607,
      "marsh": 0.81589059676026,
      "arctic": 0.17293134964009
    },
    "bbmb": {
      "savannah": 0.94472007489332,
      "grassland": 0.91272287875181,
      "tundra": 1.7836411723503,
      "plains": 1.0084732784674,
      "prairie": 0.87466175345883,
      "desert": 1.1020769737846,
      "swamp": 0.77754664050399,
      "marsh": 0.95034770533991,
      "arctic": 0.17280674898842
    },
    "bbmm": {
      "savannah": 0.93192716847275,
      "grassland": 0.8607336010913,
      "tundra": 1.5063854778647,
      "plains": 0.908635073624,
      "prairie": 0.86910506868515,
      "desert": 1.0266347326498,
      "swamp": 0.75647005136238,
      "marsh": 0.87668179213504,
      "arctic": 0.17384150539796
    },
    "bbmt": {
      "savannah": 0.89795574436855,
      "grassland": 0.81765941920903,
      "tundra": 1.2896327581645,
      "plains": 0.86347312166466,
      "prairie": 0.83970644727719,
      "desert": 0.9865813659313,
      "swamp": 0.75932754025781,
      "marsh": 0.81980457033832,
      "arctic": 0.17332928959796
    },
    "bbtb": {
      "savannah": 0.94254379321609,
      "grassland": 0.91488890584401,
      "tundra": 1.9101042691024,
      "plains": 0.98839754066257,
      "prairie": 0.90790639521996,
      "desert": 1.0765517815027,
      "swamp": 0.76770601950785,
      "marsh": 0.94859219627549,
      "arctic": 0.17114385703374
    },
    "bbtm": {
      "savannah": 0.92896389465613,
      "grassland": 0.8594536161995,
      "tundra": 1.5254326522389,
      "plains": 0.902460048132,
      "prairie": 0.88593018066743,
      "desert": 1.0125879215172,
      "swamp": 0.74980965036863,
      "marsh": 0.87783831699927,
      "arctic": 0.1712684644553
    },
    "bbtt": {
      "savannah": 0.88664527164927,
      "grassland": 0.8145636228137,
      "tundra": 1.2852707680445,
      "plains": 0.861280592877,
      "prairie": 0.84705689354512,
      "desert": 0.96728592552697,
      "swamp": 0.75646279845623,
      "marsh": 0.80519523453375,
      "arctic": 0.17138522166582
    },
    "new": {
      "savannah": 0.98330841061838,
      "grassland": 0.9788153876462,
      "tundra": 1.81087325903,
      "plains": 1.0386252044263,
      "prairie": 0.87436910028975,
      "desert": 1.2289837986308,
      "swamp": 0.8231455608358,
      "marsh": 1.0573490925081,
      "arctic": 0.16118545952175
    }
  }
}