{
  "general": {
    "biome": {
      "savannah": {
        "adjacency_avg": 3.2548735307738,
        "adjacency_baseline": 1080402.2464501,
        "adjacency_count": 1180790,
        "adjacency_relative": 1.0929170166757,
        "count": 362776,
        "density": 0.13163636495585
      },
      "grassland": {
        "adjacency_avg": 1.4526472034928,
        "adjacency_baseline": 571204.12307029,
        "adjacency_count": 667442,
        "adjacency_relative": 1.168482461948,
        "count": 459466,
        "density": 0.16672115592212
      },
      "tundra": {
        "adjacency_avg": 2.0606296409738,
        "adjacency_baseline": 133587.19337095,
        "adjacency_count": 248922,
        "adjacency_relative": 1.863367241415,
        "count": 120799,
        "density": 0.043832947191384
      },
      "plains": {
        "adjacency_avg": 2.8145359002347,
        "adjacency_baseline": 1190081.8792781,
        "adjacency_count": 1456846,
        "adjacency_relative": 1.2241561067073,
        "count": 517615,
        "density": 0.18782101640302
      },
      "prairie": {
        "adjacency_avg": 2.1099508541566,
        "adjacency_baseline": 1226344.5036353,
        "adjacency_count": 1342068,
        "adjacency_relative": 1.0943645900656,
        "count": 636066,
        "density": 0.23080197177324
      },
      "desert": {
        "adjacency_avg": 1.1804851719692,
        "adjacency_baseline": 186473.56343808,
        "adjacency_count": 236208,
        "adjacency_relative": 1.2667103885664,
        "count": 200094,
        "density": 0.072605814082177
      },
      "swamp": {
        "adjacency_avg": 1.2548962480982,
        "adjacency_baseline": 215677.95715811,
        "adjacency_count": 232590,
        "adjacency_relative": 1.0784134042474,
        "count": 185346,
        "density": 0.067254376527408
      },
      "marsh": {
        "adjacency_avg": 0.55797011248763,
        "adjacency_baseline": 65883.973183606,
        "adjacency_count": 85168,
        "adjacency_relative": 1.2926967801813,
        "count": 152639,
        "density": 0.055386362687983
      },
      "arctic": {
        "adjacency_avg": 1.3322873139875,
        "adjacency_baseline": 180453.37274926,
        "adjacency_count": 161332,
        "adjacency_relative": 0.89403704426277,
        "count": 121094,
        "density": 0.043939990456821
      }
    },
    "results": {
      "savannah": 1.0929170166757,
      "grassland": 1.168482461948,
      "tundra": 1.863367241415,
      "plains": 1.2241561067073,
      "prairie": 1.0943645900656,
      "desert": 1.2667103885664,
      "swamp": 1.0784134042474,
      "marsh": 1.2926967801813,
      "arctic": 0.89403704426277
    }
  },
  "land_wetness": 488.26677004555,
  "ocean": {
    "savannah": 0.30504498643791,
    "grassland": 0.49875942942459,
    "tundra": 0.22056473977434,
    "plains": 0.34546139505231,
    "prairie": 0.47313329119934,
    "desert": 0.29609583495757,
    "swamp": 0.61002125753995,
    "marsh": 0.58439848269446,
    "arctic": 0.90197697656366
  },
  "ocean_normalized": {
    "savannah": 5.013196508666,
    "grassland": 8.1967550407996,
    "tundra": 3.6248239850898,
    "plains": 5.6774113214531,
    "prairie": 7.7756077596016,
    "desert": 4.866123594993,
    "swamp": 10.025263729859,
    "marsh": 9.6041717234054,
    "arctic": 14.823347476083
  },
  "ocean_side": {
    "savannah": 0.17950470813946,
    "grassland": 0.39030962029835,
    "tundra": 0.099545526039123,
    "plains": 0.22490074669397,
    "prairie": 0.35865932151695,
    "desert": 0.17083970533849,
    "swamp": 0.52389584884486,
    "marsh": 0.48619291268942,
    "arctic": 0.69777197879333
  },
  "ocean_side_normalized": {
    "savannah": 4.0292140239784,
    "grassland": 8.7610013804095,
    "tundra": 2.2344273512288,
    "plains": 5.048186490343,
    "prairie": 8.0505697207895,
    "desert": 3.8347168925921,
    "swamp": 11.759516077037,
    "marsh": 10.913225187638,
    "arctic": 15.662389424956
  },
  "river": {
    "savannah": 0.5014995479304,
    "grassland": 0.41994184553373,
    "tundra": 0.44350532703085,
    "plains": 0.44311312461965,
    "prairie": 0.41843299280263,
    "desert": 0.48791068197947,
    "swamp": 0.39481294443905,
    "marsh": 0.37189053911517,
    "arctic": 0.01297339257106
  },
  "river_side": {
    "savannah": 0.3122367521556,
    "grassland": 0.26316201851715,
    "tundra": 0.26759327477876,
    "plains": 0.27472349139805,
    "prairie": 0.26067106243692,
    "desert": 0.30449188881226,
    "swamp": 0.25221477668792,
    "marsh": 0.23464514311546,
    "arctic": 0.0046410226765983
  },
  "wet": {
    "marsh": {
      "with_swamp_adjacent": 0.29770897346026,
      "with_marsh_adjacent": 0.38373548044733,
      "with_swamp_or_marsh_adjacent": 0.60501575613048,
      "with_river_adjacent": 0.44644553488951,
      "with_ocean_adjacent": 0.75379162599336,
      "with_river_or_ocean_adjacent": 0.92008595444153,
      "with_any_adjacent": 0.97123932939812,
      "with_river": 0.11395514907723,
      "count": 152639,
      "density": 0.055386362687983
    },
    "swamp": {
      "with_swamp_adjacent": 0.72123487963053,
      "with_marsh_adjacent": 0.7549232246717,
      "with_swamp_or_marsh_adjacent": 0.83177408738252,
      "with_river_adjacent": 0.47296407799467,
      "with_ocean_adjacent": 0.75988691420371,
      "with_river_or_ocean_adjacent": 0.92573349303465,
      "with_any_adjacent": 0.98693254777551,
      "with_river": 0.11957096457436,
      "count": 185346,
      "density": 0.067254376527408
    }
  },
  "wetness": {
    "savannah": 0.20835219698896,
    "grassland": 0.4371560093967,
    "tundra": 0.12017230110358,
    "plains": 0.24539817629319,
    "prairie": 0.39790843012472,
    "desert": 0.18738249700057,
    "swamp": 0.55427935455255,
    "marsh": 0.5435909925278,
    "arctic": 0.67926392732981
  },
  "wetness_normalized": {
    "savannah": 0.61865965983089,
    "grassland": 1.2980462504109,
    "tundra": 0.35682731450042,
    "plains": 0.72866019395373,
    "prairie": 1.1815085109846,
    "desert": 0.556394381859,
    "swamp": 1.645820307606,
    "marsh": 1.6140833808544,
    "arctic": 1.0
  },
  "wetness_zero_sum": {
    "savannah": -0.38134034016911,
    "grassland": 0.29804625041089,
    "tundra": -0.64317268549958,
    "plains": -0.27133980604627,
    "prairie": 0.18150851098464,
    "desert": -0.443605618141,
    "swamp": 0.64582030760604,
    "marsh": 0.6140833808544,
    "arctic": 0
  }
}