{
  "general": {
    "biome": {
      "savannah": {
        "adjacency_avg": 3.292844130542,
        "adjacency_baseline": 1155950.0077316,
        "adjacency_count": 1249012,
        "adjacency_relative": 1.0805069351148,
        "count": 379311,
        "density": 0.13794782646645
      },
      "grassland": {
        "adjacency_avg": 1.2096969631837,
        "adjacency_baseline": 404935.49888649,
        "adjacency_count": 450248,
        "adjacency_relative": 1.1119005403036,
        "count": 372199,
        "density": 0.1353613342692
      },
      "tundra": {
        "adjacency_avg": 2.2347373797388,
        "adjacency_baseline": 259649.06812555,
        "adjacency_count": 428788,
        "adjacency_relative": 1.6514135910269,
        "count": 191874,
        "density": 0.069780737324843
      },
      "plains": {
        "adjacency_avg": 2.8958330905452,
        "adjacency_baseline": 1562042.3732709,
        "adjacency_count": 1739414,
        "adjacency_relative": 1.1135510980779,
        "count": 600661,
        "density": 0.21844839562566
      },
      "prairie": {
        "adjacency_avg": 1.8383701021841,
        "adjacency_baseline": 959582.37324002,
        "adjacency_count": 1049042,
        "adjacency_relative": 1.0932276678425,
        "count": 570637,
        "density": 0.20752926714842
      },
      "desert": {
        "adjacency_avg": 1.2420201422317,
        "adjacency_baseline": 240763.35348237,
        "adjacency_count": 285374,
        "adjacency_relative": 1.1852883583502,
        "count": 229766,
        "density": 0.083561300083283
      },
      "swamp": {
        "adjacency_avg": 1.1437461766505,
        "adjacency_baseline": 183294.22508009,
        "adjacency_count": 194446,
        "adjacency_relative": 1.0608408416307,
        "count": 170008,
        "density": 0.061828510330331
      },
      "marsh": {
        "adjacency_avg": 0.40935815562564,
        "adjacency_baseline": 38673.70826641,
        "adjacency_count": 46858,
        "adjacency_relative": 1.2116241782973,
        "count": 114467,
        "density": 0.041629359159463
      },
      "arctic": {
        "adjacency_avg": 1.3252668803366,
        "adjacency_baseline": 178638.53904124,
        "adjacency_count": 160022,
        "adjacency_relative": 0.8957865467264,
        "count": 120747,
        "density": 0.043913269592351
      }
    },
    "results": {
      "savannah": 1.0805069351148,
      "grassland": 1.1119005403036,
      "tundra": 1.6514135910269,
      "plains": 1.1135510980779,
      "prairie": 1.0932276678425,
      "desert": 1.1852883583502,
      "swamp": 1.0608408416307,
      "marsh": 1.2116241782973,
      "arctic": 0.8957865467264
    }
  },
  "ocean": {
    "savannah": 0.30433865614232,
    "grassland": 0.51765319090057,
    "tundra": 0.22985396666562,
    "plains": 0.36819437253293,
    "prairie": 0.49294735532396,
    "desert": 0.29444304205148,
    "swamp": 0.63594654369206,
    "marsh": 0.62807621410538,
    "arctic": 0.90383197926242
  },
  "ocean_normalized": {
    "savannah": 5.0243120083192,
    "grassland": 8.5459112429353,
    "tundra": 3.7946479080786,
    "plains": 6.0785029110717,
    "prairie": 8.1380438101993,
    "desert": 4.8609457986614,
    "swamp": 10.498810425932,
    "marsh": 10.368879539225,
    "arctic": 14.921317996448
  },
  "ocean_side": {
    "savannah": 0.17616415026192,
    "grassland": 0.41869000185385,
    "tundra": 0.085316405557814,
    "plains": 0.24566602459624,
    "prairie": 0.38548324065912,
    "desert": 0.16551186859675,
    "swamp": 0.55819726130535,
    "marsh": 0.54387727467305,
    "arctic": 0.69982691081352
  },
  "ocean_side_normalized": {
    "savannah": 3.9755180624302,
    "grassland": 9.4486288070194,
    "tundra": 1.9253458255407,
    "plains": 5.5439754152912,
    "prairie": 8.6992477398264,
    "desert": 3.7351267109376,
    "swamp": 12.596906302554,
    "marsh": 12.273745401623,
    "arctic": 15.793080035735
  },
  "river": {
    "savannah": 0.44374405171482,
    "grassland": 0.36035292948127,
    "tundra": 0.40974806383356,
    "plains": 0.37660510670744,
    "prairie": 0.35395706902987,
    "desert": 0.42987213077653,
    "swamp": 0.34171333113736,
    "marsh": 0.31318196510785,
    "arctic": 0.010931948619841
  },
  "river_side": {
    "savannah": 0.27368570908832,
    "grassland": 0.22586573311589,
    "tundra": 0.24877784379332,
    "plains": 0.23257378121769,
    "prairie": 0.22023633237943,
    "desert": 0.26607505026853,
    "swamp": 0.22012493529716,
    "marsh": 0.19937623944019,
    "arctic": 0.0039752540435787
  },
  "wet": {
    "marsh": {
      "with_swamp_adjacent": 0.31452733102117,
      "with_marsh_adjacent": 0.38142870871081,
      "with_swamp_or_marsh_adjacent": 0.55276193138634,
      "with_river_adjacent": 0.37962032725589,
      "with_ocean_adjacent": 0.77765644246813,
      "with_river_or_ocean_adjacent": 0.90830545047918,
      "with_any_adjacent": 0.96306359037976,
      "with_river": 0.09056758716486,
      "count": 114467,
      "density": 0.041629359159463
    },
    "swamp": {
      "with_swamp_adjacent": 0.69129688014682,
      "with_marsh_adjacent": 0.72451884617194,
      "with_swamp_or_marsh_adjacent": 0.79859183097266,
      "with_river_adjacent": 0.41349230624441,
      "with_ocean_adjacent": 0.76760505387982,
      "with_river_or_ocean_adjacent": 0.91004540962778,
      "with_any_adjacent": 0.98138911110065,
      "with_river": 0.10044233212555,
      "count": 170008,
      "density": 0.061828510330331
    }
  },
  "wetness": {
    "savannah": 0.3730796232878,
    "grassland": 0.65039009501086,
    "tundra": 0.250162366912,
    "plains": 0.42748690575442,
    "prairie": 0.60525433226738,
    "desert": 0.34069830426421,
    "swamp": 0.7394763164346,
    "marsh": 0.79734843920304,
    "arctic": 0.97663931194923
  },
  "wetness_normalized": {
    "savannah": 0.71336302646828,
    "grassland": 1.2436065054243,
    "tundra": 0.47833377120987,
    "plains": 0.81739482359585,
    "prairie": 1.1573027185037,
    "desert": 0.65144692519175,
    "swamp": 1.4139476673763,
    "marsh": 1.52460456223,
    "arctic": 1.0
  },
  "wetness_zero_sum": {
    "savannah": -0.28663697353172,
    "grassland": 0.24360650542427,
    "tundra": -0.52166622879013,
    "plains": -0.18260517640415,
    "prairie": 0.15730271850367,
    "desert": -0.34855307480825,
    "swamp": 0.41394766737628,
    "marsh": 0.52460456223003,
    "arctic": 0
  }
}