{
  "general": {
    "biome": {
      "savannah": {
        "adjacency_avg": 3.3747700143882,
        "adjacency_baseline": 1274559.6745844,
        "adjacency_count": 1346324,
        "adjacency_relative": 1.0563051906055,
        "count": 398938,
        "density": 0.14500977968537
      },
      "grassland": {
        "adjacency_avg": 1.043531540131,
        "adjacency_baseline": 307370.71876929,
        "adjacency_count": 323596,
        "adjacency_relative": 1.0527873354224,
        "count": 310097,
        "density": 0.1127170077834
      },
      "tundra": {
        "adjacency_avg": 2.4466948829952,
        "adjacency_baseline": 450103.05686381,
        "adjacency_count": 649184,
        "adjacency_relative": 1.4423008022281,
        "count": 265331,
        "density": 0.096445036205373
      },
      "plains": {
        "adjacency_avg": 2.8802452529559,
        "adjacency_baseline": 1739523.6943702,
        "adjacency_count": 1856488,
        "adjacency_relative": 1.0672392713065,
        "count": 644559,
        "density": 0.23429043757231
      },
      "prairie": {
        "adjacency_avg": 1.6161796309658,
        "adjacency_baseline": 778484.45082128,
        "adjacency_count": 835518,
        "adjacency_relative": 1.0732622843251,
        "count": 516971,
        "density": 0.18791353747631
      },
      "desert": {
        "adjacency_avg": 1.3074694912257,
        "adjacency_baseline": 291545.10176317,
        "adjacency_count": 332666,
        "adjacency_relative": 1.1410447234001,
        "count": 254435,
        "density": 0.092484454462215
      },
      "swamp": {
        "adjacency_avg": 1.0147996887077,
        "adjacency_baseline": 144994.87806872,
        "adjacency_count": 152566,
        "adjacency_relative": 1.0522164784862,
        "count": 150341,
        "density": 0.054647377005144
      },
      "marsh": {
        "adjacency_avg": 0.32558869349831,
        "adjacency_baseline": 25120.164628205,
        "adjacency_count": 29050,
        "adjacency_relative": 1.1564414656496,
        "count": 89223,
        "density": 0.032431624896269
      },
      "arctic": {
        "adjacency_avg": 1.338849656811,
        "adjacency_baseline": 181334.71982227,
        "adjacency_count": 162290,
        "adjacency_relative": 0.89497477459949,
        "count": 121216,
        "density": 0.0440607449136
      }
    },
    "results": {
      "savannah": 1.0563051906055,
      "grassland": 1.0527873354224,
      "tundra": 1.4423008022281,
      "plains": 1.0672392713065,
      "prairie": 1.0732622843251,
      "desert": 1.1410447234001,
      "swamp": 1.0522164784862,
      "marsh": 1.1564414656496,
      "arctic": 0.89497477459949
    }
  },
  "ocean": {
    "savannah": 0.32275441296643,
    "grassland": 0.52964072532143,
    "tundra": 0.2459493990525,
    "plains": 0.39186947975282,
    "prairie": 0.50774221377988,
    "desert": 0.29905083813155,
    "swamp": 0.62597029419786,
    "marsh": 0.65771157661141,
    "arctic": 0.90111866420275
  },
  "ocean_normalized": {
    "savannah": 5.3284467970146,
    "grassland": 8.743993305836,
    "tundra": 4.0604504073668,
    "plains": 6.469487605283,
    "prairie": 8.3824643878872,
    "desert": 4.9371175623626,
    "swamp": 10.334326271448,
    "marsh": 10.858352366259,
    "arctic": 14.876831011759
  },
  "ocean_side": {
    "savannah": 0.19897828735292,
    "grassland": 0.4423422348491,
    "tundra": 0.088809826217065,
    "plains": 0.27156396854283,
    "prairie": 0.40738068479663,
    "desert": 0.16584589384322,
    "swamp": 0.54782793782135,
    "marsh": 0.58576824361431,
    "arctic": 0.6985381467793
  },
  "ocean_side_normalized": {
    "savannah": 4.485271092157,
    "grassland": 9.971061994768,
    "tundra": 2.0019076027344,
    "plains": 6.1214619644212,
    "prairie": 9.1829758579667,
    "desert": 3.7384169062053,
    "swamp": 12.348869043324,
    "marsh": 13.204100833006,
    "arctic": 15.74610475444
  },
  "river": {
    "savannah": 0.37360441973439,
    "grassland": 0.30216674137447,
    "tundra": 0.3297240051106,
    "plains": 0.29839781928419,
    "prairie": 0.2872927108097,
    "desert": 0.3538271071197,
    "swamp": 0.29254162204588,
    "marsh": 0.25704134584132,
    "arctic": 0.0088354672650475
  },
  "river_side": {
    "savannah": 0.23028641041966,
    "grassland": 0.19010180685398,
    "tundra": 0.19844646875035,
    "plains": 0.18269700679069,
    "prairie": 0.17835429840359,
    "desert": 0.21547743038497,
    "swamp": 0.18570449844021,
    "marsh": 0.16550665187228,
    "arctic": 0.0033081441393875
  },
  "wet": {
    "marsh": {
      "with_swamp_adjacent": 0.32119520751376,
      "with_marsh_adjacent": 0.3759904957242,
      "with_swamp_or_marsh_adjacent": 0.51512502381673,
      "with_river_adjacent": 0.31572576577788,
      "with_ocean_adjacent": 0.7854476984634,
      "with_river_or_ocean_adjacent": 0.89323380742634,
      "with_any_adjacent": 0.95440637503783,
      "with_river": 0.072201114062518,
      "count": 89223,
      "density": 0.032431624896269
    },
    "swamp": {
      "with_swamp_adjacent": 0.64676302538895,
      "with_marsh_adjacent": 0.67747986244604,
      "with_swamp_or_marsh_adjacent": 0.75102600089131,
      "with_river_adjacent": 0.3568820215377,
      "with_ocean_adjacent": 0.755642173459,
      "with_river_or_ocean_adjacent": 0.88428306316973,
      "with_any_adjacent": 0.97323418096195,
      "with_river": 0.085020054409642,
      "count": 150341,
      "density": 0.054647377005144
    }
  },
  "wetness": {
    "savannah": 0.23008198605263,
    "grassland": 0.48751060060047,
    "tundra": 0.11853853594054,
    "plains": 0.29775494395454,
    "prairie": 0.44712710042614,
    "desert": 0.19196296288403,
    "swamp": 0.57059716130198,
    "marsh": 0.64542579647351,
    "arctic": 0.67922777083149
  },
  "wetness_normalized": {
    "savannah": 0.61581012053039,
    "grassland": 1.3048129793479,
    "tundra": 0.31726616827943,
    "plains": 0.7969355231627,
    "prairie": 1.1967272985154,
    "desert": 0.51378526993393,
    "swamp": 1.5271926007945,
    "marsh": 1.7274700394357,
    "arctic": 1.0
  },
  "wetness_zero_sum": {
    "savannah": -0.38418987946961,
    "grassland": 0.30481297934793,
    "tundra": -0.68273383172057,
    "plains": -0.2030644768373,
    "prairie": 0.19672729851542,
    "desert": -0.48621473006607,
    "swamp": 0.52719260079449,
    "marsh": 0.72747003943571,
    "arctic": 0
  }
}