{
  "general": {
    "biome": {
      "savannah": {
        "adjacency_avg": 3.3747700143882,
        "adjacency_baseline": 1274559.6745844,
        "adjacency_count": 1346324,
        "adjacency_relative": 1.0563051906055,
        "count": 398938,
        "density": 0.14500977968537
      },
      "grassland": {
        "adjacency_avg": 1.043531540131,
        "adjacency_baseline": 307370.71876929,
        "adjacency_count": 323596,
        "adjacency_relative": 1.0527873354224,
        "count": 310097,
        "density": 0.1127170077834
      },
      "tundra": {
        "adjacency_avg": 2.4466948829952,
        "adjacency_baseline": 450103.05686381,
        "adjacency_count": 649184,
        "adjacency_relative": 1.4423008022281,
        "count": 265331,
        "density": 0.096445036205373
      },
      "plains": {
        "adjacency_avg": 2.8802452529559,
        "adjacency_baseline": 1739523.6943702,
        "adjacency_count": 1856488,
        "adjacency_relative": 1.0672392713065,
        "count": 644559,
        "density": 0.23429043757231
      },
      "prairie": {
        "adjacency_avg": 1.6161796309658,
        "adjacency_baseline": 778484.45082128,
        "adjacency_count": 835518,
        "adjacency_relative": 1.0732622843251,
        "count": 516971,
        "density": 0.18791353747631
      },
      "desert": {
        "adjacency_avg": 1.3074694912257,
        "adjacency_baseline": 291545.10176317,
        "adjacency_count": 332666,
        "adjacency_relative": 1.1410447234001,
        "count": 254435,
        "density": 0.092484454462215
      },
      "swamp": {
        "adjacency_avg": 1.0147996887077,
        "adjacency_baseline": 144994.87806872,
        "adjacency_count": 152566,
        "adjacency_relative": 1.0522164784862,
        "count": 150341,
        "density": 0.054647377005144
      },
      "marsh": {
        "adjacency_avg": 0.32558869349831,
        "adjacency_baseline": 25120.164628205,
        "adjacency_count": 29050,
        "adjacency_relative": 1.1564414656496,
        "count": 89223,
        "density": 0.032431624896269
      },
      "arctic": {
        "adjacency_avg": 1.338849656811,
        "adjacency_baseline": 181334.71982227,
        "adjacency_count": 162290,
        "adjacency_relative": 0.89497477459949,
        "count": 121216,
        "density": 0.0440607449136
      }
    },
    "results": {
      "savannah": 1.0563051906055,
      "grassland": 1.0527873354224,
      "tundra": 1.4423008022281,
      "plains": 1.0672392713065,
      "prairie": 1.0732622843251,
      "desert": 1.1410447234001,
      "swamp": 1.0522164784862,
      "marsh": 1.1564414656496,
      "arctic": 0.89497477459949
    }
  },
  "wet": {
    "marsh": {
      "count": 89223,
      "density": 0.032431624896269,
      "with_any_adjacent": 0.95440637503783,
      "with_marsh_adjacent": 0.3759904957242,
      "with_ocean_adjacent": 0.7854476984634,
      "with_river_adjacent": 0.31572576577788,
      "with_river_or_ocean_adjacent": 0.89323380742634,
      "with_swamp_adjacent": 0.32119520751376,
      "with_swamp_or_marsh_adjacent": 0.3759904957242
    },
    "swamp": {
      "count": 150341,
      "density": 0.054647377005144,
      "with_any_adjacent": 0.97323418096195,
      "with_marsh_adjacent": 0.67747986244604,
      "with_ocean_adjacent": 0.755642173459,
      "with_river_adjacent": 0.3568820215377,
      "with_river_or_ocean_adjacent": 0.88428306316973,
      "with_swamp_adjacent": 0.64676302538895,
      "with_swamp_or_marsh_adjacent": 0.67747986244604
    }
  }
}