{
  "general": {
    "biome": {
      "savannah": {
        "adjacency_avg": 2.8632216462709,
        "adjacency_baseline": 736075.70895496,
        "adjacency_count": 803692,
        "adjacency_relative": 1.0918605113882,
        "count": 280695,
        "density": 0.10198616785689
      },
      "grassland": {
        "adjacency_avg": 1.4596898994448,
        "adjacency_baseline": 544635.94118494,
        "adjacency_count": 638572,
        "adjacency_relative": 1.1724749538392,
        "count": 437471,
        "density": 0.15894829205551
      },
      "tundra": {
        "adjacency_avg": 2.3249185080246,
        "adjacency_baseline": 173339.61174627,
        "adjacency_count": 354478,
        "adjacency_relative": 2.0449913117313,
        "count": 152469,
        "density": 0.05539724265474
      },
      "plains": {
        "adjacency_avg": 2.9895582329317,
        "adjacency_baseline": 1506480.8468038,
        "adjacency_count": 1816336,
        "adjacency_relative": 1.205681442186,
        "count": 607560,
        "density": 0.22074748799634
      },
      "prairie": {
        "adjacency_avg": 2.1522102366817,
        "adjacency_baseline": 1277913.188357,
        "adjacency_count": 1443920,
        "adjacency_relative": 1.1299046078837,
        "count": 670901,
        "density": 0.24376145638987
      },
      "desert": {
        "adjacency_avg": 1.1563772410953,
        "adjacency_baseline": 180925.11655571,
        "adjacency_count": 227486,
        "adjacency_relative": 1.2573489205406,
        "count": 196723,
        "density": 0.071476246100967
      },
      "swamp": {
        "adjacency_avg": 1.1116231547053,
        "adjacency_baseline": 147093.23750934,
        "adjacency_count": 157756,
        "adjacency_relative": 1.0724898212264,
        "count": 141915,
        "density": 0.05156261070347
      },
      "marsh": {
        "adjacency_avg": 0.5595387489891,
        "adjacency_baseline": 61796.528061242,
        "adjacency_count": 80258,
        "adjacency_relative": 1.2987461030248,
        "count": 143436,
        "density": 0.052115242425839
      },
      "arctic": {
        "adjacency_avg": 1.3383148247533,
        "adjacency_baseline": 181229.65857988,
        "adjacency_count": 162090,
        "adjacency_relative": 0.89439003124621,
        "count": 121115,
        "density": 0.044005253816374
      }
    },
    "results": {
      "savannah": 1.0918605113882,
      "grassland": 1.1724749538392,
      "tundra": 2.0449913117313,
      "plains": 1.205681442186,
      "prairie": 1.1299046078837,
      "desert": 1.2573489205406,
      "swamp": 1.0724898212264,
      "marsh": 1.2987461030248,
      "arctic": 0.89439003124621
    }
  },
  "ocean": {
    "savannah": 0.30328292274533,
    "grassland": 0.50094520551077,
    "tundra": 0.20865225062144,
    "plains": 0.35538053854763,
    "prairie": 0.48239606141592,
    "desert": 0.29273140405545,
    "swamp": 0.60750449212557,
    "marsh": 0.5854597172258,
    "arctic": 0.90045824216654
  },
  "ocean_normalized": {
    "savannah": 5.0026750518618,
    "grassland": 8.2631295533342,
    "tundra": 3.4417348634404,
    "plains": 5.8620292168654,
    "prairie": 7.9571600000316,
    "desert": 4.8286269424882,
    "swamp": 10.020833151897,
    "marsh": 9.65720290059,
    "arctic": 14.853127708455
  },
  "ocean_side": {
    "savannah": 0.17806515969291,
    "grassland": 0.39410612360591,
    "tundra": 0.088135948946999,
    "plains": 0.23483606557377,
    "prairie": 0.36941665014659,
    "desert": 0.16755031185982,
    "swamp": 0.52239016312581,
    "marsh": 0.48847569647787,
    "arctic": 0.69628865128184
  },
  "ocean_side_normalized": {
    "savannah": 4.0111947903488,
    "grassland": 8.8778536608674,
    "tundra": 1.9853993890122,
    "plains": 5.2900477804871,
    "prairie": 8.3216848545312,
    "desert": 3.7743314818717,
    "swamp": 11.76765126021,
    "marsh": 11.003675128269,
    "arctic": 15.684985290876
  },
  "river": {
    "savannah": 0.5061757423538,
    "grassland": 0.42375608897504,
    "tundra": 0.4479271196112,
    "plains": 0.44028902495227,
    "prairie": 0.41580203338496,
    "desert": 0.49315026712687,
    "swamp": 0.40094422717824,
    "marsh": 0.37723444602471,
    "arctic": 0.012252817570078
  },
  "river_side": {
    "savannah": 0.31428775004899,
    "grassland": 0.26613192645913,
    "tundra": 0.27030412739639,
    "plains": 0.27309566133386,
    "prairie": 0.25944364369706,
    "desert": 0.3078694407873,
    "swamp": 0.25511045344044,
    "marsh": 0.23714409213865,
    "arctic": 0.0045576518185196
  },
  "wet": {
    "marsh": {
      "with_swamp_adjacent": 0.27978331799548,
      "with_marsh_adjacent": 0.36854764494269,
      "with_swamp_or_marsh_adjacent": 0.59402102679941,
      "with_river_adjacent": 0.45186006302462,
      "with_ocean_adjacent": 0.75382749100644,
      "with_river_or_ocean_adjacent": 0.92049415767311,
      "with_any_adjacent": 0.97119969882038,
      "with_river": 0.11541035723249,
      "count": 143436,
      "density": 0.052115242425839
    },
    "swamp": {
      "with_swamp_adjacent": 0.68244371630906,
      "with_marsh_adjacent": 0.72378536447874,
      "with_swamp_or_marsh_adjacent": 0.81299369340803,
      "with_river_adjacent": 0.48045661135187,
      "with_ocean_adjacent": 0.75660078215833,
      "with_river_or_ocean_adjacent": 0.92575837649297,
      "with_any_adjacent": 0.98559701229609,
      "with_river": 0.12238311665434,
      "count": 141915,
      "density": 0.05156261070347
    }
  },
  "wetness": {
    "savannah": 0.20686487532905,
    "grassland": 0.44119437143734,
    "tundra": 0.10671874553408,
    "plains": 0.2554078715108,
    "prairie": 0.41101662092644,
    "desert": 0.18488812167263,
    "swamp": 0.55186297102213,
    "marsh": 0.54701624234535,
    "arctic": 0.67797769806258
  },
  "wetness_normalized": {
    "savannah": 0.61180682702344,
    "grassland": 1.3048407955208,
    "tundra": 0.31562273191749,
    "plains": 0.75537366707264,
    "prairie": 1.2155895209513,
    "desert": 0.54681015757232,
    "swamp": 1.6321452963714,
    "marsh": 1.6178110035705,
    "arctic": 1.0
  },
  "wetness_zero_sum": {
    "savannah": -0.38819317297656,
    "grassland": 0.30484079552083,
    "tundra": -0.68437726808251,
    "plains": -0.24462633292736,
    "prairie": 0.21558952095132,
    "desert": -0.45318984242768,
    "swamp": 0.63214529637143,
    "marsh": 0.61781100357054,
    "arctic": 0
  }
}