{
  "general": {
    "biome": {
      "savannah": {
        "adjacency_avg": 2.8632216462709,
        "adjacency_baseline": 850719.7225493,
        "adjacency_count": 803692,
        "adjacency_relative": 0.94472007489332,
        "count": 280695,
        "density": 0.10198616785689
      },
      "grassland": {
        "adjacency_avg": 1.4596898994448,
        "adjacency_baseline": 699634.04541067,
        "adjacency_count": 638572,
        "adjacency_relative": 0.91272287875181,
        "count": 437471,
        "density": 0.15894829205551
      },
      "tundra": {
        "adjacency_avg": 2.3249185080246,
        "adjacency_baseline": 198738.40405517,
        "adjacency_count": 354478,
        "adjacency_relative": 1.7836411723503,
        "count": 152469,
        "density": 0.05539724265474
      },
      "plains": {
        "adjacency_avg": 2.9895582329317,
        "adjacency_baseline": 1801074.9900684,
        "adjacency_count": 1816336,
        "adjacency_relative": 1.0084732784674,
        "count": 607560,
        "density": 0.22074748799634
      },
      "prairie": {
        "adjacency_avg": 2.1522102366817,
        "adjacency_baseline": 1650832.4438448,
        "adjacency_count": 1443920,
        "adjacency_relative": 0.87466175345883,
        "count": 670901,
        "density": 0.24376145638987
      },
      "desert": {
        "adjacency_avg": 1.1563772410953,
        "adjacency_baseline": 206415.70907592,
        "adjacency_count": 227486,
        "adjacency_relative": 1.1020769737846,
        "count": 196723,
        "density": 0.071476246100967
      },
      "swamp": {
        "adjacency_avg": 1.1116231547053,
        "adjacency_baseline": 202889.43682882,
        "adjacency_count": 157756,
        "adjacency_relative": 0.77754664050399,
        "count": 141915,
        "density": 0.05156261070347
      },
      "marsh": {
        "adjacency_avg": 0.5595387489891,
        "adjacency_baseline": 84451.195650853,
        "adjacency_count": 80258,
        "adjacency_relative": 0.95034770533991,
        "count": 143436,
        "density": 0.052115242425839
      },
      "arctic": {
        "adjacency_avg": 1.3383148247533,
        "adjacency_baseline": 937984.19881657,
        "adjacency_count": 162090,
        "adjacency_relative": 0.17280674898842,
        "count": 121115,
        "density": 0.044005253816374
      }
    },
    "results": {
      "savannah": 0.94472007489332,
      "grassland": 0.91272287875181,
      "tundra": 1.7836411723503,
      "plains": 1.0084732784674,
      "prairie": 0.87466175345883,
      "desert": 1.1020769737846,
      "swamp": 0.77754664050399,
      "marsh": 0.95034770533991,
      "arctic": 0.17280674898842
    }
  },
  "wet": {
    "marsh": {
      "count": 143436,
      "density": 0.052115242425839,
      "with_any_adjacent": 0.97119969882038,
      "with_marsh_adjacent": 0.36854764494269,
      "with_ocean_adjacent": 0.75382749100644,
      "with_river_adjacent": 0.45186006302462,
      "with_river_or_ocean_adjacent": 0.92049415767311,
      "with_swamp_adjacent": 0.27978331799548,
      "with_swamp_or_marsh_adjacent": 0.36854764494269
    },
    "swamp": {
      "count": 141915,
      "density": 0.05156261070347,
      "with_any_adjacent": 0.98559701229609,
      "with_marsh_adjacent": 0.72378536447874,
      "with_ocean_adjacent": 0.75660078215833,
      "with_river_adjacent": 0.48045661135187,
      "with_river_or_ocean_adjacent": 0.92575837649297,
      "with_swamp_adjacent": 0.68244371630906,
      "with_swamp_or_marsh_adjacent": 0.72378536447874
    }
  }
}