{
  "general": {
    "biome": {
      "savannah": {
        "adjacency_avg": 2.8993638140762,
        "adjacency_baseline": 777878.62433827,
        "adjacency_count": 839476,
        "adjacency_relative": 1.0791863585583,
        "count": 289538,
        "density": 0.10547206122187
      },
      "grassland": {
        "adjacency_avg": 1.2215968337548,
        "adjacency_baseline": 382361.76896328,
        "adjacency_count": 424092,
        "adjacency_relative": 1.1091380844635,
        "count": 347162,
        "density": 0.1264631644824
      },
      "tundra": {
        "adjacency_avg": 2.5590215792549,
        "adjacency_baseline": 376056.24873265,
        "adjacency_count": 635034,
        "adjacency_relative": 1.6886675919896,
        "count": 248155,
        "density": 0.090397182243823
      },
      "plains": {
        "adjacency_avg": 3.050108540417,
        "adjacency_baseline": 1931530.8931823,
        "adjacency_count": 2135686,
        "adjacency_relative": 1.1056960090767,
        "count": 700200,
        "density": 0.25506682116872
      },
      "prairie": {
        "adjacency_avg": 1.8218788489531,
        "adjacency_baseline": 937903.07909421,
        "adjacency_count": 1057628,
        "adjacency_relative": 1.1276516983198,
        "count": 580515,
        "density": 0.21146831718189
      },
      "desert": {
        "adjacency_avg": 1.213897498091,
        "adjacency_baseline": 229797.20042846,
        "adjacency_count": 270250,
        "adjacency_relative": 1.1760369556118,
        "count": 222630,
        "density": 0.081099009421298
      },
      "swamp": {
        "adjacency_avg": 1.0156567412042,
        "adjacency_baseline": 124483.07686097,
        "adjacency_count": 131492,
        "adjacency_relative": 1.0563042247651,
        "count": 129465,
        "density": 0.047161133965451
      },
      "marsh": {
        "adjacency_avg": 0.41893435273019,
        "adjacency_baseline": 36157.469056741,
        "adjacency_count": 44384,
        "adjacency_relative": 1.2275195459713,
        "count": 105945,
        "density": 0.038593336716253
      },
      "arctic": {
        "adjacency_avg": 1.3448454583597,
        "adjacency_baseline": 183299.31042156,
        "adjacency_count": 163470,
        "adjacency_relative": 0.89182004899007,
        "count": 121553,
        "density": 0.044278973598289
      }
    },
    "results": {
      "savannah": 1.0791863585583,
      "grassland": 1.1091380844635,
      "tundra": 1.6886675919896,
      "plains": 1.1056960090767,
      "prairie": 1.1276516983198,
      "desert": 1.1760369556118,
      "swamp": 1.0563042247651,
      "marsh": 1.2275195459713,
      "arctic": 0.89182004899007
    }
  },
  "land_wetness": 484.39299397014,
  "ocean": {
    "savannah": 0.30528289896318,
    "grassland": 0.52268105380197,
    "tundra": 0.21907678668574,
    "plains": 0.38108540417024,
    "prairie": 0.50433494397216,
    "desert": 0.29319947895612,
    "swamp": 0.63528366740046,
    "marsh": 0.63314927556751,
    "arctic": 0.89736987157865
  },
  "ocean_normalized": {
    "savannah": 5.0564455314812,
    "grassland": 8.6572431271548,
    "tundra": 3.62860102171,
    "plains": 6.3119735680371,
    "prairie": 8.3533738132035,
    "desert": 4.8563060696665,
    "swamp": 10.522296768538,
    "marsh": 10.486944522857,
    "arctic": 14.86326909447
  },
  "ocean_side": {
    "savannah": 0.17801463020398,
    "grassland": 0.4259567579401,
    "tundra": 0.077701436602124,
    "plains": 0.25985432733505,
    "prairie": 0.39934196360129,
    "desert": 0.16570093877734,
    "swamp": 0.55718533966709,
    "marsh": 0.55010618717259,
    "arctic": 0.69433086801642
  },
  "ocean_side_normalized": {
    "savannah": 4.0266649672517,
    "grassland": 9.6350797279758,
    "tundra": 1.7575951612088,
    "plains": 5.8778669779546,
    "prairie": 9.0330569624767,
    "desert": 3.7481310634463,
    "swamp": 12.603451103613,
    "marsh": 12.443321706862,
    "arctic": 15.705662948711
  },
  "river": {
    "savannah": 0.44949194924328,
    "grassland": 0.36294870982423,
    "tundra": 0.41144446011565,
    "plains": 0.37562553556127,
    "prairie": 0.35372729386838,
    "desert": 0.43133000943269,
    "swamp": 0.34808635538563,
    "marsh": 0.31213365425457,
    "arctic": 0.011525836466397
  },
  "river_side": {
    "savannah": 0.27772865737831,
    "grassland": 0.22848698878333,
    "tundra": 0.24913461344724,
    "plains": 0.2314195944016,
    "prairie": 0.22019069274696,
    "desert": 0.26673853478866,
    "swamp": 0.22272428841772,
    "marsh": 0.19879182594743,
    "arctic": 0.0039488947208214
  },
  "wet": {
    "marsh": {
      "with_swamp_adjacent": 0.29565340506867,
      "with_marsh_adjacent": 0.36628439284534,
      "with_swamp_or_marsh_adjacent": 0.54218698381236,
      "with_river_adjacent": 0.37994242295531,
      "with_ocean_adjacent": 0.78031053848695,
      "with_river_or_ocean_adjacent": 0.91097267450092,
      "with_any_adjacent": 0.96349992920855,
      "with_river": 0.089914578318939,
      "count": 105945,
      "density": 0.038593336716253
    },
    "swamp": {
      "with_swamp_adjacent": 0.65055420383888,
      "with_marsh_adjacent": 0.68922874908276,
      "with_swamp_or_marsh_adjacent": 0.77488896612984,
      "with_river_adjacent": 0.42000540686672,
      "with_ocean_adjacent": 0.7665083227127,
      "with_river_or_ocean_adjacent": 0.91079442320318,
      "with_any_adjacent": 0.97977831846445,
      "with_river": 0.10252964121577,
      "count": 129465,
      "density": 0.047161133965451
    }
  },
  "wetness": {
    "savannah": 0.20899752479063,
    "grassland": 0.47725913811741,
    "tundra": 0.097262859166603,
    "plains": 0.28261388242005,
    "prairie": 0.44191415145741,
    "desert": 0.1870928508318,
    "swamp": 0.58040208180723,
    "marsh": 0.61438722322822,
    "arctic": 0.67576477353435
  },
  "wetness_normalized": {
    "savannah": 0.57855393212053,
    "grassland": 1.3211646945336,
    "tundra": 0.26924629694297,
    "plains": 0.78234119332163,
    "prairie": 1.2233215213506,
    "desert": 0.51791668168708,
    "swamp": 1.6066884379464,
    "marsh": 1.7007672420972,
    "arctic": 1.0
  },
  "wetness_zero_sum": {
    "savannah": -0.42144606787947,
    "grassland": 0.32116469453356,
    "tundra": -0.73075370305703,
    "plains": -0.21765880667837,
    "prairie": 0.22332152135064,
    "desert": -0.48208331831292,
    "swamp": 0.60668843794637,
    "marsh": 0.70076724209721,
    "arctic": 0
  }
}