{
  "general": {
    "biome": {
      "savannah": {
        "adjacency_avg": 2.9818164116378,
        "adjacency_baseline": 1023215.2372343,
        "adjacency_count": 918802,
        "adjacency_relative": 0.89795574436855,
        "count": 308135,
        "density": 0.11223654634814
      },
      "grassland": {
        "adjacency_avg": 1.0798044144485,
        "adjacency_baseline": 383516.64841499,
        "adjacency_count": 313586,
        "adjacency_relative": 0.81765941920903,
        "count": 290410,
        "density": 0.10578030871197
      },
      "tundra": {
        "adjacency_avg": 2.7607024464432,
        "adjacency_baseline": 720667.17762568,
        "adjacency_count": 929396,
        "adjacency_relative": 1.2896327581645,
        "count": 336652,
        "density": 0.12262371298682
      },
      "plains": {
        "adjacency_avg": 2.9699803830037,
        "adjacency_baseline": 2512571.5503656,
        "adjacency_count": 2169538,
        "adjacency_relative": 0.86347312166466,
        "count": 730489,
        "density": 0.2660767602035
      },
      "prairie": {
        "adjacency_avg": 1.5736824528976,
        "adjacency_baseline": 965244.46445324,
        "adjacency_count": 810522,
        "adjacency_relative": 0.83970644727719,
        "count": 515048,
        "density": 0.18760351379595
      },
      "desert": {
        "adjacency_avg": 1.2701018748533,
        "adjacency_baseline": 318195.75236318,
        "adjacency_count": 313926,
        "adjacency_relative": 0.9865813659313,
        "count": 247166,
        "density": 0.090028910103311
      },
      "swamp": {
        "adjacency_avg": 0.88731811659903,
        "adjacency_baseline": 132751.67125609,
        "adjacency_count": 100802,
        "adjacency_relative": 0.75932754025781,
        "count": 113603,
        "density": 0.0413792927606
      },
      "marsh": {
        "adjacency_avg": 0.33268315140354,
        "adjacency_baseline": 33495.787890848,
        "adjacency_count": 27460,
        "adjacency_relative": 0.81980457033832,
        "count": 82541,
        "density": 0.030065123313228
      },
      "arctic": {
        "adjacency_avg": 1.3410017880244,
        "adjacency_baseline": 938952.67428542,
        "adjacency_count": 162748,
        "adjacency_relative": 0.17332928959796,
        "count": 121363,
        "density": 0.044205831776491
      }
    },
    "results": {
      "savannah": 0.89795574436855,
      "grassland": 0.81765941920903,
      "tundra": 1.2896327581645,
      "plains": 0.86347312166466,
      "prairie": 0.83970644727719,
      "desert": 0.9865813659313,
      "swamp": 0.75932754025781,
      "marsh": 0.81980457033832,
      "arctic": 0.17332928959796
    }
  },
  "wet": {
    "marsh": {
      "count": 82541,
      "density": 0.030065123313228,
      "with_any_adjacent": 0.95398650367696,
      "with_marsh_adjacent": 0.35868235180092,
      "with_ocean_adjacent": 0.78643340885136,
      "with_river_adjacent": 0.31604899383337,
      "with_river_or_ocean_adjacent": 0.8927805575411,
      "with_swamp_adjacent": 0.3017894137459,
      "with_swamp_or_marsh_adjacent": 0.35868235180092
    },
    "swamp": {
      "count": 113603,
      "density": 0.0413792927606,
      "with_any_adjacent": 0.96949904491959,
      "with_marsh_adjacent": 0.63578426626057,
      "with_ocean_adjacent": 0.751203753422,
      "with_river_adjacent": 0.3569712067463,
      "with_river_or_ocean_adjacent": 0.88224782796229,
      "with_swamp_adjacent": 0.5987341883577,
      "with_swamp_or_marsh_adjacent": 0.63578426626057
    }
  }
}