{
  "general": {
    "biome": {
      "savannah": {
        "adjacency_avg": 2.9818164116378,
        "adjacency_baseline": 871923.45896704,
        "adjacency_count": 918802,
        "adjacency_relative": 1.0537645140188,
        "count": 308135,
        "density": 0.11223654634814
      },
      "grassland": {
        "adjacency_avg": 1.0798044144485,
        "adjacency_baseline": 297927.14048021,
        "adjacency_count": 313586,
        "adjacency_relative": 1.0525593589579,
        "count": 290410,
        "density": 0.10578030871197
      },
      "tundra": {
        "adjacency_avg": 2.7607024464432,
        "adjacency_baseline": 641323.84339538,
        "adjacency_count": 929396,
        "adjacency_relative": 1.4491836060226,
        "count": 336652,
        "density": 0.12262371298682
      },
      "plains": {
        "adjacency_avg": 2.9699803830037,
        "adjacency_baseline": 2031081.1509193,
        "adjacency_count": 2169538,
        "adjacency_relative": 1.0681690384542,
        "count": 730489,
        "density": 0.2660767602035
      },
      "prairie": {
        "adjacency_avg": 1.5736824528976,
        "adjacency_baseline": 743040.47015506,
        "adjacency_count": 810522,
        "adjacency_relative": 1.0908181082396,
        "count": 515048,
        "density": 0.18760351379595
      },
      "desert": {
        "adjacency_avg": 1.2701018748533,
        "adjacency_baseline": 276591.95511776,
        "adjacency_count": 313926,
        "adjacency_relative": 1.1349787808049,
        "count": 247166,
        "density": 0.090028910103311
      },
      "swamp": {
        "adjacency_avg": 0.88731811659903,
        "adjacency_baseline": 96067.560764231,
        "adjacency_count": 100802,
        "adjacency_relative": 1.0492823924966,
        "count": 113603,
        "density": 0.0413792927606
      },
      "marsh": {
        "adjacency_avg": 0.33268315140354,
        "adjacency_baseline": 23688.33937023,
        "adjacency_count": 27460,
        "adjacency_relative": 1.1592201365753,
        "count": 82541,
        "density": 0.030065123313228
      },
      "arctic": {
        "adjacency_avg": 1.3410017880244,
        "adjacency_baseline": 182244.49279972,
        "adjacency_count": 162748,
        "adjacency_relative": 0.89302012642356,
        "count": 121363,
        "density": 0.044205831776491
      }
    },
    "results": {
      "savannah": 1.0537645140188,
      "grassland": 1.0525593589579,
      "tundra": 1.4491836060226,
      "plains": 1.0681690384542,
      "prairie": 1.0908181082396,
      "desert": 1.1349787808049,
      "swamp": 1.0492823924966,
      "marsh": 1.1592201365753,
      "arctic": 0.89302012642356
    }
  },
  "ocean": {
    "savannah": 0.32350430817661,
    "grassland": 0.53615233635205,
    "tundra": 0.23933913952687,
    "plains": 0.40626621345428,
    "prairie": 0.52055924884671,
    "desert": 0.29937774613013,
    "swamp": 0.62074064945468,
    "marsh": 0.65677663221914,
    "arctic": 0.89942568987253
  },
  "ocean_normalized": {
    "savannah": 5.3528013008145,
    "grassland": 8.8713406620021,
    "tundra": 3.9601786591845,
    "plains": 6.7222051171814,
    "prairie": 8.6133326634293,
    "desert": 4.9535958205707,
    "swamp": 10.270964781265,
    "marsh": 10.867227181926,
    "arctic": 14.882172759527
  },
  "ocean_side": {
    "savannah": 0.20015577587746,
    "grassland": 0.44941978582005,
    "tundra": 0.08588096907192,
    "plains": 0.2887723155311,
    "prairie": 0.42364206831208,
    "desert": 0.16665318045362,
    "swamp": 0.54178146703872,
    "marsh": 0.58536969506064,
    "arctic": 0.69742013628536
  },
  "ocean_side_normalized": {
    "savannah": 4.5184899643984,
    "grassland": 10.14559176785,
    "tundra": 1.9387514308948,
    "plains": 6.5189965365889,
    "prairie": 9.5636632306684,
    "desert": 3.7621733378097,
    "swamp": 12.230644411732,
    "marsh": 13.214642850046,
    "arctic": 15.744166627018
  },
  "river": {
    "savannah": 0.37106787609327,
    "grassland": 0.30219000723116,
    "tundra": 0.33752658531659,
    "plains": 0.29866021254256,
    "prairie": 0.28661406315528,
    "desert": 0.35718909558758,
    "swamp": 0.29147997852169,
    "marsh": 0.25695109097297,
    "arctic": 0.0088247653733016
  },
  "river_side": {
    "savannah": 0.22889642526815,
    "grassland": 0.19089907372336,
    "tundra": 0.20397621282511,
    "plains": 0.18344697866771,
    "prairie": 0.17862024510337,
    "desert": 0.2170322779023,
    "swamp": 0.18591058334727,
    "marsh": 0.16377315515925,
    "arctic": 0.0030734243550341
  },
  "wet": {
    "marsh": {
      "with_swamp_adjacent": 0.3017894137459,
      "with_marsh_adjacent": 0.35868235180092,
      "with_swamp_or_marsh_adjacent": 0.50255024775566,
      "with_river_adjacent": 0.31604899383337,
      "with_ocean_adjacent": 0.78643340885136,
      "with_river_or_ocean_adjacent": 0.8927805575411,
      "with_any_adjacent": 0.95398650367696,
      "with_river": 0.071419052349741,
      "count": 82541,
      "density": 0.030065123313228
    },
    "swamp": {
      "with_swamp_adjacent": 0.5987341883577,
      "with_marsh_adjacent": 0.63578426626057,
      "with_swamp_or_marsh_adjacent": 0.72351962536201,
      "with_river_adjacent": 0.3569712067463,
      "with_ocean_adjacent": 0.751203753422,
      "with_river_or_ocean_adjacent": 0.88224782796229,
      "with_any_adjacent": 0.96949904491959,
      "with_river": 0.08520021478306,
      "count": 113603,
      "density": 0.0413792927606
    }
  },
  "wetness": {
    "savannah": 0.23083052887369,
    "grassland": 0.49571820574776,
    "tundra": 0.11416522685103,
    "plains": 0.31494447352782,
    "prairie": 0.46529856829722,
    "desert": 0.19348081365648,
    "swamp": 0.56368846604403,
    "marsh": 0.64631463528759,
    "arctic": 0.67882840848732
  },
  "wetness_normalized": {
    "savannah": 0.6105737492919,
    "grassland": 1.3112326387351,
    "tundra": 0.30198037901363,
    "plains": 0.83306497177362,
    "prairie": 1.2307691394705,
    "desert": 0.51177938371804,
    "swamp": 1.4910219277513,
    "marsh": 1.7095778102459,
    "arctic": 1.0
  },
  "wetness_zero_sum": {
    "savannah": -0.3894262507081,
    "grassland": 0.3112326387351,
    "tundra": -0.69801962098637,
    "plains": -0.16693502822638,
    "prairie": 0.2307691394705,
    "desert": -0.48822061628196,
    "swamp": 0.49102192775135,
    "marsh": 0.70957781024586,
    "arctic": 0
  }
}