{
  "general": {
    "biome": {
      "savannah": {
        "adjacency_avg": 2.3991504914308,
        "adjacency_baseline": 445765.57946228,
        "adjacency_count": 485756,
        "adjacency_relative": 1.0897117731386,
        "count": 202470,
        "density": 0.073601340070035
      },
      "grassland": {
        "adjacency_avg": 1.4710774467411,
        "adjacency_baseline": 505162.68072831,
        "adjacency_count": 594686,
        "adjacency_relative": 1.1772168109145,
        "count": 404252,
        "density": 0.1469525802637
      },
      "tundra": {
        "adjacency_avg": 2.6271407881544,
        "adjacency_baseline": 241344.46544308,
        "adjacency_count": 518792,
        "adjacency_relative": 2.149591452398,
        "count": 197474,
        "density": 0.071785207828272
      },
      "plains": {
        "adjacency_avg": 3.173820739163,
        "adjacency_baseline": 1901895.7324044,
        "adjacency_count": 2261890,
        "adjacency_relative": 1.1892818104915,
        "count": 712671,
        "density": 0.25906821074259
      },
      "prairie": {
        "adjacency_avg": 2.1872483909289,
        "adjacency_baseline": 1282285.3145967,
        "adjacency_count": 1515306,
        "adjacency_relative": 1.1817229619265,
        "count": 692791,
        "density": 0.2518414875708
      },
      "desert": {
        "adjacency_avg": 1.1368181526825,
        "adjacency_baseline": 172915.89925191,
        "adjacency_count": 212826,
        "adjacency_relative": 1.2308064262497,
        "count": 187212,
        "density": 0.06805479368396
      },
      "swamp": {
        "adjacency_avg": 0.94759952592823,
        "adjacency_baseline": 91983.731538981,
        "adjacency_count": 97544,
        "adjacency_relative": 1.0604483898184,
        "count": 102938,
        "density": 0.03741973993248
      },
      "marsh": {
        "adjacency_avg": 0.55310957627836,
        "adjacency_baseline": 55222.17424206,
        "adjacency_count": 71834,
        "adjacency_relative": 1.3008180316321,
        "count": 129873,
        "density": 0.047211077388826
      },
      "arctic": {
        "adjacency_avg": 1.3254083484574,
        "adjacency_baseline": 179810.22811909,
        "adjacency_count": 160666,
        "adjacency_relative": 0.89353092802703,
        "count": 121220,
        "density": 0.044065562519335
      }
    },
    "results": {
      "savannah": 1.0897117731386,
      "grassland": 1.1772168109145,
      "tundra": 2.149591452398,
      "plains": 1.1892818104915,
      "prairie": 1.1817229619265,
      "desert": 1.2308064262497,
      "swamp": 1.0604483898184,
      "marsh": 1.3008180316321,
      "arctic": 0.89353092802703
    }
  },
  "ocean": {
    "savannah": 0.30500814935546,
    "grassland": 0.507559641016,
    "tundra": 0.19809190070592,
    "plains": 0.36724659765867,
    "prairie": 0.49351103002204,
    "desert": 0.29398756489969,
    "swamp": 0.60969709922478,
    "marsh": 0.59386477558846,
    "arctic": 0.90505692130012
  },
  "ocean_normalized": {
    "savannah": 5.0235300696434,
    "grassland": 8.3595835854529,
    "tundra": 3.2626033824075,
    "plains": 6.0486066690713,
    "prairie": 8.1282008505522,
    "desert": 4.8420193870088,
    "swamp": 10.041802875767,
    "marsh": 9.7810421255134,
    "arctic": 14.906423544741
  },
  "ocean_side": {
    "savannah": 0.17956240430681,
    "grassland": 0.40111118807081,
    "tundra": 0.077802647437131,
    "plains": 0.24685163280111,
    "prairie": 0.38124629217181,
    "desert": 0.16716342969468,
    "swamp": 0.52420874701276,
    "marsh": 0.49661592478806,
    "arctic": 0.70096518726283
  },
  "ocean_side_normalized": {
    "savannah": 4.0412765614682,
    "grassland": 9.0275091222519,
    "tundra": 1.7510459203398,
    "plains": 5.5557048350429,
    "prairie": 8.5804247868503,
    "desert": 3.7622221253256,
    "swamp": 11.797973694981,
    "marsh": 11.176962709124,
    "arctic": 15.776098524779
  },
  "river": {
    "savannah": 0.50067664345335,
    "grassland": 0.42178641045684,
    "tundra": 0.45747288250605,
    "plains": 0.44150526680614,
    "prairie": 0.41214594300446,
    "desert": 0.49283699762836,
    "swamp": 0.39925003400105,
    "marsh": 0.37598269078253,
    "arctic": 0.013124896881703
  },
  "river_side": {
    "savannah": 0.31082135625031,
    "grassland": 0.26520338798571,
    "tundra": 0.28026980767088,
    "plains": 0.2739061923384,
    "prairie": 0.25760149886474,
    "desert": 0.30526889301968,
    "swamp": 0.25454156871126,
    "marsh": 0.23767834730852,
    "arctic": 0.0046939448935819
  },
  "wet": {
    "marsh": {
      "with_swamp_adjacent": 0.25659682921007,
      "with_marsh_adjacent": 0.3471468280551,
      "with_swamp_or_marsh_adjacent": 0.57624756492882,
      "with_river_adjacent": 0.45079423744735,
      "with_ocean_adjacent": 0.76006560255018,
      "with_river_or_ocean_adjacent": 0.92300170166239,
      "with_any_adjacent": 0.97010156075551,
      "with_river": 0.11378808528332,
      "count": 129873,
      "density": 0.047211077388826
    },
    "swamp": {
      "with_swamp_adjacent": 0.62521129223416,
      "with_marsh_adjacent": 0.67661116400163,
      "with_swamp_or_marsh_adjacent": 0.78571567351221,
      "with_river_adjacent": 0.4774427325186,
      "with_ocean_adjacent": 0.75973887194233,
      "with_river_or_ocean_adjacent": 0.9269657463716,
      "with_any_adjacent": 0.98398064854573,
      "with_river": 0.12163632477802,
      "count": 102938,
      "density": 0.03741973993248
    }
  },
  "wetness": {
    "savannah": 0.20770093117313,
    "grassland": 0.44861533226252,
    "tundra": 0.095018608960941,
    "plains": 0.26651911838602,
    "prairie": 0.42520322918723,
    "desert": 0.18604728120879,
    "swamp": 0.55375904493296,
    "marsh": 0.55404075811544,
    "arctic": 0.67993149159507
  },
  "wetness_normalized": {
    "savannah": 0.60711200125585,
    "grassland": 1.3113073235908,
    "tundra": 0.27774039103724,
    "plains": 0.77903817966714,
    "prairie": 1.2428735006351,
    "desert": 0.54381815519512,
    "swamp": 1.6186434990152,
    "marsh": 1.6194669496036,
    "arctic": 1.0
  },
  "wetness_zero_sum": {
    "savannah": -0.39288799874415,
    "grassland": 0.31130732359082,
    "tundra": -0.72225960896276,
    "plains": -0.22096182033286,
    "prairie": 0.24287350063506,
    "desert": -0.45618184480488,
    "swamp": 0.61864349901517,
    "marsh": 0.61946694960359,
    "arctic": 0
  }
}