{
  "general": {
    "biome": {
      "savannah": {
        "adjacency_avg": 2.3991504914308,
        "adjacency_baseline": 515367.03492846,
        "adjacency_count": 485756,
        "adjacency_relative": 0.94254379321609,
        "count": 202470,
        "density": 0.073601340070035
      },
      "grassland": {
        "adjacency_avg": 1.4710774467411,
        "adjacency_baseline": 650008.9750803,
        "adjacency_count": 594686,
        "adjacency_relative": 0.91488890584401,
        "count": 404252,
        "density": 0.1469525802637
      },
      "tundra": {
        "adjacency_avg": 2.6271407881544,
        "adjacency_baseline": 271604.02099086,
        "adjacency_count": 518792,
        "adjacency_relative": 1.9101042691024,
        "count": 197474,
        "density": 0.071785207828272
      },
      "plains": {
        "adjacency_avg": 3.173820739163,
        "adjacency_baseline": 2288441.5500303,
        "adjacency_count": 2261890,
        "adjacency_relative": 0.98839754066257,
        "count": 712671,
        "density": 0.25906821074259
      },
      "prairie": {
        "adjacency_avg": 2.1872483909289,
        "adjacency_baseline": 1669011.2636919,
        "adjacency_count": 1515306,
        "adjacency_relative": 0.90790639521996,
        "count": 692791,
        "density": 0.2518414875708
      },
      "desert": {
        "adjacency_avg": 1.1368181526825,
        "adjacency_baseline": 197692.30208594,
        "adjacency_count": 212826,
        "adjacency_relative": 1.0765517815027,
        "count": 187212,
        "density": 0.06805479368396
      },
      "swamp": {
        "adjacency_avg": 0.94759952592823,
        "adjacency_baseline": 127059.05323308,
        "adjacency_count": 97544,
        "adjacency_relative": 0.76770601950785,
        "count": 102938,
        "density": 0.03741973993248
      },
      "marsh": {
        "adjacency_avg": 0.55310957627836,
        "adjacency_baseline": 75726.956517295,
        "adjacency_count": 71834,
        "adjacency_relative": 0.94859219627549,
        "count": 129873,
        "density": 0.047211077388826
      },
      "arctic": {
        "adjacency_avg": 1.3254083484574,
        "adjacency_baseline": 938777.48687368,
        "adjacency_count": 160666,
        "adjacency_relative": 0.17114385703374,
        "count": 121220,
        "density": 0.044065562519335
      }
    },
    "results": {
      "savannah": 0.94254379321609,
      "grassland": 0.91488890584401,
      "tundra": 1.9101042691024,
      "plains": 0.98839754066257,
      "prairie": 0.90790639521996,
      "desert": 1.0765517815027,
      "swamp": 0.76770601950785,
      "marsh": 0.94859219627549,
      "arctic": 0.17114385703374
    }
  },
  "wet": {
    "marsh": {
      "count": 129873,
      "density": 0.047211077388826,
      "with_any_adjacent": 0.97010156075551,
      "with_marsh_adjacent": 0.3471468280551,
      "with_ocean_adjacent": 0.76006560255018,
      "with_river_adjacent": 0.45079423744735,
      "with_river_or_ocean_adjacent": 0.92300170166239,
      "with_swamp_adjacent": 0.25659682921007,
      "with_swamp_or_marsh_adjacent": 0.3471468280551
    },
    "swamp": {
      "count": 102938,
      "density": 0.03741973993248,
      "with_any_adjacent": 0.98398064854573,
      "with_marsh_adjacent": 0.67661116400163,
      "with_ocean_adjacent": 0.75973887194233,
      "with_river_adjacent": 0.4774427325186,
      "with_river_or_ocean_adjacent": 0.9269657463716,
      "with_swamp_adjacent": 0.62521129223416,
      "with_swamp_or_marsh_adjacent": 0.67661116400163
    }
  }
}