{
  "general": {
    "biome": {
      "savannah": {
        "adjacency_avg": 2.4405902490851,
        "adjacency_baseline": 480338.49842156,
        "adjacency_count": 516856,
        "adjacency_relative": 1.0760245154166,
        "count": 211775,
        "density": 0.07697911104439
      },
      "grassland": {
        "adjacency_avg": 1.2330399356674,
        "adjacency_baseline": 355087.71488898,
        "adjacency_count": 394066,
        "adjacency_relative": 1.1097708635829,
        "count": 319589,
        "density": 0.11616893929673
      },
      "tundra": {
        "adjacency_avg": 2.8455759061009,
        "adjacency_baseline": 520185.06414946,
        "adjacency_count": 882470,
        "adjacency_relative": 1.6964539369136,
        "count": 310120,
        "density": 0.11272700704562
      },
      "plains": {
        "adjacency_avg": 3.1679971304624,
        "adjacency_baseline": 2283509.5038543,
        "adjacency_count": 2525974,
        "adjacency_relative": 1.1061806380645,
        "count": 797341,
        "density": 0.28982930647737
      },
      "prairie": {
        "adjacency_avg": 1.8003636394677,
        "adjacency_baseline": 912014.68304555,
        "adjacency_count": 1054554,
        "adjacency_relative": 1.1562905944436,
        "count": 585745,
        "density": 0.21291526100199
      },
      "desert": {
        "adjacency_avg": 1.1970770242353,
        "adjacency_baseline": 221246.03214832,
        "adjacency_count": 256700,
        "adjacency_relative": 1.1602467963264,
        "count": 214439,
        "density": 0.077947461188752
      },
      "swamp": {
        "adjacency_avg": 0.85882004526897,
        "adjacency_baseline": 77484.084634406,
        "adjacency_count": 81198,
        "adjacency_relative": 1.0479313317453,
        "count": 94546,
        "density": 0.034366979260077
      },
      "marsh": {
        "adjacency_avg": 0.42011386379899,
        "adjacency_baseline": 32902.907852898,
        "adjacency_count": 40512,
        "adjacency_relative": 1.2312589568411,
        "count": 96431,
        "density": 0.035052166956069
      },
      "arctic": {
        "adjacency_avg": 1.3267374158649,
        "adjacency_baseline": 179818.31460135,
        "adjacency_count": 160648,
        "adjacency_relative": 0.89339064464123,
        "count": 121085,
        "density": 0.044013767729004
      }
    },
    "results": {
      "savannah": 1.0760245154166,
      "grassland": 1.1097708635829,
      "tundra": 1.6964539369136,
      "plains": 1.1061806380645,
      "prairie": 1.1562905944436,
      "desert": 1.1602467963264,
      "swamp": 1.0479313317453,
      "marsh": 1.2312589568411,
      "arctic": 0.89339064464123
    }
  },
  "ocean": {
    "savannah": 0.30617872742297,
    "grassland": 0.53087246432136,
    "tundra": 0.21302721527151,
    "plains": 0.39400833520413,
    "prairie": 0.51694167257083,
    "desert": 0.29186388669971,
    "swamp": 0.63617709897828,
    "marsh": 0.63981499725192,
    "arctic": 0.90294421274311
  },
  "ocean_normalized": {
    "savannah": 5.0554282746033,
    "grassland": 8.7654282481586,
    "tundra": 3.5173697938062,
    "plains": 6.5056148576536,
    "prairie": 8.5354118812607,
    "desert": 4.8190707355022,
    "swamp": 10.504151352706,
    "marsh": 10.564218013599,
    "arctic": 14.908840146771
  },
  "ocean_side": {
    "savannah": 0.17935072600637,
    "grassland": 0.4352089715228,
    "tundra": 0.073013672126919,
    "plains": 0.27539785361596,
    "prairie": 0.41315930993863,
    "desert": 0.16357565554773,
    "swamp": 0.55764389820828,
    "marsh": 0.55719633727743,
    "arctic": 0.69672544080605
  },
  "ocean_side_normalized": {
    "savannah": 4.0430777312953,
    "grassland": 9.8108535181577,
    "tundra": 1.6459367543678,
    "plains": 6.2082543739557,
    "prairie": 9.3137911548283,
    "desert": 3.6874625771159,
    "swamp": 12.570886536353,
    "marsh": 12.560797234384,
    "arctic": 15.706181833073
  },
  "river": {
    "savannah": 0.44644079801676,
    "grassland": 0.36177402851788,
    "tundra": 0.41490713272282,
    "plains": 0.37349766285692,
    "prairie": 0.35107085847937,
    "desert": 0.43551312960795,
    "swamp": 0.34258456201214,
    "marsh": 0.31305285644658,
    "arctic": 0.010381137217657
  },
  "river_side": {
    "savannah": 0.27689292881596,
    "grassland": 0.22761108799114,
    "tundra": 0.25276989552431,
    "plains": 0.2307594868444,
    "prairie": 0.21901339320011,
    "desert": 0.26923740550926,
    "swamp": 0.21834874029573,
    "marsh": 0.1987224025469,
    "arctic": 0.0035429656852624
  },
  "wet": {
    "marsh": {
      "with_swamp_adjacent": 0.27293090396242,
      "with_marsh_adjacent": 0.34511723408447,
      "with_swamp_or_marsh_adjacent": 0.52342089162199,
      "with_river_adjacent": 0.37974302869409,
      "with_ocean_adjacent": 0.78359656127179,
      "with_river_or_ocean_adjacent": 0.91321255612822,
      "with_any_adjacent": 0.96244983459676,
      "with_river": 0.089618483682633,
      "count": 96431,
      "density": 0.035052166956069
    },
    "swamp": {
      "with_swamp_adjacent": 0.58954371417088,
      "with_marsh_adjacent": 0.63744632242506,
      "with_swamp_or_marsh_adjacent": 0.74124764664819,
      "with_river_adjacent": 0.41425337930743,
      "with_ocean_adjacent": 0.76749941827259,
      "with_river_or_ocean_adjacent": 0.90998032703657,
      "with_any_adjacent": 0.97706936306137,
      "with_river": 0.10106191695048,
      "count": 94546,
      "density": 0.034366979260077
    }
  },
  "wetness": {
    "savannah": 0.3778344512257,
    "grassland": 0.67056739462794,
    "tundra": 0.22904943459513,
    "plains": 0.45999193690164,
    "prairie": 0.64484816802894,
    "desert": 0.34702068270539,
    "swamp": 0.73666100887103,
    "marsh": 0.81017184740146,
    "arctic": 0.97403375691014
  },
  "wetness_normalized": {
    "savannah": 0.706869309454,
    "grassland": 1.2545269750954,
    "tundra": 0.42851575640563,
    "plains": 0.86057314714754,
    "prairie": 1.2064103147783,
    "desert": 0.64922155603986,
    "swamp": 1.3781778155833,
    "marsh": 1.5157051254959,
    "arctic": 1.0
  },
  "wetness_zero_sum": {
    "savannah": -0.293130690546,
    "grassland": 0.25452697509542,
    "tundra": -0.57148424359437,
    "plains": -0.13942685285246,
    "prairie": 0.20641031477832,
    "desert": -0.35077844396014,
    "swamp": 0.3781778155833,
    "marsh": 0.51570512549593,
    "arctic": 0
  }
}