{
  "general": {
    "biome": {
      "savannah": {
        "adjacency_avg": 2.5040685148585,
        "adjacency_baseline": 538757.22731614,
        "adjacency_count": 562544,
        "adjacency_relative": 1.0441511899568,
        "count": 224652,
        "density": 0.08158676029177
      },
      "grassland": {
        "adjacency_avg": 1.0954681389464,
        "adjacency_baseline": 276298.75011205,
        "adjacency_count": 290482,
        "adjacency_relative": 1.0513330222529,
        "count": 265167,
        "density": 0.096300573626266
      },
      "tundra": {
        "adjacency_avg": 3.0466653505194,
        "adjacency_baseline": 893001.84680908,
        "adjacency_count": 1280876,
        "adjacency_relative": 1.4343486573705,
        "count": 420419,
        "density": 0.15268336883315
      },
      "plains": {
        "adjacency_avg": 3.0483892324756,
        "adjacency_baseline": 2337297.7108509,
        "adjacency_count": 2509370,
        "adjacency_relative": 1.0736201846903,
        "count": 823179,
        "density": 0.29895352701164
      },
      "prairie": {
        "adjacency_avg": 1.542151177131,
        "adjacency_baseline": 708601.79090334,
        "adjacency_count": 781536,
        "adjacency_relative": 1.1029269330574,
        "count": 506783,
        "density": 0.18404814175233
      },
      "desert": {
        "adjacency_avg": 1.2396349812473,
        "adjacency_baseline": 260622.73750929,
        "adjacency_count": 291520,
        "adjacency_relative": 1.1185516765958,
        "count": 235166,
        "density": 0.085405124685177
      },
      "swamp": {
        "adjacency_avg": 0.74787569946481,
        "adjacency_baseline": 58866.132776443,
        "adjacency_count": 61346,
        "adjacency_relative": 1.0421272318495,
        "count": 82027,
        "density": 0.029789706686133
      },
      "marsh": {
        "adjacency_avg": 0.33282751643905,
        "adjacency_baseline": 21915.525378108,
        "adjacency_count": 25004,
        "adjacency_relative": 1.140926332753,
        "count": 75126,
        "density": 0.027283473789147
      },
      "arctic": {
        "adjacency_avg": 1.3275930455477,
        "adjacency_baseline": 179652.48180303,
        "adjacency_count": 160660,
        "adjacency_relative": 0.89428210725276,
        "count": 121016,
        "density": 0.043949323324381
      }
    },
    "results": {
      "savannah": 1.0441511899568,
      "grassland": 1.0513330222529,
      "tundra": 1.4343486573705,
      "plains": 1.0736201846903,
      "prairie": 1.1029269330574,
      "desert": 1.1185516765958,
      "swamp": 1.0421272318495,
      "marsh": 1.140926332753,
      "arctic": 0.89428210725276
    }
  },
  "land_wetness": 486.75167989803,
  "ocean": {
    "savannah": 0.33069369513737,
    "grassland": 0.54706656559828,
    "tundra": 0.23240862092341,
    "plains": 0.41982484975929,
    "prairie": 0.53129643259541,
    "desert": 0.30705118937261,
    "swamp": 0.61550465090763,
    "marsh": 0.66361845433006,
    "arctic": 0.90340946651682
  },
  "ocean_normalized": {
    "savannah": 5.4489665820119,
    "grassland": 9.0142251815319,
    "tundra": 3.8294857972938,
    "plains": 6.9176147301093,
    "prairie": 8.7543746643007,
    "desert": 5.0593999657701,
    "swamp": 10.141905706655,
    "marsh": 10.934695260364,
    "arctic": 14.885823543986
  },
  "ocean_side": {
    "savannah": 0.20681320442284,
    "grassland": 0.46194285110892,
    "tundra": 0.081092909692473,
    "plains": 0.30393511010363,
    "prairie": 0.43704702012498,
    "desert": 0.17582048425368,
    "swamp": 0.53538469040682,
    "marsh": 0.59139312621463,
    "arctic": 0.69801513849408
  },
  "ocean_side_normalized": {
    "savannah": 4.6532912828998,
    "grassland": 10.393701157824,
    "tundra": 1.8245881873454,
    "plains": 6.8385314291675,
    "prairie": 9.8335456608801,
    "desert": 3.9559559507628,
    "swamp": 12.046140476478,
    "marsh": 13.306328706918,
    "arctic": 15.705320984466
  },
  "river": {
    "savannah": 0.37015917953101,
    "grassland": 0.30059170258743,
    "tundra": 0.34219195611997,
    "plains": 0.29567931154706,
    "prairie": 0.28611062328452,
    "desert": 0.35826182356293,
    "swamp": 0.29278164506809,
    "marsh": 0.25724782365626,
    "arctic": 0.0086269584187215
  },
  "river_side": {
    "savannah": 0.22771664619055,
    "grassland": 0.1903969951012,
    "tundra": 0.2062727897645,
    "plains": 0.1818766027802,
    "prairie": 0.17908059267971,
    "desert": 0.21796092972624,
    "swamp": 0.18690187377327,
    "marsh": 0.16459015520592,
    "arctic": 0.0030739736894295
  },
  "wet": {
    "marsh": {
      "with_swamp_adjacent": 0.27588318291936,
      "with_marsh_adjacent": 0.33334664430424,
      "with_swamp_or_marsh_adjacent": 0.48147112850411,
      "with_river_adjacent": 0.31609562601496,
      "with_ocean_adjacent": 0.78996619013391,
      "with_river_or_ocean_adjacent": 0.89395149482203,
      "with_any_adjacent": 0.95287916300615,
      "with_river": 0.071400047919495,
      "count": 75126,
      "density": 0.027283473789147
    },
    "swamp": {
      "with_swamp_adjacent": 0.53561632145513,
      "with_marsh_adjacent": 0.58089409584649,
      "with_swamp_or_marsh_adjacent": 0.68626184061346,
      "with_river_adjacent": 0.35663866775574,
      "with_ocean_adjacent": 0.74821705048338,
      "with_river_or_ocean_adjacent": 0.87916173942726,
      "with_any_adjacent": 0.96548697380131,
      "with_river": 0.085545003474466,
      "count": 82027,
      "density": 0.029789706686133
    }
  },
  "wetness": {
    "savannah": 0.23748153241348,
    "grassland": 0.50838083242316,
    "tundra": 0.10892883391488,
    "plains": 0.32919365646588,
    "prairie": 0.48064271292888,
    "desert": 0.20349767207239,
    "swamp": 0.55818735616994,
    "marsh": 0.65590013413722,
    "arctic": 0.67814920960079
  },
  "wetness_normalized": {
    "savannah": 0.61639232116978,
    "grassland": 1.3195217251249,
    "tundra": 0.28272891831525,
    "plains": 0.85443461628872,
    "prairie": 1.2475263843242,
    "desert": 0.52818592320245,
    "swamp": 1.4487964458565,
    "marsh": 1.7024136657182,
    "arctic": 1.0
  },
  "wetness_zero_sum": {
    "savannah": -0.38360767883022,
    "grassland": 0.31952172512486,
    "tundra": -0.71727108168475,
    "plains": -0.14556538371128,
    "prairie": 0.24752638432424,
    "desert": -0.47181407679755,
    "swamp": 0.4487964458565,
    "marsh": 0.70241366571821,
    "arctic": 0
  }
}