{
  "general": {
    "biome": {
      "savannah": {
        "adjacency_avg": 2.5040685148585,
        "adjacency_baseline": 538757.22731614,
        "adjacency_count": 562544,
        "adjacency_relative": 1.0441511899568,
        "count": 224652,
        "density": 0.08158676029177
      },
      "grassland": {
        "adjacency_avg": 1.0954681389464,
        "adjacency_baseline": 276298.75011205,
        "adjacency_count": 290482,
        "adjacency_relative": 1.0513330222529,
        "count": 265167,
        "density": 0.096300573626266
      },
      "tundra": {
        "adjacency_avg": 3.0466653505194,
        "adjacency_baseline": 893001.84680908,
        "adjacency_count": 1280876,
        "adjacency_relative": 1.4343486573705,
        "count": 420419,
        "density": 0.15268336883315
      },
      "plains": {
        "adjacency_avg": 3.0483892324756,
        "adjacency_baseline": 2337297.7108509,
        "adjacency_count": 2509370,
        "adjacency_relative": 1.0736201846903,
        "count": 823179,
        "density": 0.29895352701164
      },
      "prairie": {
        "adjacency_avg": 1.542151177131,
        "adjacency_baseline": 708601.79090334,
        "adjacency_count": 781536,
        "adjacency_relative": 1.1029269330574,
        "count": 506783,
        "density": 0.18404814175233
      },
      "desert": {
        "adjacency_avg": 1.2396349812473,
        "adjacency_baseline": 260622.73750929,
        "adjacency_count": 291520,
        "adjacency_relative": 1.1185516765958,
        "count": 235166,
        "density": 0.085405124685177
      },
      "swamp": {
        "adjacency_avg": 0.74787569946481,
        "adjacency_baseline": 58866.132776443,
        "adjacency_count": 61346,
        "adjacency_relative": 1.0421272318495,
        "count": 82027,
        "density": 0.029789706686133
      },
      "marsh": {
        "adjacency_avg": 0.33282751643905,
        "adjacency_baseline": 21915.525378108,
        "adjacency_count": 25004,
        "adjacency_relative": 1.140926332753,
        "count": 75126,
        "density": 0.027283473789147
      },
      "arctic": {
        "adjacency_avg": 1.3275930455477,
        "adjacency_baseline": 179652.48180303,
        "adjacency_count": 160660,
        "adjacency_relative": 0.89428210725276,
        "count": 121016,
        "density": 0.043949323324381
      }
    },
    "results": {
      "savannah": 1.0441511899568,
      "grassland": 1.0513330222529,
      "tundra": 1.4343486573705,
      "plains": 1.0736201846903,
      "prairie": 1.1029269330574,
      "desert": 1.1185516765958,
      "swamp": 1.0421272318495,
      "marsh": 1.140926332753,
      "arctic": 0.89428210725276
    }
  },
  "wet": {
    "marsh": {
      "count": 75126,
      "density": 0.027283473789147,
      "with_any_adjacent": 0.95287916300615,
      "with_marsh_adjacent": 0.33334664430424,
      "with_ocean_adjacent": 0.78996619013391,
      "with_river_adjacent": 0.31609562601496,
      "with_river_or_ocean_adjacent": 0.89395149482203,
      "with_swamp_adjacent": 0.27588318291936,
      "with_swamp_or_marsh_adjacent": 0.33334664430424
    },
    "swamp": {
      "count": 82027,
      "density": 0.029789706686133,
      "with_any_adjacent": 0.96548697380131,
      "with_marsh_adjacent": 0.58089409584649,
      "with_ocean_adjacent": 0.74821705048338,
      "with_river_adjacent": 0.35663866775574,
      "with_river_or_ocean_adjacent": 0.87916173942726,
      "with_swamp_adjacent": 0.53561632145513,
      "with_swamp_or_marsh_adjacent": 0.58089409584649
    }
  }
}