{
  "wetness": {
    "parameters": {
      "accumulation": 0.33333333333333,
      "consumption": 0.2
    },
    "modulator": {
      "value": {
        "savannah": -0.37482498418515,
        "grassland": 0.31657687000826,
        "tundra": -0.69877519207777,
        "plains": -0.2059222579182,
        "prairie": 0.21602297616509,
        "desert": -0.45415928075541,
        "swamp": 0.55902684588412,
        "marsh": 0.64205502287907,
        "arctic": 0
      },
      "stddev": {
        "savannah": 0.041853035351215,
        "grassland": 0.010009816103962,
        "tundra": 0.030341877686589,
        "plains": 0.032076778075719,
        "prairie": 0.020940122291767,
        "desert": 0.033549432502144,
        "swamp": 0.062461932335682,
        "marsh": 0.066198737191694,
        "arctic": 0
      },
      "relative_stddev": {
        "savannah": 0.11166020707558,
        "grassland": 0.031618911715506,
        "tundra": 0.0434215152893,
        "plains": 0.15577130126682,
        "prairie": 0.096934699556049,
        "desert": 0.073871511436121,
        "swamp": 0.1117333322998,
        "marsh": 0.10310446119532,
        "arctic": 0
      }
    }
  },
  "clustering": {
    "climate_normal": {
      "savannah": {
        "for_self": 0.109,
        "for_water": null
      },
      "grassland": {
        "for_self": 0.149,
        "for_water": null
      },
      "tundra": {
        "for_self": 0.755,
        "for_water": null
      },
      "plains": {
        "for_self": 0.144,
        "for_water": null
      },
      "prairie": {
        "for_self": 0.173,
        "for_water": null
      },
      "desert": {
        "for_self": 0.233,
        "for_water": null
      },
      "swamp": {
        "for_self": 0.079,
        "for_water": 0.765
      },
      "marsh": {
        "for_self": 0.295,
        "for_water": 0.765
      },
      "arctic": {
        "for_self": 0.0,
        "for_water": null
      }
    },
    "climate_gradient": {
      "savannah": {
        "for_self": 0.025,
        "for_water": null
      },
      "grassland": {
        "for_self": 0.078,
        "for_water": null
      },
      "tundra": {
        "for_self": 0.248,
        "for_water": null
      },
      "plains": {
        "for_self": 0.087,
        "for_water": null
      },
      "prairie": {
        "for_self": 0.025,
        "for_water": null
      },
      "desert": {
        "for_self": 0.074,
        "for_water": null
      },
      "swamp": {
        "for_self": 0.015,
        "for_water": 0
      },
      "marsh": {
        "for_self": 0.082,
        "for_water": 0
      },
      "arctic": {
        "for_self": 0.0,
        "for_water": null
      }
    }
  }
}