{
  "general": {
    "biome": {
      "savannah": {
        "adjacency_avg": 2.6791928860528,
        "adjacency_baseline": 583503.49047037,
        "adjacency_count": 634816,
        "adjacency_relative": 1.0879386505268,
        "count": 236943,
        "density": 0.10042080931519
      },
      "grassland": {
        "adjacency_avg": 1.2169939259944,
        "adjacency_baseline": 359949.24426581,
        "adjacency_count": 402926,
        "adjacency_relative": 1.1193967105608,
        "count": 331083,
        "density": 0.14031907594021
      },
      "tundra": {
        "adjacency_avg": 2.2050067459686,
        "adjacency_baseline": 204819.99145281,
        "adjacency_count": 374258,
        "adjacency_relative": 1.8272532741816,
        "count": 169731,
        "density": 0.071935125265893
      },
      "plains": {
        "adjacency_avg": 2.8397644373365,
        "adjacency_baseline": 1408225.4890353,
        "adjacency_count": 1587434,
        "adjacency_relative": 1.1272583917562,
        "count": 559002,
        "density": 0.23691534777904
      },
      "prairie": {
        "adjacency_avg": 1.8249344246278,
        "adjacency_baseline": 877161.39224425,
        "adjacency_count": 971252,
        "adjacency_relative": 1.1072671558366,
        "count": 532212,
        "density": 0.22556125214611
      },
      "desert": {
        "adjacency_avg": 1.1119452935008,
        "adjacency_baseline": 165717.91513558,
        "adjacency_count": 199354,
        "adjacency_relative": 1.2029719287556,
        "count": 179284,
        "density": 0.075983862689611
      },
      "swamp": {
        "adjacency_avg": 1.0581375710736,
        "adjacency_baseline": 127912.38819406,
        "adjacency_count": 131572,
        "adjacency_relative": 1.0286103000468,
        "count": 124343,
        "density": 0.05269885454594
      },
      "marsh": {
        "adjacency_avg": 0.44821719189229,
        "adjacency_baseline": 40252.331715732,
        "adjacency_count": 48472,
        "adjacency_relative": 1.2042035314207,
        "count": 108144,
        "density": 0.045833419862929
      },
      "arctic": {
        "adjacency_avg": 1.2633316211824,
        "adjacency_baseline": 164956.02749028,
        "adjacency_count": 150032,
        "adjacency_relative": 0.90952723754726,
        "count": 118759,
        "density": 0.050332252455074
      }
    },
    "results": {
      "savannah": 1.0879386505268,
      "grassland": 1.1193967105608,
      "tundra": 1.8272532741816,
      "plains": 1.1272583917562,
      "prairie": 1.1072671558366,
      "desert": 1.2029719287556,
      "swamp": 1.0286103000468,
      "marsh": 1.2042035314207,
      "arctic": 0.90952723754726
    }
  },
  "ocean": {
    "savannah": 0.37375655748429,
    "grassland": 0.5968744997478,
    "tundra": 0.2829536148376,
    "plains": 0.45127208847196,
    "prairie": 0.57161056120493,
    "desert": 0.36436603377881,
    "swamp": 0.69453849432618,
    "marsh": 0.68627940523746,
    "arctic": 0.92778652565279
  },
  "ocean_normalized": {
    "savannah": 6.0933634855268,
    "grassland": 9.7308614641716,
    "tundra": 4.6130006021946,
    "plains": 7.3571013293808,
    "prairie": 9.3189827759317,
    "desert": 5.9402695180468,
    "swamp": 11.323080266753,
    "marsh": 11.188432109098,
    "arctic": 15.125729367341
  },
  "ocean_side": {
    "savannah": 0.22776785978062,
    "grassland": 0.49820135736356,
    "tundra": 0.1058675197813,
    "plains": 0.31285755686026,
    "prairie": 0.46022261805446,
    "desert": 0.21090560228464,
    "swamp": 0.61714772846079,
    "marsh": 0.60515608817872,
    "arctic": 0.71849712442846
  },
  "ocean_side_normalized": {
    "savannah": 4.9405790876561,
    "grassland": 10.806630970687,
    "tundra": 2.296403253722,
    "plains": 6.7862845281496,
    "prairie": 9.9828230577229,
    "desert": 4.5748149414963,
    "swamp": 13.386731403476,
    "marsh": 13.12661723609,
    "arctic": 15.585130715595
  },
  "river": {
    "savannah": 0.47438835500521,
    "grassland": 0.36930014528079,
    "tundra": 0.46231978837101,
    "plains": 0.40648155104991,
    "prairie": 0.36767679045193,
    "desert": 0.47004194462417,
    "swamp": 0.34943663897445,
    "marsh": 0.31598609261725,
    "arctic": 0.0091950925824569
  },
  "river_side": {
    "savannah": 0.29313379167141,
    "grassland": 0.23184820724713,
    "tundra": 0.28112130370999,
    "plains": 0.25103666892068,
    "prairie": 0.22921504964187,
    "desert": 0.29036054528011,
    "swamp": 0.22266633425283,
    "marsh": 0.20125943186862,
    "arctic": 0.0034186882678365
  },
  "wet": {
    "marsh": {
      "with_swamp_adjacent": 0.2873575972777,
      "with_marsh_adjacent": 0.36396841248705,
      "with_swamp_or_marsh_adjacent": 0.5511077822163,
      "with_river_adjacent": 0.38309106376683,
      "with_ocean_adjacent": 0.85462901316763,
      "with_river_or_ocean_adjacent": 0.95431091877497,
      "with_any_adjacent": 0.98180204172215,
      "with_river": 0.090952803669182,
      "count": 108144,
      "density": 0.045833419862929
    },
    "swamp": {
      "with_swamp_adjacent": 0.67012216208391,
      "with_marsh_adjacent": 0.71184545973637,
      "with_swamp_or_marsh_adjacent": 0.79518750552906,
      "with_river_adjacent": 0.41988692568138,
      "with_ocean_adjacent": 0.84155923534095,
      "with_river_or_ocean_adjacent": 0.95268732457798,
      "with_any_adjacent": 0.99050207892684,
      "with_river": 0.10322253765793,
      "count": 124343,
      "density": 0.05269885454594
    }
  },
  "wetness": {
    "savannah": 0.26635714547397,
    "grassland": 0.56008806468748,
    "tundra": 0.12874863218521,
    "plains": 0.33859786501763,
    "prairie": 0.51160730551138,
    "desert": 0.23558883857936,
    "swamp": 0.64936890066605,
    "marsh": 0.68123966504856,
    "arctic": 0.69960204197739
  },
  "wetness_normalized": {
    "savannah": 0.63200244042866,
    "grassland": 1.3289563646118,
    "tundra": 0.30549002016864,
    "plains": 0.8034125633622,
    "prairie": 1.213923001949,
    "desert": 0.55899653322597,
    "swamp": 1.5407986492314,
    "marsh": 1.6164204270224,
    "arctic": 1.0
  },
  "wetness_zero_sum": {
    "savannah": -0.36799755957134,
    "grassland": 0.32895636461176,
    "tundra": -0.69450997983136,
    "plains": -0.1965874366378,
    "prairie": 0.21392300194899,
    "desert": -0.44100346677403,
    "swamp": 0.5407986492314,
    "marsh": 0.61642042702238,
    "arctic": 0
  }
}