{
  "general": {
    "biome": {
      "savannah": {
        "adjacency_avg": 2.7744385212943,
        "adjacency_baseline": 616547.29558803,
        "adjacency_count": 669300,
        "adjacency_relative": 1.0855614886148,
        "count": 241238,
        "density": 0.10192653910392
      },
      "grassland": {
        "adjacency_avg": 1.2337449459076,
        "adjacency_baseline": 355869.07209323,
        "adjacency_count": 395150,
        "adjacency_relative": 1.1103802802411,
        "count": 320285,
        "density": 0.13532503824812
      },
      "tundra": {
        "adjacency_avg": 2.3634775058935,
        "adjacency_baseline": 236679.02711674,
        "adjacency_count": 430108,
        "adjacency_relative": 1.8172628358314,
        "count": 181981,
        "density": 0.076889600778779
      },
      "plains": {
        "adjacency_avg": 2.9815384083404,
        "adjacency_baseline": 1537447.5272706,
        "adjacency_count": 1724492,
        "adjacency_relative": 1.1216590936677,
        "count": 578390,
        "density": 0.24437812845538
      },
      "prairie": {
        "adjacency_avg": 1.8664662436364,
        "adjacency_baseline": 868626.4860702,
        "adjacency_count": 975964,
        "adjacency_relative": 1.1235715415672,
        "count": 522894,
        "density": 0.22093026694885
      },
      "desert": {
        "adjacency_avg": 1.1742539573409,
        "adjacency_baseline": 178815.12192123,
        "adjacency_count": 215202,
        "adjacency_relative": 1.2034888195574,
        "count": 183267,
        "density": 0.077432954351962
      },
      "swamp": {
        "adjacency_avg": 1.0221989369523,
        "adjacency_baseline": 118183.98077397,
        "adjacency_count": 120966,
        "adjacency_relative": 1.0235397319316,
        "count": 118339,
        "density": 0.049999936622834
      },
      "marsh": {
        "adjacency_avg": 0.4407682629551,
        "adjacency_baseline": 37147.057093466,
        "adjacency_count": 44842,
        "adjacency_relative": 1.2071481163951,
        "count": 101736,
        "density": 0.042984929332347
      },
      "arctic": {
        "adjacency_avg": 1.2650501883644,
        "adjacency_baseline": 164946.0199941,
        "adjacency_count": 150102,
        "adjacency_relative": 0.91000680104541,
        "count": 118653,
        "density": 0.05013260615781
      }
    },
    "results": {
      "savannah": 1.0855614886148,
      "grassland": 1.1103802802411,
      "tundra": 1.8172628358314,
      "plains": 1.1216590936677,
      "prairie": 1.1235715415672,
      "desert": 1.2034888195574,
      "swamp": 1.0235397319316,
      "marsh": 1.2071481163951,
      "arctic": 0.91000680104541
    }
  },
  "land_wetness": 459.73274375366,
  "ocean": {
    "savannah": 0.33169732794999,
    "grassland": 0.55055341336622,
    "tundra": 0.22841395530303,
    "plains": 0.40292881965456,
    "prairie": 0.52609897990797,
    "desert": 0.31666366558082,
    "swamp": 0.65570944489982,
    "marsh": 0.64729299363057,
    "arctic": 0.92185616882843
  },
  "ocean_normalized": {
    "savannah": 5.9394629720652,
    "grassland": 9.8583598277456,
    "tundra": 4.0900426850282,
    "plains": 7.2149535225589,
    "prairie": 9.4204720614324,
    "desert": 5.6702661065731,
    "swamp": 11.741312456406,
    "marsh": 11.590605180653,
    "arctic": 16.507008404818
  },
  "ocean_side": {
    "savannah": 0.19637453469188,
    "grassland": 0.44933106452066,
    "tundra": 0.079261021755018,
    "plains": 0.2761787029513,
    "prairie": 0.41738287301059,
    "desert": 0.18054532458108,
    "swamp": 0.57685969967635,
    "marsh": 0.56071597074782,
    "arctic": 0.71152014698322
  },
  "ocean_side_normalized": {
    "savannah": 4.751845624647,
    "grassland": 10.872855058883,
    "tundra": 1.9179479662299,
    "plains": 6.6829365798317,
    "prairie": 10.099776847491,
    "desert": 4.3688124430552,
    "swamp": 13.958776499424,
    "marsh": 13.568132632107,
    "arctic": 17.217272609177
  },
  "river": {
    "savannah": 0.42655385967385,
    "grassland": 0.33486113929781,
    "tundra": 0.3996735922981,
    "plains": 0.35513235014437,
    "prairie": 0.32649064628778,
    "desert": 0.41284573873092,
    "swamp": 0.31825518214621,
    "marsh": 0.28586734292679,
    "arctic": 0.0082930899345149
  },
  "river_side": {
    "savannah": 0.26230113000439,
    "grassland": 0.2099879794558,
    "tundra": 0.24356938361697,
    "plains": 0.21766628053735,
    "prairie": 0.20298951603958,
    "desert": 0.2535699280285,
    "swamp": 0.20261283262492,
    "marsh": 0.18091924195958,
    "arctic": 0.0029329220500114
  },
  "wet": {
    "marsh": {
      "with_swamp_adjacent": 0.29454666981206,
      "with_marsh_adjacent": 0.36893528347881,
      "with_swamp_or_marsh_adjacent": 0.55137807659039,
      "with_river_adjacent": 0.34728119839585,
      "with_ocean_adjacent": 0.79679759377212,
      "with_river_or_ocean_adjacent": 0.91332468349453,
      "with_any_adjacent": 0.96520405756075,
      "with_river": 0.083107258001101,
      "count": 101736,
      "density": 0.042984929332347
    },
    "swamp": {
      "with_swamp_adjacent": 0.65604745688235,
      "with_marsh_adjacent": 0.69910173315644,
      "with_swamp_or_marsh_adjacent": 0.78627502344958,
      "with_river_adjacent": 0.38485199300315,
      "with_ocean_adjacent": 0.78601306416312,
      "with_river_or_ocean_adjacent": 0.915589957664,
      "with_any_adjacent": 0.98314165237158,
      "with_river": 0.093189903582082,
      "count": 118339,
      "density": 0.049999936622834
    }
  },
  "wetness": {
    "savannah": 0.23504409517058,
    "grassland": 0.5131538274225,
    "tundra": 0.10148698067309,
    "plains": 0.30356871340453,
    "prairie": 0.47078435684151,
    "desert": 0.20781118581979,
    "swamp": 0.61343500148627,
    "marsh": 0.64272887287342,
    "arctic": 0.69211430607827
  },
  "wetness_normalized": {
    "savannah": 0.60891995624666,
    "grassland": 1.3294084495726,
    "tundra": 0.26291852933473,
    "plains": 0.78644412466514,
    "prairie": 1.2196434450374,
    "desert": 0.53836867539733,
    "swamp": 1.5892031407728,
    "marsh": 1.6650936789734,
    "arctic": 1.0
  },
  "wetness_zero_sum": {
    "savannah": -0.39108004375334,
    "grassland": 0.32940844957258,
    "tundra": -0.73708147066527,
    "plains": -0.21355587533486,
    "prairie": 0.2196434450374,
    "desert": -0.46163132460267,
    "swamp": 0.5892031407728,
    "marsh": 0.66509367897336,
    "arctic": 0
  }
}