{
  "general": {
    "biome": {
      "savannah": {
        "adjacency_avg": 2.3682295933244,
        "adjacency_baseline": 307670.01685127,
        "adjacency_count": 341134,
        "adjacency_relative": 1.1087658247989,
        "count": 144046,
        "density": 0.090701985487279
      },
      "grassland": {
        "adjacency_avg": 1.2557972728591,
        "adjacency_baseline": 294273.89895888,
        "adjacency_count": 329152,
        "adjacency_relative": 1.1185225776548,
        "count": 262106,
        "density": 0.1650412688178
      },
      "tundra": {
        "adjacency_avg": 1.7862410597501,
        "adjacency_baseline": 63091.464641224,
        "adjacency_count": 128370,
        "adjacency_relative": 2.0346650807679,
        "count": 71866,
        "density": 0.04525213396435
      },
      "plains": {
        "adjacency_avg": 2.562567381221,
        "adjacency_baseline": 675905.23801823,
        "adjacency_count": 817664,
        "adjacency_relative": 1.2097317109088,
        "count": 319080,
        "density": 0.200916301246
      },
      "prairie": {
        "adjacency_avg": 1.8707166888187,
        "adjacency_baseline": 661811.9181128,
        "adjacency_count": 720630,
        "adjacency_relative": 1.0888743165202,
        "count": 385216,
        "density": 0.24256040460317
      },
      "desert": {
        "adjacency_avg": 0.98506171868858,
        "adjacency_baseline": 77066.799598994,
        "adjacency_count": 100232,
        "adjacency_relative": 1.3005859919128,
        "count": 101752,
        "density": 0.064070563759505
      },
      "swamp": {
        "adjacency_avg": 1.0961258374599,
        "adjacency_baseline": 106996.20683036,
        "adjacency_count": 105364,
        "adjacency_relative": 0.98474518977157,
        "count": 96124,
        "density": 0.060526759875173
      },
      "marsh": {
        "adjacency_avg": 0.49833088813761,
        "adjacency_baseline": 40896.217285931,
        "adjacency_count": 46874,
        "adjacency_relative": 1.1461695753491,
        "count": 94062,
        "density": 0.059228372595591
      },
      "arctic": {
        "adjacency_avg": 1.1290923141773,
        "adjacency_baseline": 136905.07480137,
        "adjacency_count": 128572,
        "adjacency_relative": 0.93913246230312,
        "count": 113872,
        "density": 0.071702209651136
      }
    },
    "results": {
      "savannah": 1.1087658247989,
      "grassland": 1.1185225776548,
      "tundra": 2.0346650807679,
      "plains": 1.2097317109088,
      "prairie": 1.0888743165202,
      "desert": 1.3005859919128,
      "swamp": 0.98474518977157,
      "marsh": 1.1461695753491,
      "arctic": 0.93913246230312
    }
  },
  "land_wetness": 430.42075151048,
  "ocean": {
    "savannah": 0.46560126626217,
    "grassland": 0.67697420127735,
    "tundra": 0.33824061447694,
    "plains": 0.52809953616648,
    "prairie": 0.64699804784848,
    "desert": 0.45034987027282,
    "swamp": 0.75197661354084,
    "marsh": 0.74315876762136,
    "arctic": 0.96095616130392
  },
  "ocean_normalized": {
    "savannah": 9.463526927831,
    "grassland": 13.759764088845,
    "tundra": 6.8748721172641,
    "plains": 10.733828585149,
    "prairie": 13.150487105034,
    "desert": 9.1535363691908,
    "swamp": 15.284217305663,
    "marsh": 15.104991155841,
    "arctic": 19.53180793938
  },
  "ocean_side": {
    "savannah": 0.29186509864904,
    "grassland": 0.56128818111756,
    "tundra": 0.1275011827568,
    "plains": 0.3675661276169,
    "prairie": 0.51980187738827,
    "desert": 0.26783748722384,
    "swamp": 0.66684698930548,
    "marsh": 0.6466585868895,
    "arctic": 0.74068252072502
  },
  "ocean_side_normalized": {
    "savannah": 7.7586244578493,
    "grassland": 14.9206747572,
    "tundra": 3.3893528192321,
    "plains": 9.7709783074632,
    "prairie": 13.817847964035,
    "desert": 7.1199005592736,
    "swamp": 17.726735347312,
    "marsh": 17.190068806932,
    "arctic": 19.689498838327
  },
  "river": {
    "savannah": 0.49521680574261,
    "grassland": 0.3594957765179,
    "tundra": 0.52938802771825,
    "plains": 0.44087062805566,
    "prairie": 0.37218599435122,
    "desert": 0.50516943155908,
    "swamp": 0.34449253048146,
    "marsh": 0.3034594203823,
    "arctic": 0.0058486721933399
  },
  "river_side": {
    "savannah": 0.30642294822487,
    "grassland": 0.22444354574104,
    "tundra": 0.32599560292767,
    "plains": 0.275,
    "prairie": 0.23235275793321,
    "desert": 0.31275060932463,
    "swamp": 0.21870708667971,
    "marsh": 0.18955582488146,
    "arctic": 0.0021691021497822
  },
  "wet": {
    "marsh": {
      "with_swamp_adjacent": 0.27540345729413,
      "with_marsh_adjacent": 0.36884182773065,
      "with_swamp_or_marsh_adjacent": 0.5699644915056,
      "with_river_adjacent": 0.36481257043227,
      "with_ocean_adjacent": 0.89800344453658,
      "with_river_or_ocean_adjacent": 0.97899257936255,
      "with_any_adjacent": 0.99271756926283,
      "with_river": 0.090227722140716,
      "count": 94062,
      "density": 0.059228372595591
    },
    "swamp": {
      "with_swamp_adjacent": 0.68285755898631,
      "with_marsh_adjacent": 0.73048354209147,
      "with_swamp_or_marsh_adjacent": 0.81219050393242,
      "with_river_adjacent": 0.41152053597437,
      "with_ocean_adjacent": 0.88903915775457,
      "with_river_or_ocean_adjacent": 0.98045233240398,
      "with_any_adjacent": 0.99731596687612,
      "with_river": 0.102409387874,
      "count": 96124,
      "density": 0.060526759875173
    }
  },
  "wetness": {
    "savannah": 0.35353950410474,
    "grassland": 0.66972098984956,
    "tundra": 0.15969649808778,
    "plains": 0.40906857856273,
    "prairie": 0.60610843759963,
    "desert": 0.30853966734259,
    "swamp": 0.74916554010245,
    "marsh": 0.77572983164271,
    "arctic": 0.72466126300026
  },
  "wetness_normalized": {
    "savannah": 0.70154225306834,
    "grassland": 1.3289535304859,
    "tundra": 0.31689200152986,
    "plains": 0.81173076539514,
    "prairie": 1.2027246573028,
    "desert": 0.61224731854674,
    "swamp": 1.4865984559647,
    "marsh": 1.5393110177066,
    "arctic": 1.0
  },
  "wetness_zero_sum": {
    "savannah": -0.29845774693166,
    "grassland": 0.32895353048586,
    "tundra": -0.68310799847014,
    "plains": -0.18826923460486,
    "prairie": 0.20272465730278,
    "desert": -0.38775268145326,
    "swamp": 0.48659845596469,
    "marsh": 0.53931101770659,
    "arctic": 0
  }
}