{
  "general": {
    "biome": {
      "savannah": {
        "adjacency_avg": 2.9568386784064,
        "adjacency_baseline": 660244.06322673,
        "adjacency_count": 774742,
        "adjacency_relative": 1.1734175938118,
        "count": 262017,
        "density": 0.11324319126269
      },
      "grassland": {
        "adjacency_avg": 1.4711002482254,
        "adjacency_baseline": 413200.94454395,
        "adjacency_count": 540494,
        "adjacency_relative": 1.3080657417096,
        "count": 367408,
        "density": 0.15879295776778
      },
      "tundra": {
        "adjacency_avg": 2.3161306295154,
        "adjacency_baseline": 145154.91677464,
        "adjacency_count": 308724,
        "adjacency_relative": 2.1268587166034,
        "count": 133293,
        "density": 0.057608951682438
      },
      "plains": {
        "adjacency_avg": 2.8318820194787,
        "adjacency_baseline": 1038486.6702033,
        "adjacency_count": 1328804,
        "adjacency_relative": 1.2795580705334,
        "count": 469230,
        "density": 0.20280021004817
      },
      "prairie": {
        "adjacency_avg": 1.9748544891881,
        "adjacency_baseline": 875488.44269595,
        "adjacency_count": 1017212,
        "adjacency_relative": 1.1618794154125,
        "count": 515082,
        "density": 0.22261734712621
      },
      "desert": {
        "adjacency_avg": 1.1372546546244,
        "adjacency_baseline": 125745.12112964,
        "adjacency_count": 180314,
        "adjacency_relative": 1.4339641838994,
        "count": 158552,
        "density": 0.06852583786961
      },
      "swamp": {
        "adjacency_avg": 1.3165231843111,
        "adjacency_baseline": 171127.01595951,
        "adjacency_count": 198038,
        "adjacency_relative": 1.157257367515,
        "count": 150425,
        "density": 0.065013365719361
      },
      "marsh": {
        "adjacency_avg": 0.65420936307012,
        "adjacency_baseline": 61300.482552284,
        "adjacency_count": 91168,
        "adjacency_relative": 1.4872313594308,
        "count": 139356,
        "density": 0.060229367413577
      },
      "arctic": {
        "adjacency_avg": 1.2566220690587,
        "adjacency_baseline": 163351.31074557,
        "adjacency_count": 148774,
        "adjacency_relative": 0.91076098086369,
        "count": 118392,
        "density": 0.051168771110165
      }
    },
    "results": {
      "savannah": 1.1734175938118,
      "grassland": 1.3080657417096,
      "tundra": 2.1268587166034,
      "plains": 1.2795580705334,
      "prairie": 1.1618794154125,
      "desert": 1.4339641838994,
      "swamp": 1.157257367515,
      "marsh": 1.4872313594308,
      "arctic": 0.91076098086369
    }
  },
  "ocean": {
    "savannah": 0.35693867191823,
    "grassland": 0.54955526281409,
    "tundra": 0.2581906026573,
    "plains": 0.40458623702662,
    "prairie": 0.52248574013458,
    "desert": 0.32877541752863,
    "swamp": 0.62593983712814,
    "marsh": 0.61977238152645,
    "arctic": 0.92664200283803
  },
  "ocean_normalized": {
    "savannah": 6.310919623936,
    "grassland": 9.716512570331,
    "tundra": 4.564986282571,
    "plains": 7.1533611337317,
    "prairie": 9.2379049121284,
    "desert": 5.812974041727,
    "swamp": 11.067044039544,
    "marsh": 10.957999210141,
    "arctic": 16.383663806015
  },
  "ocean_side": {
    "savannah": 0.22296644874188,
    "grassland": 0.43904868701825,
    "tundra": 0.10674228954259,
    "plains": 0.27817061995184,
    "prairie": 0.40689055334879,
    "desert": 0.18988722942631,
    "swamp": 0.53486455044042,
    "marsh": 0.51726513390166,
    "arctic": 0.71308872221096
  },
  "ocean_side_normalized": {
    "savannah": 5.3015363392228,
    "grassland": 10.439384858347,
    "tundra": 2.5380416207687,
    "plains": 6.614141537887,
    "prairie": 9.6747518150695,
    "desert": 4.5150023819204,
    "swamp": 12.717625753661,
    "marsh": 12.299159446932,
    "arctic": 16.955312313683
  },
  "river": {
    "savannah": 0.43342607540732,
    "grassland": 0.36949113791752,
    "tundra": 0.36293728852978,
    "plains": 0.35759861901413,
    "prairie": 0.35698199509981,
    "desert": 0.4188026641102,
    "swamp": 0.34998171846435,
    "marsh": 0.33150348747094,
    "arctic": 0.00849719575647
  },
  "river_side": {
    "savannah": 0.26726891766565,
    "grassland": 0.23202543221704,
    "tundra": 0.21818099975243,
    "plains": 0.22005200008525,
    "prairie": 0.22238789163667,
    "desert": 0.25799737625511,
    "swamp": 0.22090078112016,
    "marsh": 0.208257986739,
    "arctic": 0.0032856949793905
  },
  "wet": {
    "marsh": {
      "with_swamp_adjacent": 0.28103562099945,
      "with_marsh_adjacent": 0.38428915870146,
      "with_swamp_or_marsh_adjacent": 0.6303209047332,
      "with_river_adjacent": 0.39848302190074,
      "with_ocean_adjacent": 0.79427509400385,
      "with_river_or_ocean_adjacent": 0.92760986251041,
      "with_any_adjacent": 0.97609718993082,
      "with_river": 0.1016604954218,
      "count": 139356,
      "density": 0.060229367413577
    },
    "swamp": {
      "with_swamp_adjacent": 0.72627555260096,
      "with_marsh_adjacent": 0.76190792753864,
      "with_swamp_or_marsh_adjacent": 0.83767325909922,
      "with_river_adjacent": 0.42058833305634,
      "with_ocean_adjacent": 0.78607944158218,
      "with_river_or_ocean_adjacent": 0.92477314276217,
      "with_any_adjacent": 0.9874090078112,
      "with_river": 0.1081602127306,
      "count": 150425,
      "density": 0.065013365719361
    }
  },
  "wetness": {
    "savannah": 0.43434132239382,
    "grassland": 0.69432780517212,
    "tundra": 0.29338278836603,
    "plains": 0.4734879792926,
    "prairie": 0.64795389724619,
    "desert": 0.37947543586029,
    "swamp": 0.76209758500827,
    "marsh": 0.79589550842556,
    "arctic": 0.99718961765632
  },
  "wetness_normalized": {
    "savannah": 0.7754429360571,
    "grassland": 1.2396048086361,
    "tundra": 0.52378532520304,
    "plains": 0.84533266792766,
    "prairie": 1.1568120429827,
    "desert": 0.67748917953111,
    "swamp": 1.3605962831807,
    "marsh": 1.4209367564815,
    "arctic": 1.0
  },
  "wetness_zero_sum": {
    "savannah": -0.2245570639429,
    "grassland": 0.23960480863611,
    "tundra": -0.47621467479696,
    "plains": -0.15466733207234,
    "prairie": 0.15681204298274,
    "desert": -0.32251082046889,
    "swamp": 0.36059628318073,
    "marsh": 0.42093675648152,
    "arctic": 0
  }
}