{
  "general": {
    "biome": {
      "savannah": {
        "adjacency_avg": 2.9568386784064,
        "adjacency_baseline": 660244.06322673,
        "adjacency_count": 774742,
        "adjacency_relative": 1.1734175938118,
        "count": 262017,
        "density": 0.11324319126269
      },
      "grassland": {
        "adjacency_avg": 1.4711002482254,
        "adjacency_baseline": 413200.94454395,
        "adjacency_count": 540494,
        "adjacency_relative": 1.3080657417096,
        "count": 367408,
        "density": 0.15879295776778
      },
      "tundra": {
        "adjacency_avg": 2.3161306295154,
        "adjacency_baseline": 145154.91677464,
        "adjacency_count": 308724,
        "adjacency_relative": 2.1268587166034,
        "count": 133293,
        "density": 0.057608951682438
      },
      "plains": {
        "adjacency_avg": 2.8318820194787,
        "adjacency_baseline": 1038486.6702033,
        "adjacency_count": 1328804,
        "adjacency_relative": 1.2795580705334,
        "count": 469230,
        "density": 0.20280021004817
      },
      "prairie": {
        "adjacency_avg": 1.9748544891881,
        "adjacency_baseline": 875488.44269595,
        "adjacency_count": 1017212,
        "adjacency_relative": 1.1618794154125,
        "count": 515082,
        "density": 0.22261734712621
      },
      "desert": {
        "adjacency_avg": 1.1372546546244,
        "adjacency_baseline": 125745.12112964,
        "adjacency_count": 180314,
        "adjacency_relative": 1.4339641838994,
        "count": 158552,
        "density": 0.06852583786961
      },
      "swamp": {
        "adjacency_avg": 1.3165231843111,
        "adjacency_baseline": 171127.01595951,
        "adjacency_count": 198038,
        "adjacency_relative": 1.157257367515,
        "count": 150425,
        "density": 0.065013365719361
      },
      "marsh": {
        "adjacency_avg": 0.65420936307012,
        "adjacency_baseline": 61300.482552284,
        "adjacency_count": 91168,
        "adjacency_relative": 1.4872313594308,
        "count": 139356,
        "density": 0.060229367413577
      },
      "arctic": {
        "adjacency_avg": 1.2566220690587,
        "adjacency_baseline": 163351.31074557,
        "adjacency_count": 148774,
        "adjacency_relative": 0.91076098086369,
        "count": 118392,
        "density": 0.051168771110165
      }
    },
    "results": {
      "savannah": 1.1734175938118,
      "grassland": 1.3080657417096,
      "tundra": 2.1268587166034,
      "plains": 1.2795580705334,
      "prairie": 1.1618794154125,
      "desert": 1.4339641838994,
      "swamp": 1.157257367515,
      "marsh": 1.4872313594308,
      "arctic": 0.91076098086369
    }
  },
  "wet": {
    "marsh": {
      "count": 139356,
      "density": 0.060229367413577,
      "with_any_adjacent": 0.97609718993082,
      "with_marsh_adjacent": 0.38428915870146,
      "with_ocean_adjacent": 0.79427509400385,
      "with_river_adjacent": 0.39848302190074,
      "with_river_or_ocean_adjacent": 0.92760986251041,
      "with_swamp_adjacent": 0.28103562099945,
      "with_swamp_or_marsh_adjacent": 0.38428915870146
    },
    "swamp": {
      "count": 150425,
      "density": 0.065013365719361,
      "with_any_adjacent": 0.9874090078112,
      "with_marsh_adjacent": 0.76190792753864,
      "with_ocean_adjacent": 0.78607944158218,
      "with_river_adjacent": 0.42058833305634,
      "with_river_or_ocean_adjacent": 0.92477314276217,
      "with_swamp_adjacent": 0.72627555260096,
      "with_swamp_or_marsh_adjacent": 0.76190792753864
    }
  }
}