{
  "general": {
    "biome": {
      "savannah": {
        "adjacency_avg": 2.3732267335209,
        "adjacency_baseline": 280910.71434836,
        "adjacency_count": 310494,
        "adjacency_relative": 1.1053120587453,
        "count": 130832,
        "density": 0.090027304355485
      },
      "grassland": {
        "adjacency_avg": 1.2855590386625,
        "adjacency_baseline": 273922.7902633,
        "adjacency_count": 307570,
        "adjacency_relative": 1.1228346487868,
        "count": 239250,
        "density": 0.16463122605364
      },
      "tundra": {
        "adjacency_avg": 1.7570782322609,
        "adjacency_baseline": 54199.506466498,
        "adjacency_count": 111086,
        "adjacency_relative": 2.0495758585673,
        "count": 63222,
        "density": 0.043503930506011
      },
      "plains": {
        "adjacency_avg": 2.5871506870197,
        "adjacency_baseline": 618437.93273909,
        "adjacency_count": 746750,
        "adjacency_relative": 1.2074776795993,
        "count": 288638,
        "density": 0.19861579028493
      },
      "prairie": {
        "adjacency_avg": 1.9256493312592,
        "adjacency_baseline": 620904.33723403,
        "adjacency_count": 677118,
        "adjacency_relative": 1.0905351426862,
        "count": 351631,
        "density": 0.24196214273132
      },
      "desert": {
        "adjacency_avg": 0.99237782095352,
        "adjacency_baseline": 72121.772003124,
        "adjacency_count": 92960,
        "adjacency_relative": 1.2889311704096,
        "count": 93674,
        "density": 0.064458371867706
      },
      "swamp": {
        "adjacency_avg": 1.1156536143192,
        "adjacency_baseline": 98015.877082314,
        "adjacency_count": 96986,
        "adjacency_relative": 0.98949275247061,
        "count": 86932,
        "density": 0.059819108644911
      },
      "marsh": {
        "adjacency_avg": 0.51034337673266,
        "adjacency_baseline": 38018.93825783,
        "adjacency_count": 43666,
        "adjacency_relative": 1.1485328628557,
        "count": 85562,
        "density": 0.058876392742326
      },
      "arctic": {
        "adjacency_avg": 1.1277013752456,
        "adjacency_baseline": 135589.37175029,
        "adjacency_count": 128002,
        "adjacency_relative": 0.94404154505366,
        "count": 113507,
        "density": 0.07810573281367
      }
    },
    "results": {
      "savannah": 1.1053120587453,
      "grassland": 1.1228346487868,
      "tundra": 2.0495758585673,
      "plains": 1.2074776795993,
      "prairie": 1.0905351426862,
      "desert": 1.2889311704096,
      "swamp": 0.98949275247061,
      "marsh": 1.1485328628557,
      "arctic": 0.94404154505366
    }
  },
  "ocean": {
    "savannah": 0.45216002201296,
    "grassland": 0.65331661442006,
    "tundra": 0.32542469393566,
    "plains": 0.50915333393385,
    "prairie": 0.62422255148152,
    "desert": 0.43257467386895,
    "swamp": 0.73754198684029,
    "marsh": 0.71593698137023,
    "arctic": 0.96283048622552
  },
  "ocean_normalized": {
    "savannah": 10.30357494139,
    "grassland": 14.887421199168,
    "tundra": 7.4155996959164,
    "plains": 11.60230731919,
    "prairie": 14.224441627241,
    "desert": 9.8572747544413,
    "swamp": 16.806702857097,
    "marsh": 16.314379825134,
    "arctic": 21.940453794464
  },
  "ocean_side": {
    "savannah": 0.28806408218173,
    "grassland": 0.54691327063741,
    "tundra": 0.12266299705799,
    "plains": 0.35876426527346,
    "prairie": 0.50573754873717,
    "desert": 0.26218587868565,
    "swamp": 0.65629457507017,
    "marsh": 0.62725275239008,
    "arctic": 0.74094989736316
  },
  "ocean_side_normalized": {
    "savannah": 8.5092253507201,
    "grassland": 16.155461770542,
    "tundra": 3.6233850338295,
    "plains": 10.597662707118,
    "prairie": 14.939157766328,
    "desert": 7.7448000757878,
    "swamp": 19.386514255547,
    "marsh": 18.528637730612,
    "arctic": 21.88717733396
  },
  "river": {
    "savannah": 0.47457044148221,
    "grassland": 0.35012330198537,
    "tundra": 0.49185410142039,
    "plains": 0.41855888691025,
    "prairie": 0.35997394996459,
    "desert": 0.4823963960117,
    "swamp": 0.33657341370266,
    "marsh": 0.30192141371169,
    "arctic": 0.0050745768983411
  },
  "river_side": {
    "savannah": 0.29429344502874,
    "grassland": 0.21731661442006,
    "tundra": 0.30052829711176,
    "plains": 0.25919317622766,
    "prairie": 0.22366913042365,
    "desert": 0.30099066976963,
    "swamp": 0.21240739888649,
    "marsh": 0.18518734952432,
    "arctic": 0.0018677262195283
  },
  "wet": {
    "marsh": {
      "with_swamp_adjacent": 0.27748299478741,
      "with_marsh_adjacent": 0.36752296580258,
      "with_swamp_or_marsh_adjacent": 0.57270751034338,
      "with_river_adjacent": 0.36259086977864,
      "with_ocean_adjacent": 0.88990439681167,
      "with_river_or_ocean_adjacent": 0.97199691451813,
      "with_any_adjacent": 0.99019424510881,
      "with_river": 0.087866108786611,
      "count": 85562,
      "density": 0.058876392742326
    },
    "swamp": {
      "with_swamp_adjacent": 0.68880274237335,
      "with_marsh_adjacent": 0.7368517922054,
      "with_swamp_or_marsh_adjacent": 0.81905397322045,
      "with_river_adjacent": 0.40241798187089,
      "with_ocean_adjacent": 0.88664703446372,
      "with_river_or_ocean_adjacent": 0.97506096719275,
      "with_any_adjacent": 0.99662954953297,
      "with_river": 0.099319007960245,
      "count": 86932,
      "density": 0.059819108644911
    }
  },
  "wetness": {
    "savannah": 0.5859980678708,
    "grassland": 0.89277000913366,
    "tundra": 0.34423284022925,
    "plains": 0.60918141813058,
    "prairie": 0.82026335260267,
    "desert": 0.52569101422198,
    "swamp": 0.9361279727913,
    "marsh": 0.99112182163665,
    "arctic": 1.0356833780414
  },
  "wetness_normalized": {
    "savannah": 0.82167694436586,
    "grassland": 1.2518275628311,
    "tundra": 0.48267768072627,
    "plains": 0.8541842604238,
    "prairie": 1.1501599102379,
    "desert": 0.73711537619223,
    "swamp": 1.312623393134,
    "marsh": 1.3897348720888,
    "arctic": 1.0
  },
  "wetness_zero_sum": {
    "savannah": -0.17832305563414,
    "grassland": 0.25182756283107,
    "tundra": -0.51732231927373,
    "plains": -0.1458157395762,
    "prairie": 0.15015991023789,
    "desert": -0.26288462380777,
    "swamp": 0.31262339313404,
    "marsh": 0.38973487208883,
    "arctic": 0
  }
}