{
  "general": {
    "biome": {
      "savannah": {
        "adjacency_avg": 2.3732267335209,
        "adjacency_baseline": 280910.71434836,
        "adjacency_count": 310494,
        "adjacency_relative": 1.1053120587453,
        "count": 130832,
        "density": 0.090027304355485
      },
      "grassland": {
        "adjacency_avg": 1.2855590386625,
        "adjacency_baseline": 273922.7902633,
        "adjacency_count": 307570,
        "adjacency_relative": 1.1228346487868,
        "count": 239250,
        "density": 0.16463122605364
      },
      "tundra": {
        "adjacency_avg": 1.7570782322609,
        "adjacency_baseline": 54199.506466498,
        "adjacency_count": 111086,
        "adjacency_relative": 2.0495758585673,
        "count": 63222,
        "density": 0.043503930506011
      },
      "plains": {
        "adjacency_avg": 2.5871506870197,
        "adjacency_baseline": 618437.93273909,
        "adjacency_count": 746750,
        "adjacency_relative": 1.2074776795993,
        "count": 288638,
        "density": 0.19861579028493
      },
      "prairie": {
        "adjacency_avg": 1.9256493312592,
        "adjacency_baseline": 620904.33723403,
        "adjacency_count": 677118,
        "adjacency_relative": 1.0905351426862,
        "count": 351631,
        "density": 0.24196214273132
      },
      "desert": {
        "adjacency_avg": 0.99237782095352,
        "adjacency_baseline": 72121.772003124,
        "adjacency_count": 92960,
        "adjacency_relative": 1.2889311704096,
        "count": 93674,
        "density": 0.064458371867706
      },
      "swamp": {
        "adjacency_avg": 1.1156536143192,
        "adjacency_baseline": 98015.877082314,
        "adjacency_count": 96986,
        "adjacency_relative": 0.98949275247061,
        "count": 86932,
        "density": 0.059819108644911
      },
      "marsh": {
        "adjacency_avg": 0.51034337673266,
        "adjacency_baseline": 38018.93825783,
        "adjacency_count": 43666,
        "adjacency_relative": 1.1485328628557,
        "count": 85562,
        "density": 0.058876392742326
      },
      "arctic": {
        "adjacency_avg": 1.1277013752456,
        "adjacency_baseline": 135589.37175029,
        "adjacency_count": 128002,
        "adjacency_relative": 0.94404154505366,
        "count": 113507,
        "density": 0.07810573281367
      }
    },
    "results": {
      "savannah": 1.1053120587453,
      "grassland": 1.1228346487868,
      "tundra": 2.0495758585673,
      "plains": 1.2074776795993,
      "prairie": 1.0905351426862,
      "desert": 1.2889311704096,
      "swamp": 0.98949275247061,
      "marsh": 1.1485328628557,
      "arctic": 0.94404154505366
    }
  },
  "wet": {
    "marsh": {
      "with_swamp_adjacent": 0.27748299478741,
      "with_marsh_adjacent": 0.36752296580258,
      "with_swamp_or_marsh_adjacent": 0.57270751034338,
      "with_river_adjacent": 0.36259086977864,
      "with_ocean_adjacent": 0.88990439681167,
      "with_river_or_ocean_adjacent": 0.97199691451813,
      "with_any_adjacent": 0.99019424510881,
      "with_river": 0.087866108786611,
      "count": 85562,
      "density": 0.058876392742326
    },
    "swamp": {
      "with_swamp_adjacent": 0.68880274237335,
      "with_marsh_adjacent": 0.7368517922054,
      "with_swamp_or_marsh_adjacent": 0.81905397322045,
      "with_river_adjacent": 0.40241798187089,
      "with_ocean_adjacent": 0.88664703446372,
      "with_river_or_ocean_adjacent": 0.97506096719275,
      "with_any_adjacent": 0.99662954953297,
      "with_river": 0.099319007960245,
      "count": 86932,
      "density": 0.059819108644911
    }
  }
}