{
  "biomes": {
    "savannah": {
      "bbbb": -0.26428328565536,
      "bbbm": -0.28663697353172,
      "bbbt": -0.26371666762822,
      "bbmb": -0.26953984623063,
      "bbmm": -0.28992450160588,
      "bbmt": -0.26985666095444,
      "bbtb": -0.27300854111547,
      "bbtm": -0.293130690546,
      "bbtt": -0.26671731810137,
      "bmmm": -0.24708535245127,
      "mbmm": -0.26112056998246,
      "mtmm": -0.18908665699419,
      "new": -0.2245570639429,
      "tmmm": -0.17832305563414
    },
    "grassland": {
      "bbbb": 0.25530237296208,
      "bbbm": 0.24360650542427,
      "bbbt": 0.20181327805688,
      "bbmb": 0.26089714433778,
      "bbmm": 0.25025568127301,
      "bbmt": 0.20640996476639,
      "bbtb": 0.2660922298189,
      "bbtm": 0.25452697509542,
      "bbtt": 0.21464861295214,
      "bmmm": 0.25300159552658,
      "mbmm": 0.2561810632797,
      "mtmm": 0.25587377448713,
      "new": 0.23960480863611,
      "tmmm": 0.25182756283107
    },
    "tundra": {
      "bbbb": -0.51871642501076,
      "bbbm": -0.52166622879013,
      "bbbt": -0.45612629011442,
      "bbmb": -0.55487178526981,
      "bbmm": -0.55095854044283,
      "bbmt": -0.47348032211362,
      "bbtb": -0.5898813522623,
      "bbtm": -0.57148424359437,
      "bbtt": -0.49554711129181,
      "bmmm": -0.51807780088427,
      "mbmm": -0.55629771726831,
      "mtmm": -0.51607981804978,
      "new": -0.47621467479696,
      "tmmm": -0.51732231927373
    },
    "plains": {
      "bbbb": -0.21891209091272,
      "bbbm": -0.18260517640415,
      "bbbt": -0.13570503840301,
      "bbmb": -0.1971050855647,
      "bbmm": -0.16036680095437,
      "bbmt": -0.10875525380476,
      "bbtb": -0.17827459332318,
      "bbtm": -0.13942685285246,
      "bbtt": -0.095588343629349,
      "bmmm": -0.14712965063597,
      "mbmm": -0.16027730801188,
      "mtmm": -0.14812659704477,
      "new": -0.15466733207234,
      "tmmm": -0.1458157395762
    },
    "prairie": {
      "bbbb": 0.15438471997107,
      "bbbm": 0.15730271850367,
      "bbbt": 0.14853976808047,
      "bbmb": 0.18271464140319,
      "bbmm": 0.18225510047388,
      "bbmt": 0.17162837429444,
      "bbtb": 0.20760421482001,
      "bbtm": 0.20641031477832,
      "bbtt": 0.18244983565115,
      "bmmm": 0.16885799356756,
      "mbmm": 0.17675845847888,
      "mtmm": 0.15510745521515,
      "new": 0.15681204298274,
      "tmmm": 0.15015991023789
    },
    "desert": {
      "bbbb": -0.34141156709619,
      "bbbm": -0.34855307480825,
      "bbbt": -0.33161016027408,
      "bbmb": -0.34558491422026,
      "bbmm": -0.34782304403014,
      "bbmt": -0.33058242889365,
      "bbtb": -0.34334587745,
      "bbtm": -0.35077844396014,
      "bbtt": -0.31921242614346,
      "bmmm": -0.3136568646486,
      "mbmm": -0.32857744876804,
      "mtmm": -0.2684004972312,
      "new": -0.32251082046889,
      "tmmm": -0.26288462380777
    },
    "swamp": {
      "bbbb": 0.44216513937774,
      "bbbm": 0.41394766737628,
      "bbbt": 0.34214168515089,
      "bbmb": 0.43024442868813,
      "bbmm": 0.39598369138034,
      "bbmt": 0.31804495114037,
      "bbtb": 0.41980593319292,
      "bbtm": 0.3781778155833,
      "bbtt": 0.29401755329462,
      "bmmm": 0.34800823585624,
      "mbmm": 0.38035780752103,
      "mtmm": 0.31092469011344,
      "new": 0.36059628318073,
      "tmmm": 0.31262339313404
    },
    "marsh": {
      "bbbb": 0.49147113636414,
      "bbbm": 0.52460456223003,
      "bbbt": 0.4946634251315,
      "bbmb": 0.4932454168563,
      "bbmm": 0.52057841390599,
      "bbmt": 0.48659137556526,
      "bbtb": 0.49100798631913,
      "bbtm": 0.51570512549593,
      "bbtt": 0.48594919726807,
      "bmmm": 0.45608184366973,
      "mbmm": 0.49297571475108,
      "mtmm": 0.39978764950422,
      "new": 0.42093675648152,
      "tmmm": 0.38973487208883
    },
    "arctic": {
      "bbbb": 0,
      "bbbm": 0,
      "bbbt": 0,
      "bbmb": 0,
      "bbmm": 0,
      "bbmt": 0,
      "bbtb": 0,
      "bbtm": 0,
      "bbtt": 0,
      "bmmm": 0,
      "mbmm": 0,
      "mtmm": 0,
      "new": 0,
      "tmmm": 0
    }
  },
  "modes": {
    "bbtt": {
      "arctic": 0,
      "desert": -0.31921242614346,
      "grassland": 0.21464861295214,
      "marsh": 0.48594919726807,
      "plains": -0.095588343629349,
      "prairie": 0.18244983565115,
      "savannah": -0.26671731810137,
      "swamp": 0.29401755329462,
      "tundra": -0.49554711129181
    },
    "bbtm": {
      "arctic": 0,
      "desert": -0.35077844396014,
      "grassland": 0.25452697509542,
      "marsh": 0.51570512549593,
      "plains": -0.13942685285246,
      "prairie": 0.20641031477832,
      "savannah": -0.293130690546,
      "swamp": 0.3781778155833,
      "tundra": -0.57148424359437
    },
    "bbtb": {
      "arctic": 0,
      "desert": -0.34334587745,
      "grassland": 0.2660922298189,
      "marsh": 0.49100798631913,
      "plains": -0.17827459332318,
      "prairie": 0.20760421482001,
      "savannah": -0.27300854111547,
      "swamp": 0.41980593319292,
      "tundra": -0.5898813522623
    },
    "bbmt": {
      "arctic": 0,
      "desert": -0.33058242889365,
      "grassland": 0.20640996476639,
      "marsh": 0.48659137556526,
      "plains": -0.10875525380476,
      "prairie": 0.17162837429444,
      "savannah": -0.26985666095444,
      "swamp": 0.31804495114037,
      "tundra": -0.47348032211362
    },
    "bbmm": {
      "arctic": 0,
      "desert": -0.34782304403014,
      "grassland": 0.25025568127301,
      "marsh": 0.52057841390599,
      "plains": -0.16036680095437,
      "prairie": 0.18225510047388,
      "savannah": -0.28992450160588,
      "swamp": 0.39598369138034,
      "tundra": -0.55095854044283
    },
    "bbmb": {
      "arctic": 0,
      "desert": -0.34558491422026,
      "grassland": 0.26089714433778,
      "marsh": 0.4932454168563,
      "plains": -0.1971050855647,
      "prairie": 0.18271464140319,
      "savannah": -0.26953984623063,
      "swamp": 0.43024442868813,
      "tundra": -0.55487178526981
    },
    "bbbt": {
      "arctic": 0,
      "desert": -0.33161016027408,
      "grassland": 0.20181327805688,
      "marsh": 0.4946634251315,
      "plains": -0.13570503840301,
      "prairie": 0.14853976808047,
      "savannah": -0.26371666762822,
      "swamp": 0.34214168515089,
      "tundra": -0.45612629011442
    },
    "bbbm": {
      "arctic": 0,
      "desert": -0.34855307480825,
      "grassland": 0.24360650542427,
      "marsh": 0.52460456223003,
      "plains": -0.18260517640415,
      "prairie": 0.15730271850367,
      "savannah": -0.28663697353172,
      "swamp": 0.41394766737628,
      "tundra": -0.52166622879013
    },
    "bbbb": {
      "arctic": 0,
      "desert": -0.34141156709619,
      "grassland": 0.25530237296208,
      "marsh": 0.49147113636414,
      "plains": -0.21891209091272,
      "prairie": 0.15438471997107,
      "savannah": -0.26428328565536,
      "swamp": 0.44216513937774,
      "tundra": -0.51871642501076
    },
    "tmmm": {
      "arctic": 0,
      "desert": -0.26288462380777,
      "grassland": 0.25182756283107,
      "marsh": 0.38973487208883,
      "plains": -0.1458157395762,
      "prairie": 0.15015991023789,
      "savannah": -0.17832305563414,
      "swamp": 0.31262339313404,
      "tundra": -0.51732231927373
    },
    "bmmm": {
      "arctic": 0,
      "desert": -0.3136568646486,
      "grassland": 0.25300159552658,
      "marsh": 0.45608184366973,
      "plains": -0.14712965063597,
      "prairie": 0.16885799356756,
      "savannah": -0.24708535245127,
      "swamp": 0.34800823585624,
      "tundra": -0.51807780088427
    },
    "mtmm": {
      "arctic": 0,
      "desert": -0.2684004972312,
      "grassland": 0.25587377448713,
      "marsh": 0.39978764950422,
      "plains": -0.14812659704477,
      "prairie": 0.15510745521515,
      "savannah": -0.18908665699419,
      "swamp": 0.31092469011344,
      "tundra": -0.51607981804978
    },
    "mbmm": {
      "arctic": 0,
      "desert": -0.32857744876804,