{
  "biomes": {
    "savannah": {
      "bbbb": -0.38134034016911,
      "bbbm": -0.41713104362604,
      "bbbt": -0.38418987946961,
      "bbmb": -0.38819317297656,
      "bbmm": -0.42144606787947,
      "bbmt": -0.3894262507081,
      "bbtb": -0.39288799874415,
      "bbtm": -0.42583928068395,
      "bbtt": -0.38360767883022,
      "bmmm": -0.36799755957134,
      "mbmm": -0.39108004375334,
      "mtmm": -0.29845774693166,
      "new": -0.31978371763993,
      "tmmm": -0.28616899760862
    },
    "grassland": {
      "bbbb": 0.29804625041089,
      "bbbm": 0.31304812808781,
      "bbbt": 0.30481297934793,
      "bbmb": 0.30484079552083,
      "bbmm": 0.32116469453356,
      "bbmt": 0.3112326387351,
      "bbtb": 0.31130732359082,
      "bbtm": 0.3279648774443,
      "bbtt": 0.31952172512486,
      "bmmm": 0.32895636461176,
      "mbmm": 0.32940844957258,
      "mtmm": 0.32895353048586,
      "new": 0.3099317813712,
      "tmmm": 0.32288664127811
    },
    "tundra": {
      "bbbb": -0.64317268549958,
      "bbbm": -0.70272796608384,
      "bbbt": -0.68273383172057,
      "bbmb": -0.68437726808251,
      "bbmm": -0.73075370305703,
      "bbmt": -0.69801962098637,
      "bbtb": -0.72225960896276,
      "bbtm": -0.75281469675849,
      "bbtt": -0.71727108168475,
      "bmmm": -0.69450997983136,
      "mbmm": -0.73708147066527,
      "mtmm": -0.68310799847014,
      "new": -0.64789408379274,
      "tmmm": -0.68612869349342
    },
    "plains": {
      "bbbb": -0.27133980604627,
      "bbbm": -0.24744900238346,
      "bbbt": -0.2030644768373,
      "bbmb": -0.24462633292736,
      "bbmm": -0.21765880667837,
      "bbmt": -0.16693502822638,
      "bbtb": -0.22096182033286,
      "bbtm": -0.19008813787711,
      "bbtt": -0.14556538371128,
      "bmmm": -0.1965874366378,
      "mbmm": -0.21355587533486,
      "mtmm": -0.18826923460486,
      "new": -0.19322317744163,
      "tmmm": -0.18358709181523
    },
    "prairie": {
      "bbbb": 0.18150851098464,
      "bbbm": 0.19340069802679,
      "bbbt": 0.19672729851542,
      "bbmb": 0.21558952095132,
      "bbmm": 0.22332152135064,
      "bbmt": 0.2307691394705,
      "bbtb": 0.24287350063506,
      "bbtm": 0.25372998870119,
      "bbtt": 0.24752638432424,
      "bmmm": 0.21392300194899,
      "mbmm": 0.2196434450374,
      "mtmm": 0.20272465730278,
      "new": 0.20509966767347,
      "tmmm": 0.19748433138887
    },
    "desert": {
      "bbbb": -0.443605618141,
      "bbbm": -0.47897230615466,
      "bbbt": -0.48621473006607,
      "bbmb": -0.45318984242768,
      "bbmm": -0.48208331831292,
      "bbmt": -0.48822061628196,
      "bbtb": -0.45618184480488,
      "bbtm": -0.49114009480619,
      "bbtt": -0.47181407679755,
      "bmmm": -0.44100346677403,
      "mbmm": -0.46163132460267,
      "mtmm": -0.38775268145326,
      "new": -0.43575668701884,
      "tmmm": -0.38066332293407
    },
    "swamp": {
      "bbbb": 0.64582030760604,
      "bbbm": 0.63441012285611,
      "bbbt": 0.52719260079449,
      "bbmb": 0.63214529637143,
      "bbmm": 0.60668843794637,
      "bbmt": 0.49102192775135,
      "bbtb": 0.61864349901517,
      "bbtm": 0.58349814589369,
      "bbtt": 0.4487964458565,
      "bmmm": 0.5407986492314,
      "mbmm": 0.5892031407728,
      "mtmm": 0.48659845596469,
      "new": 0.52950139594026,
      "tmmm": 0.49205741637733
    },
    "marsh": {
      "bbbb": 0.6140833808544,
      "bbbm": 0.70542136927728,
      "bbbt": 0.72747003943571,
      "bbmb": 0.61781100357054,
      "bbmm": 0.70076724209721,
      "bbmt": 0.70957781024586,
      "bbtb": 0.61946694960359,
      "bbtm": 0.69468919808656,
      "bbtt": 0.70241366571821,
      "bmmm": 0.61642042702238,
      "mbmm": 0.66509367897336,
      "mtmm": 0.53931101770659,
      "new": 0.5521248209082,
      "tmmm": 0.52411971680703
    },
    "arctic": {
      "bbbb": 0,
      "bbbm": 0,
      "bbbt": 0,
      "bbmb": 0,
      "bbmm": 0,
      "bbmt": 0,
      "bbtb": 0,
      "bbtm": 0,
      "bbtt": 0,
      "bmmm": 0,
      "mbmm": 0,
      "mtmm": 0,
      "new": 0,
      "tmmm": 0
    }
  },
  "modes": {
    "bbtt": {
      "arctic": 0,
      "desert": -0.47181407679755,
      "grassland": 0.31952172512486,
      "marsh": 0.70241366571821,
      "plains": -0.14556538371128,
      "prairie": 0.24752638432424,
      "savannah": -0.38360767883022,
      "swamp": 0.4487964458565,
      "tundra": -0.71727108168475
    },
    "bbtm": {
      "arctic": 0,
      "desert": -0.49114009480619,
      "grassland": 0.3279648774443,
      "marsh": 0.69468919808656,
      "plains": -0.19008813787711,
      "prairie": 0.25372998870119,
      "savannah": -0.42583928068395,
      "swamp": 0.58349814589369,
      "tundra": -0.75281469675849
    },
    "bbtb": {
      "arctic": 0,
      "desert": -0.45618184480488,
      "grassland": 0.31130732359082,
      "marsh": 0.61946694960359,
      "plains": -0.22096182033286,
      "prairie": 0.24287350063506,
      "savannah": -0.39288799874415,
      "swamp": 0.61864349901517,
      "tundra": -0.72225960896276
    },
    "bbmt": {
      "arctic": 0,
      "desert": -0.48822061628196,
      "grassland": 0.3112326387351,
      "marsh": 0.70957781024586,
      "plains": -0.16693502822638,
      "prairie": 0.2307691394705,
      "savannah": -0.3894262507081,
      "swamp": 0.49102192775135,
      "tundra": -0.69801962098637
    },
    "bbmm": {
      "arctic": 0,
      "desert": -0.48208331831292,
      "grassland": 0.32116469453356,
      "marsh": 0.70076724209721,
      "plains": -0.21765880667837,
      "prairie": 0.22332152135064,
      "savannah": -0.42144606787947,
      "swamp": 0.60668843794637,
      "tundra": -0.73075370305703
    },
    "bbmb": {
      "arctic": 0,
      "desert": -0.45318984242768,
      "grassland": 0.30484079552083,
      "marsh": 0.61781100357054,
      "plains": -0.24462633292736,
      "prairie": 0.21558952095132,
      "savannah": -0.38819317297656,
      "swamp": 0.63214529637143,
      "tundra": -0.68437726808251
    },
    "bbbt": {
      "arctic": 0,
      "desert": -0.48621473006607,
      "grassland": 0.30481297934793,
      "marsh": 0.72747003943571,
      "plains": -0.2030644768373,
      "prairie": 0.19672729851542,
      "savannah": -0.38418987946961,
      "swamp": 0.52719260079449,
      "tundra": -0.68273383172057
    },
    "bbbm": {
      "arctic": 0,
      "desert": -0.47897230615466,
      "grassland": 0.31304812808781,
      "marsh": 0.70542136927728,
      "plains": -0.24744900238346,
      "prairie": 0.19340069802679,
      "savannah": -0.41713104362604,
      "swamp": 0.63441012285611,
      "tundra": -0.70272796608384
    },
    "bbbb": {
      "arctic": 0,
      "desert": -0.443605618141,
      "grassland": 0.29804625041089,
      "marsh": 0.6140833808544,
      "plains": -0.27133980604627,
      "prairie": 0.18150851098464,
      "savannah": -0.38134034016911,
      "swamp": 0.64582030760604,
      "tundra": -0.64317268549958
    },
    "tmmm": {
      "arctic": 0,
      "desert": -0.38066332293407,
      "grassland": 0.32288664127811,
      "marsh": 0.52411971680703,
      "plains": -0.18358709181523,
      "prairie": 0.19748433138887,
      "savannah": -0.28616899760862,
      "swamp": 0.49205741637733,
      "tundra": -0.68612869349342
    },
    "bmmm": {
      "arctic": 0,
      "desert": -0.44100346677403,
      "grassland": 0.32895636461176,
      "marsh": 0.61642042702238,
      "plains": -0.1965874366378,
      "prairie": 0.21392300194899,
      "savannah": -0.36799755957134,
      "swamp": 0.5407986492314,
      "tundra": -0.69450997983136
    },
    "mtmm": {
      "arctic": 0,
      "desert": -0.38775268145326,
      "grassland": 0.32895353048586,
      "marsh": 0.53931101770659,
      "plains": -0.18826923460486,
      "prairie": 0.20272465730278,
      "savannah": -0.29845774693166,
      "swamp": 0.48659845596469,
      "tundra": -0.68310799847014
    },
    "mbmm": {
      "arctic": 0,
      "desert": -0.46163132460267,