{
  "savs": 2000,
  "tiles": 7840000,
  "land": 1224.42,
  "land_arctic_row": 58.9325,
  "land_ocean_adjacent": 790.2775,
  "land_ocean_adjacent_cardinal": 581.066,
  "land_non_mounds": 1009.779,
  "count": {
    "mountains": 86.426,
    "hills": 69.2825,
    "clearing": 120.364
  },
  "count_forest": 889.415,
  "stddev": {
    "mountains": 17.156734071495052,
    "hills": 11.287235877308534,
    "clearing": 33.943578243903495
  },
  "density": {
    "mountains": 0.07058525669296484,
    "hills": 0.056583933617549535,
    "clearing": 0.0983028699302527
  },
  "forest_density_non_mounds": 0.8808016407550563,
  "count_hills_plus_land_rivers": 138565,
  "density_hills_plus_land_rivers": 0.056583933617549535,
  "count_arctic_rows": {
    "mountains": 0,
    "hills": 0,
    "clearing": 58.9325
  },
  "num_ranges": {
    "mountains": 53.4525,
    "hills": 59.8125,
    "clearing": 55.9995
  },
  "num_ranges_1": {
    "mountains": 38.5995,
    "hills": 52.3235,
    "clearing": 34.9215
  },
  "num_ranges_1_per_land": {
    "mountains": 0.031524721909148824,
    "hills": 0.042733294131098803,
    "clearing": 0.028520850688489245
  },
  "num_ranges_per_land": {
    "mountains": 0.043655363355711276,
    "hills": 0.04884965943058754,
    "clearing": 0.04573553192531974
  },
  "count_range_centers": {
    "mountains": 53.4525,
    "hills": 59.8125,
    "clearing": 55.9995
  },
  "density_range_centers": {
    "mountains": 0.043655363355711276,
    "hills": 0.04884965943058754,
    "clearing": 0.04573553192531974
  },
  "count_ocean_adjacent": {
    "mountains": 56.046,
    "hills": 46.6165,
    "clearing": 60.3195
  },
  "count_ocean_adjacent_cardinal": {
    "mountains": 39.194,
    "hills": 33.912,
    "clearing": 35.684
  },
  "density_ocean_adjacent": {
    "mountains": 0.0709193922388022,
    "hills": 0.058987507552726734,
    "clearing": 0.07632698640667361
  },
  "density_ocean_adjacent_cardinal": {
    "mountains": 0.06745189014673032,
    "hills": 0.05836170073623306,
    "clearing": 0.06141126825524123
  },
  "count_large_range": {
    "mountains": 16.3465,
    "hills": 0.5175,
    "clearing": 44.351
  },
  "count_large_range_ocean_adjacent": {
    "mountains": 8.909,
    "hills": 0.249,
    "clearing": 18.2295
  },
  "count_large_range_ocean_adjacent_cardinal": {
    "mountains": 5.59,
    "hills": 0.156,
    "clearing": 10.174
  },
  "density_large_range": {
    "mountains": 0.013350402639617126,
    "hills": 0.0004226490909981869,
    "clearing": 0.03622204799006877
  },
  "density_large_range_ocean_adjacent": {
    "mountains": 0.011273255280581821,
    "hills": 0.0003150791968643926,
    "clearing": 0.02306721373188532
  },
  "density_large_range_ocean_adjacent_cardinal": {
    "mountains": 0.00962024967903818,
    "hills": 0.0002684720840661818,
    "clearing": 0.01750919861082906
  },
  "count_mountains_adjacent_to_hills": 14.707,
  "count_hills_adjacent_to_mountains": 13.89,
  "land_with_biome": {
    "savannah": 322846,
    "grassland": 404648,
    "tundra": 82553,
    "plains": 466729,
    "prairie": 568085,
    "desert": 178658,
    "swamp": 164866,
    "marsh": 132060,
    "arctic": 10530
  },
  "count_with_biome": {
    "mountains": {
      "savannah": 22798,
      "grassland": 21443,
      "tundra": 5877,
      "plains": 43748,
      "prairie": 40574,
      "desert": 17222,
      "swamp": 8784,
      "marsh": 12406,
      "arctic": 0
    },
    "hills": {
      "savannah": 11355,
      "grassland": 10260,
      "tundra": 5850,
      "plains": 47868,
      "prairie": 33568,
      "desert": 7170,
      "swamp": 12100,
      "marsh": 10394,
      "arctic": 0
    },
    "clearing": {
      "savannah": 40205,
      "grassland": 29721,
      "tundra": 14672,
      "plains": 61439,
      "prairie": 52231,
      "desert": 21135,
      "swamp": 6740,
      "marsh": 4055,
      "arctic": 10530
    }
  },
  "density_on_biome": {
    "mountains": {
      "savannah": 0.07061571151570718,
      "grassland": 0.052991736027362055,
      "tundra": 0.07119062905042821,
      "plains": 0.09373319420905922,
      "prairie": 0.07142241037872854,
      "desert": 0.0963964669928019,
      "swamp": 0.053279633156624165,
      "marsh": 0.09394214750870816,
      "arctic": 0
    },
    "hills": {
      "savannah": 0.03517156786827156,
      "grassland": 0.02535537059370119,
      "tundra": 0.07086356643610771,
      "plains": 0.10256058655022508,
      "prairie": 0.059089748893211405,
      "desert": 0.04013254374279349,
      "swamp": 0.0733929372945301,
      "marsh": 0.0787066484931092,
      "arctic": 0
    },
    "clearing": {
      "savannah": 0.12453305910557975,
      "grassland": 0.07344902236017477,
      "tundra": 0.17772824730779016,
      "plains": 0.13163741700215756,
      "prairie": 0.09194222695547322,
      "desert": 0.11829864881505446,
      "swamp": 0.04088168573265561,
      "marsh": 0.0307057398152355,
      "arctic": 1
    }
  }
}