{
  "savs": 10000,
  "tiles": 39200000,
  "land": 1224.402,
  "land_arctic_row": 58.7593,
  "land_ocean_adjacent": 793.974,
  "land_ocean_adjacent_cardinal": 584.1492,
  "land_non_mounds": 1009.6833,
  "count": {
    "mountains": 86.6837,
    "hills": 69.2757,
    "clearing": 121.1042
  },
  "count_forest": 888.5791,
  "stddev": {
    "mountains": 17.086862038127403,
    "hills": 11.038835514219807,
    "clearing": 34.102831881824706
  },
  "density": {
    "mountains": 0.07079676446134521,
    "hills": 0.056579211729481,
    "clearing": 0.09890885509824388
  },
  "forest_density_non_mounds": 0.8800572417113366,
  "count_hills_plus_land_rivers": 692757,
  "density_hills_plus_land_rivers": 0.056579211729481,
  "count_arctic_rows": {
    "mountains": 0,
    "hills": 0,
    "clearing": 58.7593
  },
  "num_ranges": {
    "mountains": 53.5973,
    "hills": 59.8848,
    "clearing": 56.1201
  },
  "num_ranges_1": {
    "mountains": 38.6116,
    "hills": 52.431,
    "clearing": 35.0474
  },
  "num_ranges_1_per_land": {
    "mountains": 0.03153506773102298,
    "hills": 0.042821720317346754,
    "clearing": 0.02862409568099366
  },
  "num_ranges_per_land": {
    "mountains": 0.04377426694827352,
    "hills": 0.04890942680590198,
    "clearing": 0.045834701348086655
  },
  "count_range_centers": {
    "mountains": 53.5973,
    "hills": 59.8848,
    "clearing": 56.1201
  },
  "density_range_centers": {
    "mountains": 0.04377426694827352,
    "hills": 0.04890942680590198,
    "clearing": 0.045834701348086655
  },
  "count_ocean_adjacent": {
    "mountains": 56.4294,
    "hills": 46.7899,
    "clearing": 61.1224
  },
  "count_ocean_adjacent_cardinal": {
    "mountains": 39.4942,
    "hills": 34.0786,
    "clearing": 36.151
  },
  "density_ocean_adjacent": {
    "mountains": 0.07107210059775257,
    "hills": 0.05893127482763919,
    "clearing": 0.07698287349459806
  },
  "density_ocean_adjacent_cardinal": {
    "mountains": 0.06760978188449115,
    "hills": 0.058338862742600694,
    "clearing": 0.0618865865090631
  },
  "count_large_range": {
    "mountains": 16.2616,
    "hills": 0.4404,
    "clearing": 44.9848
  },
  "count_large_range_ocean_adjacent": {
    "mountains": 8.9124,
    "hills": 0.2186,
    "clearing": 18.6234
  },
  "count_large_range_ocean_adjacent_cardinal": {
    "mountains": 5.5744,
    "hills": 0.1304,
    "clearing": 10.4236
  },
  "density_large_range": {
    "mountains": 0.013281258932932158,
    "hills": 0.0003596857894711051,
    "clearing": 0.0367402209405081
  },
  "density_large_range_ocean_adjacent": {
    "mountains": 0.01122505270953457,
    "hills": 0.000275323877104288,
    "clearing": 0.02345593180633119
  },
  "density_large_range_ocean_adjacent_cardinal": {
    "mountains": 0.009542767498440467,
    "hills": 0.00022323064039118774,
    "clearing": 0.017844071343417058
  },
  "count_mountains_adjacent_to_hills": 14.6941,
  "count_hills_adjacent_to_mountains": 13.9136,
  "land_with_biome": {
    "savannah": 1608698,
    "grassland": 2014197,
    "tundra": 418127,
    "plains": 2342568,
    "prairie": 2851713,
    "desert": 893955,
    "swamp": 818367,
    "marsh": 657829,
    "arctic": 50973
  },
  "count_with_biome": {
    "mountains": {
      "savannah": 113806,
      "grassland": 107897,
      "tundra": 29214,
      "plains": 219978,
      "prairie": 203842,
      "desert": 86694,
      "swamp": 43646,
      "marsh": 61760,
      "arctic": 0
    },
    "hills": {
      "savannah": 55427,
      "grassland": 51254,
      "tundra": 29684,
      "plains": 238442,
      "prairie": 170581,
      "desert": 35616,
      "swamp": 59830,
      "marsh": 51923,
      "arctic": 0
    },
    "clearing": {
      "savannah": 202355,
      "grassland": 148080,
      "tundra": 74488,
      "plains": 308883,
      "prairie": 264584,
      "desert": 106856,
      "swamp": 34447,
      "marsh": 20376,
      "arctic": 50973
    }
  },
  "density_on_biome": {
    "mountains": {
      "savannah": 0.0707441670220265,
      "grassland": 0.05356824580713803,
      "tundra": 0.06986872409578908,
      "plains": 0.09390463798702962,
      "prairie": 0.07148054520212939,
      "desert": 0.0969780358071715,
      "swamp": 0.05333304006637609,
      "marsh": 0.09388458094732825,
      "arctic": 0
    },
    "hills": {
      "savannah": 0.034454571336571566,
      "grassland": 0.025446368950008364,
      "tundra": 0.07099278448892322,
      "plains": 0.10178658634455862,
      "prairie": 0.05981702927328241,
      "desert": 0.0398409315905163,
      "swamp": 0.07310900854995375,
      "marsh": 0.07893084677020928,
      "arctic": 0
    },
    "clearing": {
      "savannah": 0.1257880596606697,
      "grassland": 0.07351813154324031,
      "tundra": 0.1781468309867576,
      "plains": 0.13185657790937125,
      "prairie": 0.09278072512907154,
      "desert": 0.11953174376786303,
      "swamp": 0.04209236198429311,
      "marsh": 0.030974614983529155,
      "arctic": 1
    }
  }
}