{
  "savs": 2000,
  "tiles": 7840000,
  "land": 1226.4955,
  "land_arctic_row": 58.9705,
  "land_ocean_adjacent": 793.962,
  "land_ocean_adjacent_cardinal": 583.465,
  "land_non_mounds": 1011.757,
  "count": {
    "mountains": 87.161,
    "hills": 68.607,
    "clearing": 103.556
  },
  "count_forest": 908.201,
  "stddev": {
    "mountains": 16.506940328237686,
    "hills": 10.921105759033725,
    "clearing": 18.224567594321673
  },
  "density": {
    "mountains": 0.07106507932560699,
    "hills": 0.055937424964054086,
    "clearing": 0.08443243371051912
  },
  "forest_density_non_mounds": 0.8976473599886139,
  "count_hills_plus_land_rivers": 137214,
  "density_hills_plus_land_rivers": 0.055937424964054086,
  "count_arctic_rows": {
    "mountains": 0,
    "hills": 0,
    "clearing": 58.9705
  },
  "num_ranges": {
    "mountains": 54.018,
    "hills": 59.48,
    "clearing": 62.5575
  },
  "num_ranges_1": {
    "mountains": 38.7755,
    "hills": 52.1935,
    "clearing": 43.9495
  },
  "num_ranges_1_per_land": {
    "mountains": 0.031614873434105545,
    "hills": 0.0425549869526631,
    "clearing": 0.03583339686121963
  },
  "num_ranges_per_land": {
    "mountains": 0.044042558655942886,
    "hills": 0.04849589745743054,
    "clearing": 0.05100507910546757
  },
  "count_range_centers": {
    "mountains": 54.018,
    "hills": 59.48,
    "clearing": 62.5575
  },
  "density_range_centers": {
    "mountains": 0.044042558655942886,
    "hills": 0.04849589745743054,
    "clearing": 0.05100507910546757
  },
  "count_ocean_adjacent": {
    "mountains": 57.071,
    "hills": 46.408,
    "clearing": 65.053
  },
  "count_ocean_adjacent_cardinal": {
    "mountains": 39.807,
    "hills": 33.771,
    "clearing": 44.3645
  },
  "density_ocean_adjacent": {
    "mountains": 0.0718812739148725,
    "hills": 0.0584511601310894,
    "clearing": 0.08193465178434232
  },
  "density_ocean_adjacent_cardinal": {
    "mountains": 0.06822517203259836,
    "hills": 0.05788007849656792,
    "clearing": 0.07603626609993744
  },
  "count_large_range": {
    "mountains": 16.0135,
    "hills": 0.4035,
    "clearing": 20.2845
  },
  "count_large_range_ocean_adjacent": {
    "mountains": 9.041,
    "hills": 0.201,
    "clearing": 10.388
  },
  "count_large_range_ocean_adjacent_cardinal": {
    "mountains": 5.693,
    "hills": 0.12,
    "clearing": 6.2415
  },
  "density_large_range": {
    "mountains": 0.013056305546983255,
    "hills": 0.00032898612347130504,
    "clearing": 0.01653858493569687
  },
  "density_large_range_ocean_adjacent": {
    "mountains": 0.01138719485315418,
    "hills": 0.0002531607306143115,
    "clearing": 0.013083749600106807
  },
  "density_large_range_ocean_adjacent_cardinal": {
    "mountains": 0.009757226226080398,
    "hills": 0.00020566786353937253,
    "clearing": 0.010697299752341615
  },
  "count_mountains_adjacent_to_hills": 14.442,
  "count_hills_adjacent_to_mountains": 13.6485,
  "land_with_biome": {
    "savannah": 321572,
    "grassland": 404988,
    "tundra": 83455,
    "plains": 468505,
    "prairie": 571559,
    "desert": 179094,
    "swamp": 163426,
    "marsh": 131927,
    "arctic": 10524
  },
  "count_with_biome": {
    "mountains": {
      "savannah": 22900,
      "grassland": 21306,
      "tundra": 5896,
      "plains": 44966,
      "prairie": 40813,
      "desert": 17255,
      "swamp": 8746,
      "marsh": 12440,
      "arctic": 0
    },
    "hills": {
      "savannah": 10915,
      "grassland": 10243,
      "tundra": 5932,
      "plains": 47284,
      "prairie": 33581,
      "desert": 7207,
      "swamp": 11763,
      "marsh": 10289,
      "arctic": 0
    },
    "clearing": {
      "savannah": 37403,
      "grassland": 24992,
      "tundra": 18092,
      "plains": 51893,
      "prairie": 37188,
      "desert": 18842,
      "swamp": 5277,
      "marsh": 2901,
      "arctic": 10524
    }
  },
  "density_on_biome": {
    "mountains": {
      "savannah": 0.07121266776958193,
      "grassland": 0.05260896619159086,
      "tundra": 0.07064885267509437,
      "plains": 0.095977630975123,
      "prairie": 0.07140645147745027,
      "desert": 0.09634605291076194,
      "swamp": 0.05351657630976711,
      "marsh": 0.09429457199815049,
      "arctic": 0
    },
    "hills": {
      "savannah": 0.03394263182117846,
      "grassland": 0.02529210742046678,
      "tundra": 0.07108022287460308,
      "plains": 0.10092528361490272,
      "prairie": 0.058753339550247655,
      "desert": 0.04024143745742459,
      "swamp": 0.07197753111500006,
      "marsh": 0.0779901005859301,
      "arctic": 0
    },
    "clearing": {
      "savannah": 0.11631298744915602,
      "grassland": 0.061710470433691864,
      "tundra": 0.21678749026421426,
      "plains": 0.11076295877311874,
      "prairie": 0.06506414910796611,
      "desert": 0.10520732129496242,
      "swamp": 0.032289843721317296,
      "marsh": 0.021989433550372556,
      "arctic": 1
    }
  }
}