{
  "savs": 10000,
  "tiles": 39200000,
  "land": 1225.8742,
  "land_arctic_row": 58.8011,
  "land_ocean_adjacent": 794.5197,
  "land_ocean_adjacent_cardinal": 584.5302,
  "land_non_mounds": 1005.2143,
  "count": {
    "mountains": 90.088,
    "hills": 71.7708,
    "clearing": 133.8304
  },
  "count_forest": 871.3839,
  "stddev": {
    "mountains": 17.784854680317242,
    "hills": 11.54612780805759,
    "clearing": 35.055020123229184
  },
  "density": {
    "mountains": 0.07348878049640004,
    "hills": 0.05854662737824159,
    "clearing": 0.1091713978481642
  },
  "forest_density_non_mounds": 0.8668638120249582,
  "count_hills_plus_land_rivers": 717708,
  "density_hills_plus_land_rivers": 0.05854662737824159,
  "count_arctic_rows": {
    "mountains": 0,
    "hills": 0,
    "clearing": 58.8011
  },
  "num_ranges": {
    "mountains": 54.8337,
    "hills": 61.6497,
    "clearing": 61.8645
  },
  "num_ranges_1": {
    "mountains": 39.3007,
    "hills": 53.7293,
    "clearing": 38.6041
  },
  "num_ranges_1_per_land": {
    "mountains": 0.032059325500120646,
    "hills": 0.04382937498806974,
    "clearing": 0.0314910779588966
  },
  "num_ranges_per_land": {
    "mountains": 0.044730283091038214,
    "hills": 0.05029039684496174,
    "clearing": 0.050465618739671654
  },
  "count_range_centers": {
    "mountains": 54.8337,
    "hills": 61.6497,
    "clearing": 61.8645
  },
  "density_range_centers": {
    "mountains": 0.044730283091038214,
    "hills": 0.05029039684496174,
    "clearing": 0.050465618739671654
  },
  "count_ocean_adjacent": {
    "mountains": 58.7042,
    "hills": 48.4557,
    "clearing": 68.1483
  },
  "count_ocean_adjacent_cardinal": {
    "mountains": 41.1741,
    "hills": 35.305,
    "clearing": 40.1206
  },
  "density_ocean_adjacent": {
    "mountains": 0.07388639954427813,
    "hills": 0.06098741164001346,
    "clearing": 0.08577295188527106
  },
  "density_ocean_adjacent_cardinal": {
    "mountains": 0.07043964537674871,
    "hills": 0.06039893233916742,
    "clearing": 0.06863734328867867
  },
  "count_large_range": {
    "mountains": 18.015,
    "hills": 0.5551,
    "clearing": 49.9707
  },
  "count_large_range_ocean_adjacent": {
    "mountains": 9.9291,
    "hills": 0.2736,
    "clearing": 20.8497
  },
  "count_large_range_ocean_adjacent_cardinal": {
    "mountains": 6.2227,
    "hills": 0.1641,
    "clearing": 11.6286
  },
  "density_large_range": {
    "mountains": 0.01469563516386918,
    "hills": 0.00045281971021170035,
    "clearing": 0.040763318128401754
  },
  "density_large_range_ocean_adjacent": {
    "mountains": 0.012496984026953643,
    "hills": 0.0003443589882038167,
    "clearing": 0.02624189179953625
  },
  "density_large_range_ocean_adjacent_cardinal": {
    "mountains": 0.010645643287549557,
    "hills": 0.0002807382749428515,
    "clearing": 0.019893925070081923
  },
  "count_mountains_adjacent_to_hills": 15.708,
  "count_hills_adjacent_to_mountains": 14.7987,
  "land_with_biome": {
    "savannah": 1675428,
    "grassland": 1647660,
    "tundra": 720086,
    "plains": 2723432,
    "prairie": 2575360,
    "desert": 1017711,
    "swamp": 753281,
    "marsh": 506486,
    "arctic": 51287
  },
  "count_with_biome": {
    "mountains": {
      "savannah": 118011,
      "grassland": 91394,
      "tundra": 52386,
      "plains": 259391,
      "prairie": 191779,
      "desert": 99220,
      "swamp": 40110,
      "marsh": 48589,
      "arctic": 0
    },
    "hills": {
      "savannah": 57823,
      "grassland": 41811,
      "tundra": 51457,
      "plains": 277787,
      "prairie": 153270,
      "desert": 40854,
      "swamp": 55302,
      "marsh": 39404,
      "arctic": 0
    },
    "clearing": {
      "savannah": 220211,
      "grassland": 130480,
      "tundra": 135250,
      "plains": 373213,
      "prairie": 250454,
      "desert": 126053,
      "swamp": 34145,
      "marsh": 17211,
      "arctic": 51287
    }
  },
  "density_on_biome": {
    "mountains": {
      "savannah": 0.07043633029888482,
      "grassland": 0.05546896811235328,
      "tundra": 0.072749643792547,
      "plains": 0.0952441625125944,
      "prairie": 0.07446687065109343,
      "desert": 0.09749329623046228,
      "swamp": 0.053247061853411944,
      "marsh": 0.09593354998953574,
      "arctic": 0
    },
    "hills": {
      "savannah": 0.03451237534528491,
      "grassland": 0.02537598776446597,
      "tundra": 0.0714595201128754,
      "plains": 0.10199887494896145,
      "prairie": 0.059514009691848904,
      "desert": 0.04014302685143425,
      "swamp": 0.07341483457036617,
      "marsh": 0.07779879404366558,
      "arctic": 0
    },
    "clearing": {
      "savannah": 0.1314356689753305,
      "grassland": 0.07919109525023367,
      "tundra": 0.18782478759481505,
      "plains": 0.13703775236539778,
      "prairie": 0.09725009319085487,
      "desert": 0.12385932745150637,
      "swamp": 0.04532837015668788,
      "marsh": 0.03398119592644219,
      "arctic": 1
    }
  }
}