{
  "savs": 10000,
  "tiles": 39200000,
  "land": 1226.2366,
  "land_arctic_row": 58.8066,
  "land_ocean_adjacent": 795.5347,
  "land_ocean_adjacent_cardinal": 585.0887,
  "land_non_mounds": 1000.0935,
  "count": {
    "mountains": 93.4066,
    "hills": 73.9299,
    "clearing": 158.6942
  },
  "count_forest": 841.3993,
  "stddev": {
    "mountains": 18.446275408331093,
    "hills": 11.857638297317024,
    "clearing": 36.80851649224678
  },
  "density": {
    "mountains": 0.07617339100790174,
    "hills": 0.06029007778759825,
    "clearing": 0.1294156445827828
  },
  "forest_density_non_mounds": 0.8413206365204854,
  "count_hills_plus_land_rivers": 739299,
  "density_hills_plus_land_rivers": 0.06029007778759825,
  "count_arctic_rows": {
    "mountains": 0,
    "hills": 0,
    "clearing": 58.8066
  },
  "num_ranges": {
    "mountains": 55.9985,
    "hills": 63.1802,
    "clearing": 71.8582
  },
  "num_ranges_1": {
    "mountains": 39.8781,
    "hills": 54.8,
    "clearing": 44.5332
  },
  "num_ranges_1_per_land": {
    "mountains": 0.03252072234673146,
    "hills": 0.04468958111346538,
    "clearing": 0.03631697178179154
  },
  "num_ranges_per_land": {
    "mountains": 0.045666961824496186,
    "hills": 0.051523661909944625,
    "clearing": 0.05860059959064996
  },
  "count_range_centers": {
    "mountains": 55.9985,
    "hills": 63.1802,
    "clearing": 71.8582
  },
  "density_range_centers": {
    "mountains": 0.045666961824496186,
    "hills": 0.051523661909944625,
    "clearing": 0.05860059959064996
  },
  "count_ocean_adjacent": {
    "mountains": 60.8485,
    "hills": 50.0994,
    "clearing": 83.0548
  },
  "count_ocean_adjacent_cardinal": {
    "mountains": 42.621,
    "hills": 36.3539,
    "clearing": 49.1308
  },
  "density_ocean_adjacent": {
    "mountains": 0.07648754982026554,
    "hills": 0.06297575706000003,
    "clearing": 0.10440122850706575
  },
  "density_ocean_adjacent_cardinal": {
    "mountains": 0.07284536515574476,
    "hills": 0.062133997802384495,
    "clearing": 0.08397154140902055
  },
  "count_large_range": {
    "mountains": 19.6786,
    "hills": 0.6417,
    "clearing": 61.2518
  },
  "count_large_range_ocean_adjacent": {
    "mountains": 10.8526,
    "hills": 0.3285,
    "clearing": 26.191
  },
  "count_large_range_ocean_adjacent_cardinal": {
    "mountains": 6.8152,
    "hills": 0.1969,
    "clearing": 14.6721
  },
  "density_large_range": {
    "mountains": 0.016047963337581017,
    "hills": 0.0005233084708122397,
    "clearing": 0.049951045336601434
  },
  "density_large_range_ocean_adjacent": {
    "mountains": 0.013641893936241876,
    "hills": 0.0004129298194032265,
    "clearing": 0.03292251111108038
  },
  "density_large_range_ocean_adjacent_cardinal": {
    "mountains": 0.011648148391859217,
    "hills": 0.0003365301705536272,
    "clearing": 0.02507671059106081
  },
  "count_mountains_adjacent_to_hills": 16.733,
  "count_hills_adjacent_to_mountains": 15.7302,
  "land_with_biome": {
    "savannah": 1758726,
    "grassland": 1306521,
    "tundra": 1042749,
    "plains": 3016817,
    "prairie": 2253137,
    "desert": 1169784,
    "swamp": 711583,
    "marsh": 363542,
    "arctic": 51441
  },
  "count_with_biome": {
    "mountains": {
      "savannah": 125623,
      "grassland": 75343,
      "tundra": 76899,
      "plains": 292499,
      "prairie": 175160,
      "desert": 114873,
      "swamp": 37817,
      "marsh": 35852,
      "arctic": 0
    },
    "hills": {
      "savannah": 60326,
      "grassland": 32769,
      "tundra": 74994,
      "plains": 308903,
      "prairie": 134653,
      "desert": 47058,
      "swamp": 52319,
      "marsh": 28277,
      "arctic": 0
    },
    "clearing": {
      "savannah": 255854,
      "grassland": 126602,
      "tundra": 217906,
      "plains": 462404,
      "prairie": 257569,
      "desert": 157814,
      "swamp": 40375,
      "marsh": 16977,
      "arctic": 51441
    }
  },
  "density_on_biome": {
    "mountains": {
      "savannah": 0.07142840897331364,
      "grassland": 0.05766688786479513,
      "tundra": 0.07374641452545147,
      "plains": 0.09695616273708349,
      "prairie": 0.07774050135433398,
      "desert": 0.09820018054615211,
      "swamp": 0.05314488963339484,
      "marsh": 0.0986185915245006,
      "arctic": 0
    },
    "hills": {
      "savannah": 0.034300965585315736,
      "grassland": 0.02508111235869917,
      "tundra": 0.0719195127494728,
      "plains": 0.10239368181762434,
      "prairie": 0.05976245563407818,
      "desert": 0.04022793951703904,
      "swamp": 0.07352480315015958,
      "marsh": 0.0777819344119799,
      "arctic": 0
    },
    "clearing": {
      "savannah": 0.14547689634428557,
      "grassland": 0.09690008809655566,
      "tundra": 0.20897262907948125,
      "plains": 0.15327545555464583,
      "prairie": 0.11431572958058032,
      "desert": 0.13490866689918823,
      "swamp": 0.05673969164524729,
      "marsh": 0.04669886835633847,
      "arctic": 1
    }
  }
}