{
  "savs": 10000,
  "tiles": 39200000,
  "land": 1223.9721,
  "land_arctic_row": 58.8358,
  "land_ocean_adjacent": 794.0002,
  "land_ocean_adjacent_cardinal": 583.9038,
  "land_non_mounds": 999.4046,
  "count": {
    "mountains": 92.9581,
    "hills": 72.7736,
    "clearing": 118.9093
  },
  "count_forest": 880.4953,
  "stddev": {
    "mountains": 18.37967748329657,
    "hills": 11.51637716645299,
    "clearing": 33.56178889019475
  },
  "density": {
    "mountains": 0.07594789129588819,
    "hills": 0.05945691082337579,
    "clearing": 0.09715033537120658
  },
  "forest_density_non_mounds": 0.881019859224182,
  "count_hills_plus_land_rivers": 727736,
  "density_hills_plus_land_rivers": 0.05945691082337579,
  "count_arctic_rows": {
    "mountains": 0,
    "hills": 0,
    "clearing": 58.8358
  },
  "num_ranges": {
    "mountains": 55.4154,
    "hills": 62.4091,
    "clearing": 55.6209
  },
  "num_ranges_1": {
    "mountains": 39.3662,
    "hills": 54.2926,
    "clearing": 34.8358
  },
  "num_ranges_1_per_land": {
    "mountains": 0.03216266122405895,
    "hills": 0.04435771044127558,
    "clearing": 0.0284612696645618
  },
  "num_ranges_per_land": {
    "mountains": 0.04527505161269607,
    "hills": 0.05098898904640065,
    "clearing": 0.04544294759659963
  },
  "count_range_centers": {
    "mountains": 55.4154,
    "hills": 62.4091,
    "clearing": 55.6209
  },
  "density_range_centers": {
    "mountains": 0.04527505161269607,
    "hills": 0.05098898904640065,
    "clearing": 0.04544294759659963
  },
  "count_ocean_adjacent": {
    "mountains": 60.3868,
    "hills": 49.0754,
    "clearing": 60.1296
  },
  "count_ocean_adjacent_cardinal": {
    "mountains": 42.2551,
    "hills": 35.6498,
    "clearing": 35.5863
  },
  "density_ocean_adjacent": {
    "mountains": 0.07605388512496597,
    "hills": 0.06180779299551814,
    "clearing": 0.07572995573552753
  },
  "density_ocean_adjacent_cardinal": {
    "mountains": 0.0723665439409711,
    "hills": 0.06105423530382916,
    "clearing": 0.060945484513031084
  },
  "count_large_range": {
    "mountains": 19.9155,
    "hills": 0.5788,
    "clearing": 43.4077
  },
  "count_large_range_ocean_adjacent": {
    "mountains": 10.8978,
    "hills": 0.2855,
    "clearing": 17.9816
  },
  "count_large_range_ocean_adjacent_cardinal": {
    "mountains": 6.8203,
    "hills": 0.1683,
    "clearing": 10.0377
  },
  "density_large_range": {
    "mountains": 0.01627120422107661,
    "hills": 0.0004728865960261676,
    "clearing": 0.03546461557416219
  },
  "density_large_range_ocean_adjacent": {
    "mountains": 0.013725185459651018,
    "hills": 0.00035957169784088213,
    "clearing": 0.022646845680895294
  },
  "density_large_range_ocean_adjacent_cardinal": {
    "mountains": 0.01168051997606455,
    "hills": 0.00028823241088686183,
    "clearing": 0.017190674217225508
  },
  "count_mountains_adjacent_to_hills": 16.3228,
  "count_hills_adjacent_to_mountains": 15.3209,
  "land_with_biome": {
    "savannah": 1224375,
    "grassland": 1886095,
    "tundra": 610730,
    "plains": 2834185,
    "prairie": 2927679,
    "desert": 885898,
    "swamp": 619129,
    "marsh": 610950,
    "arctic": 52322
  },
  "count_with_biome": {
    "mountains": {
      "savannah": 91491,
      "grassland": 109398,
      "tundra": 45235,
      "plains": 275560,
      "prairie": 220146,
      "desert": 91699,
      "swamp": 35316,
      "marsh": 60736,
      "arctic": 0
    },
    "hills": {
      "savannah": 42558,
      "grassland": 48054,
      "tundra": 43800,
      "plains": 289818,
      "prairie": 175023,
      "desert": 35637,
      "swamp": 45204,
      "marsh": 47642,
      "arctic": 0
    },
    "clearing": {
      "savannah": 151761,
      "grassland": 130415,
      "tundra": 108159,
      "plains": 351890,
      "prairie": 250795,
      "desert": 101522,
      "swamp": 24615,
      "marsh": 17614,
      "arctic": 52322
    }
  },
  "density_on_biome": {
    "mountains": {
      "savannah": 0.07472465543644717,
      "grassland": 0.05800238057998139,
      "tundra": 0.07406710002783554,
      "plains": 0.09722724522217145,
      "prairie": 0.07519471909317928,
      "desert": 0.10350965912554266,
      "swamp": 0.05704142432352547,
      "marsh": 0.099412390539324,
      "arctic": 0
    },
    "hills": {
      "savannah": 0.03475895865237366,
      "grassland": 0.025478037956730707,
      "tundra": 0.07171745288425327,
      "plains": 0.10225796834010482,
      "prairie": 0.05978216874186002,
      "desert": 0.04022697872667057,
      "swamp": 0.07301224785141708,
      "marsh": 0.07798019477862346,
      "arctic": 0
    },
    "clearing": {
      "savannah": 0.12394977029096478,
      "grassland": 0.06914550963763755,
      "tundra": 0.1770978992353413,
      "plains": 0.12415914980849874,
      "prairie": 0.08566342143383888,
      "desert": 0.11459784309254564,
      "swamp": 0.0397574657300821,
      "marsh": 0.02883050986169081,
      "arctic": 1
    }
  }
}