{
  "savs": 2000,
  "tiles": 7840000,
  "land": 1224.0345,
  "land_arctic_row": 58.739,
  "land_ocean_adjacent": 792.777,
  "land_ocean_adjacent_cardinal": 583.0025,
  "land_non_mounds": 1000.1665,
  "count": {
    "mountains": 92.717,
    "hills": 72.412,
    "clearing": 113.775
  },
  "count_forest": 886.3915,
  "stddev": {
    "mountains": 17.479156472782076,
    "hills": 11.346684802178949,
    "clearing": 20.406062211999622
  },
  "density": {
    "mountains": 0.0757470479794483,
    "hills": 0.05915846326226916,
    "clearing": 0.092950811435462
  },
  "forest_density_non_mounds": 0.8862439403839261,
  "count_hills_plus_land_rivers": 144824,
  "density_hills_plus_land_rivers": 0.05915846326226916,
  "count_arctic_rows": {
    "mountains": 0,
    "hills": 0,
    "clearing": 58.739
  },
  "num_ranges": {
    "mountains": 55.544,
    "hills": 62.237,
    "clearing": 64.4985
  },
  "num_ranges_1": {
    "mountains": 39.4055,
    "hills": 54.2125,
    "clearing": 44.27
  },
  "num_ranges_1_per_land": {
    "mountains": 0.03219312854335397,
    "hills": 0.04429000979956039,
    "clearing": 0.03616728123267767
  },
  "num_ranges_per_land": {
    "mountains": 0.04537780593602549,
    "hills": 0.05084578906885386,
    "clearing": 0.05269336771144931
  },
  "count_range_centers": {
    "mountains": 55.544,
    "hills": 62.237,
    "clearing": 64.4985
  },
  "density_range_centers": {
    "mountains": 0.04537780593602549,
    "hills": 0.05084578906885386,
    "clearing": 0.05269336771144931
  },
  "count_ocean_adjacent": {
    "mountains": 60.68,
    "hills": 48.9755,
    "clearing": 70.784
  },
  "count_ocean_adjacent_cardinal": {
    "mountains": 42.4495,
    "hills": 35.4545,
    "clearing": 48.143
  },
  "density_ocean_adjacent": {
    "mountains": 0.07654107018745498,
    "hills": 0.06177714540154419,
    "clearing": 0.089286142256902
  },
  "density_ocean_adjacent_cardinal": {
    "mountains": 0.0728118661583784,
    "hills": 0.06081363287464462,
    "clearing": 0.082577690490178
  },
  "count_large_range": {
    "mountains": 19.566,
    "hills": 0.5205,
    "clearing": 27.671
  },
  "count_large_range_ocean_adjacent": {
    "mountains": 10.9785,
    "hills": 0.2505,
    "clearing": 14.0215
  },
  "count_large_range_ocean_adjacent_cardinal": {
    "mountains": 6.9485,
    "hills": 0.146,
    "clearing": 8.478
  },
  "density_large_range": {
    "mountains": 0.015984843564458354,
    "hills": 0.0004252331123019817,
    "clearing": 0.02260638895390612
  },
  "density_large_range_ocean_adjacent": {
    "mountains": 0.013848156543391143,
    "hills": 0.00031597788533219303,
    "clearing": 0.017686562551638103
  },
  "density_large_range_ocean_adjacent_cardinal": {
    "mountains": 0.011918473762977003,
    "hills": 0.0002504277425911553,
    "clearing": 0.014541961655395988
  },
  "count_mountains_adjacent_to_hills": 16.1695,
  "count_hills_adjacent_to_mountains": 15.1955,
  "land_with_biome": {
    "savannah": 247157,
    "grassland": 376268,
    "tundra": 122457,
    "plains": 566594,
    "prairie": 585171,
    "desert": 175861,
    "swamp": 124692,
    "marsh": 122238,
    "arctic": 10153
  },
  "count_with_biome": {
    "mountains": {
      "savannah": 18591,
      "grassland": 21458,
      "tundra": 8942,
      "plains": 55612,
      "prairie": 43741,
      "desert": 17791,
      "swamp": 7008,
      "marsh": 12291,
      "arctic": 0
    },
    "hills": {
      "savannah": 8414,
      "grassland": 9744,
      "tundra": 8857,
      "plains": 57641,
      "prairie": 34530,
      "desert": 7032,
      "swamp": 9007,
      "marsh": 9599,
      "arctic": 0
    },
    "clearing": {
      "savannah": 28939,
      "grassland": 25145,
      "tundra": 27872,
      "plains": 67565,
      "prairie": 41325,
      "desert": 19424,
      "swamp": 4139,
      "marsh": 2988,
      "arctic": 10153
    }
  },
  "density_on_biome": {
    "mountains": {
      "savannah": 0.0752193949594792,
      "grassland": 0.05702850096208022,
      "tundra": 0.07302155042178071,
      "plains": 0.09815141000434173,
      "prairie": 0.0747490904368125,
      "desert": 0.10116512472918954,
      "swamp": 0.05620248291790973,
      "marsh": 0.1005497472144505,
      "arctic": 0
    },
    "hills": {
      "savannah": 0.03404313857183895,
      "grassland": 0.025896435519363856,
      "tundra": 0.07232742922005275,
      "plains": 0.1017324574563091,
      "prairie": 0.05900839241862635,
      "desert": 0.03998612540586031,
      "swamp": 0.07223398453790139,
      "marsh": 0.07852713558795138,
      "arctic": 0
    },
    "clearing": {
      "savannah": 0.11708751926912853,
      "grassland": 0.06682736772725822,
      "tundra": 0.22760642511248846,
      "plains": 0.11924764469796716,
      "prairie": 0.0706203827599112,
      "desert": 0.11045086744644918,
      "swamp": 0.0331937894973214,
      "marsh": 0.024444117213959653,
      "arctic": 1
    }
  }
}