{
  "savs": 2000,
  "tiles": 7840000,
  "land": 1222.2755,
  "land_arctic_row": 58.863,
  "land_ocean_adjacent": 790.312,
  "land_ocean_adjacent_cardinal": 581.255,
  "land_non_mounds": 992.0685,
  "count": {
    "mountains": 96.599,
    "hills": 74.745,
    "clearing": 121.3375
  },
  "count_forest": 870.731,
  "stddev": {
    "mountains": 19.188491316411522,
    "hills": 11.753679211208683,
    "clearing": 21.53609978036875
  },
  "density": {
    "mountains": 0.07903210037344281,
    "hills": 0.06115233431415421,
    "clearing": 0.09927180901523429
  },
  "forest_density_non_mounds": 0.8776924174086769,
  "count_hills_plus_land_rivers": 149490,
  "density_hills_plus_land_rivers": 0.06115233431415421,
  "count_arctic_rows": {
    "mountains": 0,
    "hills": 0,
    "clearing": 58.863
  },
  "num_ranges": {
    "mountains": 56.6145,
    "hills": 63.9125,
    "clearing": 69.402
  },
  "num_ranges_1": {
    "mountains": 39.716,
    "hills": 55.4015,
    "clearing": 47.797
  },
  "num_ranges_1_per_land": {
    "mountains": 0.03249349267002406,
    "hills": 0.04532652417560525,
    "clearing": 0.0391049317441117
  },
  "num_ranges_per_land": {
    "mountains": 0.04631893546094968,
    "hills": 0.052289766096105174,
    "clearing": 0.05678097941094295
  },
  "count_range_centers": {
    "mountains": 56.6145,
    "hills": 63.9125,
    "clearing": 69.402
  },
  "density_range_centers": {
    "mountains": 0.04631893546094968,
    "hills": 0.052289766096105174,
    "clearing": 0.05678097941094295
  },
  "count_ocean_adjacent": {
    "mountains": 63.195,
    "hills": 50.75,
    "clearing": 77.6145
  },
  "count_ocean_adjacent_cardinal": {
    "mountains": 44.125,
    "hills": 37.078,
    "clearing": 53.9875
  },
  "density_ocean_adjacent": {
    "mountains": 0.07996209092105397,
    "hills": 0.06421514541092632,
    "clearing": 0.09820741681766189
  },
  "density_ocean_adjacent_cardinal": {
    "mountains": 0.07591332547677009,
    "hills": 0.0637895587994942,
    "clearing": 0.0928809214544391
  },
  "count_large_range": {
    "mountains": 21.6865,
    "hills": 0.538,
    "clearing": 28.798
  },
  "count_large_range_ocean_adjacent": {
    "mountains": 12.2785,
    "hills": 0.2865,
    "clearing": 15.3015
  },
  "count_large_range_ocean_adjacent_cardinal": {
    "mountains": 7.7755,
    "hills": 0.173,
    "clearing": 9.4085
  },
  "density_large_range": {
    "mountains": 0.017742726578418695,
    "hills": 0.000440162631092581,
    "clearing": 0.023560972955769793
  },
  "density_large_range_ocean_adjacent": {
    "mountains": 0.015536269220257316,
    "hills": 0.0003625150573444412,
    "clearing": 0.01936134083754264
  },
  "density_large_range_ocean_adjacent_cardinal": {
    "mountains": 0.013377089229339962,
    "hills": 0.0002976318483281864,
    "clearing": 0.016186527427721052
  },
  "count_mountains_adjacent_to_hills": 17.332,
  "count_hills_adjacent_to_mountains": 16.21,
  "land_with_biome": {
    "savannah": 257063,
    "grassland": 308697,
    "tundra": 200107,
    "plains": 627718,
    "prairie": 515413,
    "desert": 198014,
    "swamp": 115309,
    "marsh": 94151,
    "arctic": 10353
  },
  "count_with_biome": {
    "mountains": {
      "savannah": 19479,
      "grassland": 18308,
      "tundra": 14847,
      "plains": 62925,
      "prairie": 40645,
      "desert": 20687,
      "swamp": 6657,
      "marsh": 9650,
      "arctic": 0
    },
    "hills": {
      "savannah": 8901,
      "grassland": 7852,
      "tundra": 14307,
      "plains": 63647,
      "prairie": 30804,
      "desert": 8146,
      "swamp": 8371,
      "marsh": 7462,
      "arctic": 0
    },
    "clearing": {
      "savannah": 22464,
      "grassland": 19658,
      "tundra": 35873,
      "plains": 81906,
      "prairie": 44223,
      "desert": 18174,
      "swamp": 5473,
      "marsh": 4551,
      "arctic": 10353
    }
  },
  "density_on_biome": {
    "mountains": {
      "savannah": 0.07577519907571295,
      "grassland": 0.059307346686232776,
      "tundra": 0.07419530551155132,
      "plains": 0.10024405863779595,
      "prairie": 0.07885908970088065,
      "desert": 0.10447241104164352,
      "swamp": 0.057731833594949225,
      "marsh": 0.10249492835976251,
      "arctic": 0
    },
    "hills": {
      "savannah": 0.034625753220027776,
      "grassland": 0.02543594527967554,
      "tundra": 0.07149674923915705,
      "plains": 0.10139425665665155,
      "prairie": 0.05976566365225557,
      "desert": 0.041138505358207,
      "swamp": 0.07259624140353312,
      "marsh": 0.07925566377415004,
      "arctic": 0
    },
    "clearing": {
      "savannah": 0.08738713856136433,
      "grassland": 0.06368056702851016,
      "tundra": 0.17926909103629557,
      "plains": 0.13048215918613135,
      "prairie": 0.08580109543220679,
      "desert": 0.09178138919470341,
      "swamp": 0.04746377125809781,
      "marsh": 0.048337245488629964,
      "arctic": 1
    }
  }
}