{
  "savs": 2000,
  "tiles": 7840000,
  "land": 1223.0245,
  "land_arctic_row": 58.705,
  "land_ocean_adjacent": 792.037,
  "land_ocean_adjacent_cardinal": 582.843,
  "land_non_mounds": 993.051,
  "count": {
    "mountains": 96.6505,
    "hills": 74.618,
    "clearing": 119.2295
  },
  "count_forest": 873.8215,
  "stddev": {
    "mountains": 18.95131525119036,
    "hills": 11.882974206822174,
    "clearing": 19.622584685764487
  },
  "density": {
    "mountains": 0.07902580855902723,
    "hills": 0.06101104270601284,
    "clearing": 0.09748741746383657
  },
  "forest_density_non_mounds": 0.879936176490432,
  "count_hills_plus_land_rivers": 149236,
  "density_hills_plus_land_rivers": 0.06101104270601284,
  "count_arctic_rows": {
    "mountains": 0,
    "hills": 0,
    "clearing": 58.705
  },
  "num_ranges": {
    "mountains": 56.6195,
    "hills": 63.897,
    "clearing": 71.94
  },
  "num_ranges_1": {
    "mountains": 39.665,
    "hills": 55.4865,
    "clearing": 50.305
  },
  "num_ranges_1_per_land": {
    "mountains": 0.03243189322863115,
    "hills": 0.04536826531275539,
    "clearing": 0.04113163718306542
  },
  "num_ranges_per_land": {
    "mountains": 0.04629465722068528,
    "hills": 0.05224506949779011,
    "clearing": 0.05882138910545128
  },
  "count_range_centers": {
    "mountains": 56.6195,
    "hills": 63.897,
    "clearing": 71.94
  },
  "density_range_centers": {
    "mountains": 0.04629465722068528,
    "hills": 0.05224506949779011,
    "clearing": 0.05882138910545128
  },
  "count_ocean_adjacent": {
    "mountains": 63.192,
    "hills": 50.867,
    "clearing": 76.533
  },
  "count_ocean_adjacent_cardinal": {
    "mountains": 44.257,
    "hills": 37.0395,
    "clearing": 53.138
  },
  "density_ocean_adjacent": {
    "mountains": 0.07978415149797295,
    "hills": 0.06422300978363385,
    "clearing": 0.0966280615678308
  },
  "density_ocean_adjacent_cardinal": {
    "mountains": 0.07593296994216281,
    "hills": 0.063549703779577,
    "clearing": 0.0911703494766172
  },
  "count_large_range": {
    "mountains": 21.42,
    "hills": 0.619,
    "clearing": 22.9075
  },
  "count_large_range_ocean_adjacent": {
    "mountains": 12.044,
    "hills": 0.3325,
    "clearing": 12.1085
  },
  "count_large_range_ocean_adjacent_cardinal": {
    "mountains": 7.6495,
    "hills": 0.199,
    "clearing": 7.437
  },
  "density_large_range": {
    "mountains": 0.017513958224058473,
    "hills": 0.0005061223221611668,
    "clearing": 0.018730205322951422
  },
  "density_large_range_ocean_adjacent": {
    "mountains": 0.015206360308924962,
    "hills": 0.00041980362028541597,
    "clearing": 0.015287795898423938
  },
  "density_large_range_ocean_adjacent_cardinal": {
    "mountains": 0.013124460618039506,
    "hills": 0.0003414298533224213,
    "clearing": 0.012759868437984156
  },
  "count_mountains_adjacent_to_hills": 17.3435,
  "count_hills_adjacent_to_mountains": 16.225,
  "land_with_biome": {
    "savannah": 257679,
    "grassland": 309802,
    "tundra": 199605,
    "plains": 627687,
    "prairie": 514610,
    "desert": 198017,
    "swamp": 116236,
    "marsh": 94657,
    "arctic": 10346
  },
  "count_with_biome": {
    "mountains": {
      "savannah": 19496,
      "grassland": 18411,
      "tundra": 14888,
      "plains": 63177,
      "prairie": 40341,
      "desert": 20602,
      "swamp": 6544,
      "marsh": 9842,
      "arctic": 0
    },
    "hills": {
      "savannah": 8992,
      "grassland": 7872,
      "tundra": 14191,
      "plains": 63760,
      "prairie": 30491,
      "desert": 7855,
      "swamp": 8599,
      "marsh": 7476,
      "arctic": 0
    },
    "clearing": {
      "savannah": 27582,
      "grassland": 21552,
      "tundra": 35391,
      "plains": 72707,
      "prairie": 41245,
      "desert": 20181,
      "swamp": 5428,
      "marsh": 4027,
      "arctic": 10346
    }
  },
  "density_on_biome": {
    "mountains": {
      "savannah": 0.07566002662227034,
      "grassland": 0.0594282799981924,
      "tundra": 0.07458730993712583,
      "plains": 0.10065048344158793,
      "prairie": 0.0783914031985387,
      "desert": 0.10404157218824646,
      "swamp": 0.056299253243401355,
      "marsh": 0.10397540593933888,
      "arctic": 0
    },
    "hills": {
      "savannah": 0.03489613045688628,
      "grassland": 0.02540977785811583,
      "tundra": 0.07109541344154706,
      "plains": 0.10157929031507743,
      "prairie": 0.05925069470084141,
      "desert": 0.03966831130660499,
      "swamp": 0.07397880174816752,
      "marsh": 0.0789798958344338,
      "arctic": 0
    },
    "clearing": {
      "savannah": 0.10704015461096947,
      "grassland": 0.06956701377008541,
      "tundra": 0.17730517772600887,
      "plains": 0.11583320986415203,
      "prairie": 0.08014807329822585,
      "desert": 0.10191549210421327,
      "swamp": 0.046698096975119584,
      "marsh": 0.04254307658176363,
      "arctic": 1
    }
  }
}