{
  "density_on_biome": {
    "mountains": {
      "savannah": 0.0593,
      "grassland": 0.04163,
      "tundra": 0.08806,
      "plains": 0.13823,
      "prairie": 0.08183,
      "desert": 0.09588,
      "swamp": 0.04348,
      "marsh": 0.11069,
      "arctic": 0
    },
    "hills": {
      "savannah": 0.03358,
      "grassland": 0.02472,
      "tundra": 0.07601,
      "plains": 0.10919,
      "prairie": 0.0616,
      "desert": 0.04032,
      "swamp": 0.0733,
      "marsh": 0.08201,
      "arctic": 0
    },
    "clearing": {
      "savannah": 0.09097,
      "grassland": 0.05603,
      "tundra": 0.26036,
      "plains": 0.18998,
      "prairie": 0.09555,
      "desert": 0.10085,
      "swamp": 0.04441,
      "marsh": 0.04742,
      "arctic": 0
    }
  }
}