{
  "savs": 10000,
  "tiles": 39200000,
  "land": 1223.3517,
  "land_arctic_row": 58.7871,
  "land_ocean_adjacent": 791.5693,
  "land_ocean_adjacent_cardinal": 581.9048,
  "land_non_mounds": 993.2884,
  "count": {
    "mountains": 96.1948,
    "hills": 75.0814,
    "clearing": 132.0597
  },
  "count_forest": 861.2287,
  "stddev": {
    "mountains": 19.279710914845193,
    "hills": 11.813516582288292,
    "clearing": 34.49718446351821
  },
  "density": {
    "mountains": 0.07863217094479044,
    "hills": 0.06137351997794257,
    "clearing": 0.10794908773985437
  },
  "forest_density_non_mounds": 0.8670479792173149,
  "count_hills_plus_land_rivers": 750814,
  "density_hills_plus_land_rivers": 0.06137351997794257,
  "count_arctic_rows": {
    "mountains": 0,
    "hills": 0,
    "clearing": 58.7871
  },
  "num_ranges": {
    "mountains": 56.3238,
    "hills": 64.078,
    "clearing": 61.162
  },
  "num_ranges_1": {
    "mountains": 39.6914,
    "hills": 55.5037,
    "clearing": 38.1404
  },
  "num_ranges_1_per_land": {
    "mountains": 0.032444798989530156,
    "hills": 0.04537019076362096,
    "clearing": 0.031176970612784533
  },
  "num_ranges_per_land": {
    "mountains": 0.04604056217030638,
    "hills": 0.05237905011289885,
    "clearing": 0.04999543467344673
  },
  "count_range_centers": {
    "mountains": 56.3238,
    "hills": 64.078,
    "clearing": 61.162
  },
  "density_range_centers": {
    "mountains": 0.04604056217030638,
    "hills": 0.05237905011289885,
    "clearing": 0.04999543467344673
  },
  "count_ocean_adjacent": {
    "mountains": 62.4733,
    "hills": 50.6778,
    "clearing": 66.9686
  },
  "count_ocean_adjacent_cardinal": {
    "mountains": 43.8072,
    "hills": 36.8859,
    "clearing": 39.3494
  },
  "density_ocean_adjacent": {
    "mountains": 0.07892334884639918,
    "hills": 0.06402193718225302,
    "clearing": 0.08460232098440403
  },
  "density_ocean_adjacent_cardinal": {
    "mountains": 0.07528241733011998,
    "hills": 0.06338820370617325,
    "clearing": 0.06762171406731823
  },
  "count_large_range": {
    "mountains": 21.8201,
    "hills": 0.587,
    "clearing": 49.0557
  },
  "count_large_range_ocean_adjacent": {
    "mountains": 12.0069,
    "hills": 0.3063,
    "clearing": 20.3741
  },
  "count_large_range_ocean_adjacent_cardinal": {
    "mountains": 7.5603,
    "hills": 0.1852,
    "clearing": 11.343
  },
  "density_large_range": {
    "mountains": 0.01783632621755461,
    "hills": 0.0004798293082847721,
    "clearing": 0.04009942521026456
  },
  "density_large_range_ocean_adjacent": {
    "mountains": 0.015168476089206592,
    "hills": 0.00038695285428578396,
    "clearing": 0.02573887087333983
  },
  "density_large_range_ocean_adjacent_cardinal": {
    "mountains": 0.012992331391664067,
    "hills": 0.000318265118280516,
    "clearing": 0.019492879247602013
  },
  "count_mountains_adjacent_to_hills": 17.3483,
  "count_hills_adjacent_to_mountains": 16.1925,
  "land_with_biome": {
    "savannah": 1280269,
    "grassland": 1546044,
    "tundra": 1004702,
    "plains": 3146691,
    "prairie": 2581723,
    "desert": 990411,
    "swamp": 573492,
    "marsh": 470887,
    "arctic": 51427
  },
  "count_with_biome": {
    "mountains": {
      "savannah": 96792,
      "grassland": 93223,
      "tundra": 74597,
      "plains": 310781,
      "prairie": 203141,
      "desert": 102882,
      "swamp": 32715,
      "marsh": 47817,
      "arctic": 0
    },
    "hills": {
      "savannah": 44675,
      "grassland": 39132,
      "tundra": 72200,
      "plains": 321508,
      "prairie": 154746,
      "desert": 40228,
      "swamp": 42032,
      "marsh": 36293,
      "arctic": 0
    },
    "clearing": {
      "savannah": 166505,
      "grassland": 117541,
      "tundra": 188636,
      "plains": 404378,
      "prairie": 234761,
      "desert": 117547,
      "swamp": 24827,
      "marsh": 14975,
      "arctic": 51427
    }
  },
  "density_on_biome": {
    "mountains": {
      "savannah": 0.0756028615861198,
      "grassland": 0.06029776642838108,
      "tundra": 0.07424788643796867,
      "plains": 0.09876438455507706,
      "prairie": 0.07868427402939819,
      "desert": 0.10387808697601299,
      "swamp": 0.05704525956770103,
      "marsh": 0.10154665556704687,
      "arctic": 0
    },
    "hills": {
      "savannah": 0.034895010345482085,
      "grassland": 0.02531105194936237,
      "tundra": 0.07186210438518088,
      "plains": 0.10217336243056595,
      "prairie": 0.059939040710409286,
      "desert": 0.040617481025554035,
      "swamp": 0.07329134495337337,
      "marsh": 0.07707369283925868,
      "arctic": 0
    },
    "clearing": {
      "savannah": 0.13005469944207038,
      "grassland": 0.07602694360574473,
      "tundra": 0.18775318452635706,
      "plains": 0.12850896386076677,
      "prairie": 0.09093190865170275,
      "desert": 0.1186850711472308,
      "swamp": 0.043290926464536555,
      "marsh": 0.03180168490529575,
      "arctic": 1
    }
  }
}