{
  "savs": 2000,
  "tiles": 7840000,
  "land": 1225.197,
  "land_arctic_row": 58.7705,
  "land_ocean_adjacent": 795.701,
  "land_ocean_adjacent_cardinal": 585.118,
  "land_non_mounds": 998.1725,
  "count": {
    "mountains": 93.3155,
    "hills": 74.9385,
    "clearing": 135.2635
  },
  "count_forest": 862.909,
  "stddev": {
    "mountains": 16.441349085461333,
    "hills": 11.865779272765844,
    "clearing": 22.359652675075274
  },
  "density": {
    "mountains": 0.07616367000572152,
    "hills": 0.061164449472207325,
    "clearing": 0.11040142932116223
  },
  "forest_density_non_mounds": 0.8644888533795512,
  "count_hills_plus_land_rivers": 149877,
  "density_hills_plus_land_rivers": 0.061164449472207325,
  "count_arctic_rows": {
    "mountains": 0,
    "hills": 0,
    "clearing": 58.7705
  },
  "num_ranges": {
    "mountains": 60.834,
    "hills": 66.2385,
    "clearing": 77.0075
  },
  "num_ranges_1": {
    "mountains": 44.492,
    "hills": 59.044,
    "clearing": 52.873
  },
  "num_ranges_1_per_land": {
    "mountains": 0.036314160090173256,
    "hills": 0.04819143370413084,
    "clearing": 0.04315469267391285
  },
  "num_ranges_per_land": {
    "mountains": 0.04965242324295603,
    "hills": 0.05406355059635307,
    "clearing": 0.0628531574922237
  },
  "count_range_centers": {
    "mountains": 60.834,
    "hills": 66.2385,
    "clearing": 77.0075
  },
  "density_range_centers": {
    "mountains": 0.04965242324295603,
    "hills": 0.05406355059635307,
    "clearing": 0.0628531574922237
  },
  "count_ocean_adjacent": {
    "mountains": 62.5405,
    "hills": 51.1085,
    "clearing": 86.3085
  },
  "count_ocean_adjacent_cardinal": {
    "mountains": 44.2755,
    "hills": 37.4415,
    "clearing": 59.443
  },
  "density_ocean_adjacent": {
    "mountains": 0.07859799095388846,
    "hills": 0.06423078518187109,
    "clearing": 0.10846850764294629
  },
  "density_ocean_adjacent_cardinal": {
    "mountains": 0.07566935216486247,
    "hills": 0.06398965678717797,
    "clearing": 0.10159147385655543
  },
  "count_large_range": {
    "mountains": 13.5435,
    "hills": 0.232,
    "clearing": 32.395
  },
  "count_large_range_ocean_adjacent": {
    "mountains": 7.7955,
    "hills": 0.127,
    "clearing": 17.233
  },
  "count_large_range_ocean_adjacent_cardinal": {
    "mountains": 4.9015,
    "hills": 0.0745,
    "clearing": 10.541
  },
  "density_large_range": {
    "mountains": 0.01105414068104966,
    "hills": 0.00018935730335611334,
    "clearing": 0.0264406458716435
  },
  "density_large_range_ocean_adjacent": {
    "mountains": 0.009797021745605447,
    "hills": 0.00015960769183399293,
    "clearing": 0.02165763270374173
  },
  "density_large_range_ocean_adjacent_cardinal": {
    "mountains": 0.008376942770518083,
    "hills": 0.00012732474475234056,
    "clearing": 0.01801516958972378
  },
  "count_mountains_adjacent_to_hills": 17.3795,
  "count_hills_adjacent_to_mountains": 16.644,
  "land_with_biome": {
    "savannah": 256969,
    "grassland": 309186,
    "tundra": 201747,
    "plains": 632222,
    "prairie": 516889,
    "desert": 196959,
    "swamp": 114572,
    "marsh": 94184,
    "arctic": 10125
  },
  "count_with_biome": {
    "mountains": {
      "savannah": 18712,
      "grassland": 17417,
      "tundra": 14558,
      "plains": 60704,
      "prairie": 39557,
      "desert": 19862,
      "swamp": 6280,
      "marsh": 9541,
      "arctic": 0
    },
    "hills": {
      "savannah": 8654,
      "grassland": 7660,
      "tundra": 14437,
      "plains": 64472,
      "prairie": 30982,
      "desert": 7860,
      "swamp": 8264,
      "marsh": 7548,
      "arctic": 0
    },
    "clearing": {
      "savannah": 30579,
      "grassland": 22630,
      "tundra": 50319,
      "plains": 85417,
      "prairie": 42199,
      "desert": 22532,
      "swamp": 3878,
      "marsh": 2848,
      "arctic": 10125
    }
  },
  "density_on_biome": {
    "mountains": {
      "savannah": 0.0728181220302838,
      "grassland": 0.056331787338365906,
      "tundra": 0.07215968515021288,
      "plains": 0.09601690545409682,
      "prairie": 0.07652900332566566,
      "desert": 0.10084332272198783,
      "swamp": 0.05481269420102643,
      "marsh": 0.10130170729635607,
      "arctic": 0
    },
    "hills": {
      "savannah": 0.03367721398300962,
      "grassland": 0.024774731068030246,
      "tundra": 0.07155992406330701,
      "plains": 0.10197683725020641,
      "prairie": 0.059939368026791055,
      "desert": 0.039906782629887436,
      "swamp": 0.07212931606326153,
      "marsh": 0.08014100059458082,
      "arctic": 0
    },
    "clearing": {
      "savannah": 0.11899878973728349,
      "grassland": 0.07319218852082565,
      "tundra": 0.2494163481984862,
      "plains": 0.13510602288436657,
      "prairie": 0.08164035218393118,
      "desert": 0.11439944353901066,
      "swamp": 0.03384771148273575,
      "marsh": 0.030238681729380785,
      "arctic": 1
    }
  }
}