{
  "savs": 2000,
  "tiles": 7840000,
  "land": 1225.302,
  "land_arctic_row": 58.5905,
  "land_ocean_adjacent": 792.6515,
  "land_ocean_adjacent_cardinal": 583.7035,
  "land_non_mounds": 993.801,
  "count": {
    "mountains": 97.58,
    "hills": 75.3305,
    "clearing": 134.3555
  },
  "count_forest": 859.4455,
  "stddev": {
    "mountains": 19.170957200932847,
    "hills": 11.661272218330213,
    "clearing": 24.671646068918818
  },
  "density": {
    "mountains": 0.07963750977310084,
    "hills": 0.06147912922691712,
    "clearing": 0.10965092687353811
  },
  "forest_density_non_mounds": 0.8648064350911299,
  "count_hills_plus_land_rivers": 150661,
  "density_hills_plus_land_rivers": 0.06147912922691712,
  "count_arctic_rows": {
    "mountains": 0,
    "hills": 0,
    "clearing": 58.5905
  },
  "num_ranges": {
    "mountains": 56.8395,
    "hills": 64.346,
    "clearing": 68.021
  },
  "num_ranges_1": {
    "mountains": 39.914,
    "hills": 55.819,
    "clearing": 44.9075
  },
  "num_ranges_1_per_land": {
    "mountains": 0.03257482645094842,
    "hills": 0.04555529983628526,
    "clearing": 0.036650148289972595
  },
  "num_ranges_per_land": {
    "mountains": 0.04638815573630011,
    "hills": 0.052514400531460816,
    "clearing": 0.05551366112191117
  },
  "count_range_centers": {
    "mountains": 56.8395,
    "hills": 64.346,
    "clearing": 68.021
  },
  "density_range_centers": {
    "mountains": 0.04638815573630011,
    "hills": 0.052514400531460816,
    "clearing": 0.05551366112191117
  },
  "count_ocean_adjacent": {
    "mountains": 63.6305,
    "hills": 51.0225,
    "clearing": 83.3325
  },
  "count_ocean_adjacent_cardinal": {
    "mountains": 44.4235,
    "hills": 37.3,
    "clearing": 56.6965
  },
  "density_ocean_adjacent": {
    "mountains": 0.08027550569197182,
    "hills": 0.0643693981529083,
    "clearing": 0.1051313218987159
  },
  "density_ocean_adjacent_cardinal": {
    "mountains": 0.07610627655993155,
    "hills": 0.06390230656489125,
    "clearing": 0.09713236257791841
  },
  "count_large_range": {
    "mountains": 22.565,
    "hills": 0.642,
    "clearing": 43.5375
  },
  "count_large_range_ocean_adjacent": {
    "mountains": 12.8115,
    "hills": 0.315,
    "clearing": 22.738
  },
  "count_large_range_ocean_adjacent_cardinal": {
    "mountains": 8.1155,
    "hills": 0.188,
    "clearing": 13.949
  },
  "density_large_range": {
    "mountains": 0.018415868088030543,
    "hills": 0.0005239524623317353,
    "clearing": 0.03553205658686593
  },
  "density_large_range_ocean_adjacent": {
    "mountains": 0.01616284079447273,
    "hills": 0.0003974003707808539,
    "clearing": 0.028685998827984303
  },
  "density_large_range_ocean_adjacent_cardinal": {
    "mountains": 0.01390346297392426,
    "hills": 0.0003220813306755913,
    "clearing": 0.02389740681698842
  },
  "count_mountains_adjacent_to_hills": 17.72,
  "count_hills_adjacent_to_mountains": 16.523,
  "land_with_biome": {
    "savannah": 255950,
    "grassland": 309937,
    "tundra": 201384,
    "plains": 631438,
    "prairie": 517495,
    "desert": 198314,
    "swamp": 115223,
    "marsh": 93710,
    "arctic": 9972
  },
  "count_with_biome": {
    "mountains": {
      "savannah": 19719,
      "grassland": 18572,
      "tundra": 15194,
      "plains": 63835,
      "prairie": 40881,
      "desert": 20681,
      "swamp": 6622,
      "marsh": 9656,
      "arctic": 0
    },
    "hills": {
      "savannah": 8773,
      "grassland": 7934,
      "tundra": 14263,
      "plains": 64851,
      "prairie": 30856,
      "desert": 8121,
      "swamp": 8531,
      "marsh": 7332,
      "arctic": 0
    },
    "clearing": {
      "savannah": 29911,
      "grassland": 22769,
      "tundra": 49747,
      "plains": 84773,
      "prairie": 42367,
      "desert": 22618,
      "swamp": 3885,
      "marsh": 2669,
      "arctic": 9972
    }
  },
  "density_on_biome": {
    "mountains": {
      "savannah": 0.07704239109201017,
      "grassland": 0.0599218550866789,
      "tundra": 0.07544790052834387,
      "plains": 0.10109464428811696,
      "prairie": 0.07899786471366874,
      "desert": 0.10428411509021047,
      "swamp": 0.05747116461123213,
      "marsh": 0.10304129762031801,
      "arctic": 0
    },
    "hills": {
      "savannah": 0.03427622582535651,
      "grassland": 0.02559875071385475,
      "tundra": 0.07082489174909626,
      "plains": 0.1027036700356963,
      "prairie": 0.05962569686663639,
      "desert": 0.040950210272598,
      "swamp": 0.07403903734497452,
      "marsh": 0.07824138299007577,
      "arctic": 0
    },
    "clearing": {
      "savannah": 0.11686266848993944,
      "grassland": 0.073463316738563,
      "tundra": 0.24702558296587615,
      "plains": 0.13425387765703045,
      "prairie": 0.08186939004241586,
      "desert": 0.11405145375515596,
      "swamp": 0.0337172265953846,
      "marsh": 0.02848148543378508,
      "arctic": 1
    }
  }
}