{
  "savs": 2000,
  "tiles": 7840000,
  "land": 1224.661,
  "land_arctic_row": 58.9785,
  "land_ocean_adjacent": 791.4565,
  "land_ocean_adjacent_cardinal": 581.551,
  "land_non_mounds": 988.33,
  "count": {
    "mountains": 100.3065,
    "hills": 77.046,
    "clearing": 156.54
  },
  "count_forest": 831.79,
  "stddev": {
    "mountains": 19.544936882732536,
    "hills": 12.017149578831008,
    "clearing": 28.967954708608687
  },
  "density": {
    "mountains": 0.08190552324275861,
    "hills": 0.0629121038393482,
    "clearing": 0.12782312819629268
  },
  "forest_density_non_mounds": 0.8416116074590471,
  "count_hills_plus_land_rivers": 154092,
  "density_hills_plus_land_rivers": 0.0629121038393482,
  "count_arctic_rows": {
    "mountains": 0,
    "hills": 0,
    "clearing": 58.9785
  },
  "num_ranges": {
    "mountains": 57.7385,
    "hills": 65.54,
    "clearing": 70.8995
  },
  "num_ranges_1": {
    "mountains": 40.247,
    "hills": 56.635,
    "clearing": 45.2765
  },
  "num_ranges_1_per_land": {
    "mountains": 0.032863788427981294,
    "hills": 0.046245450781889845,
    "clearing": 0.036970639221792806
  },
  "num_ranges_per_land": {
    "mountains": 0.047146516464556316,
    "hills": 0.053516850785645984,
    "clearing": 0.05789316390413347
  },
  "count_range_centers": {
    "mountains": 57.7385,
    "hills": 65.54,
    "clearing": 70.8995
  },
  "density_range_centers": {
    "mountains": 0.047146516464556316,
    "hills": 0.053516850785645984,
    "clearing": 0.05789316390413347
  },
  "count_ocean_adjacent": {
    "mountains": 65.351,
    "hills": 52.4665,
    "clearing": 96.77
  },
  "count_ocean_adjacent_cardinal": {
    "mountains": 45.667,
    "hills": 38.3955,
    "clearing": 65.5685
  },
  "density_ocean_adjacent": {
    "mountains": 0.08257055188756425,
    "hills": 0.06629107221938287,
    "clearing": 0.12226824847606912
  },
  "density_ocean_adjacent_cardinal": {
    "mountains": 0.07852621696119515,
    "hills": 0.06602258443369541,
    "clearing": 0.11274763520310342
  },
  "count_large_range": {
    "mountains": 23.774,
    "hills": 0.7085,
    "clearing": 62.217
  },
  "count_large_range_ocean_adjacent": {
    "mountains": 13.3475,
    "hills": 0.3735,
    "clearing": 32.9705
  },
  "count_large_range_ocean_adjacent_cardinal": {
    "mountains": 8.4595,
    "hills": 0.224,
    "clearing": 20.4255
  },
  "density_large_range": {
    "mountains": 0.019412719111656204,
    "hills": 0.0005785274455543208,
    "clearing": 0.050803446831408854
  },
  "density_large_range_ocean_adjacent": {
    "mountains": 0.01686447707486135,
    "hills": 0.00047191475463275617,
    "clearing": 0.04165800647287627
  },
  "density_large_range_ocean_adjacent_cardinal": {
    "mountains": 0.014546445625577121,
    "hills": 0.00038517688044556713,
    "clearing": 0.035122457015807726
  },
  "count_mountains_adjacent_to_hills": 18.6115,
  "count_hills_adjacent_to_mountains": 17.361,
  "land_with_biome": {
    "savannah": 267361,
    "grassland": 246121,
    "tundra": 283742,
    "plains": 676774,
    "prairie": 449305,
    "desert": 222036,
    "swamp": 108357,
    "marsh": 67184,
    "arctic": 10485
  },
  "count_with_biome": {
    "mountains": {
      "savannah": 20461,
      "grassland": 14936,
      "tundra": 22052,
      "plains": 69977,
      "prairie": 37006,
      "desert": 23126,
      "swamp": 6100,
      "marsh": 6955,
      "arctic": 0
    },
    "hills": {
      "savannah": 9123,
      "grassland": 6203,
      "tundra": 20516,
      "plains": 69292,
      "prairie": 26903,
      "desert": 8910,
      "swamp": 7973,
      "marsh": 5172,
      "arctic": 0
    },
    "clearing": {
      "savannah": 32145,
      "grassland": 19037,
      "tundra": 75307,
      "plains": 102021,
      "prairie": 40748,
      "desert": 27357,
      "swamp": 3702,
      "marsh": 2278,
      "arctic": 10485
    }
  },
  "density_on_biome": {
    "mountains": {
      "savannah": 0.07652948634991641,
      "grassland": 0.06068559773444769,
      "tundra": 0.0777184907415892,
      "plains": 0.10339788467051039,
      "prairie": 0.08236276026307297,
      "desert": 0.10415428128771911,
      "swamp": 0.056295393929326205,
      "marsh": 0.10352167182662539,
      "arctic": 0
    },
    "hills": {
      "savannah": 0.034122403791128846,
      "grassland": 0.02520305053205537,
      "tundra": 0.07230512225895355,
      "plains": 0.10238572994825451,
      "prairie": 0.059876921022468034,
      "desert": 0.04012862779008809,
      "swamp": 0.07358084849156031,
      "marsh": 0.0769826149083115,
      "arctic": 0
    },
    "clearing": {
      "savannah": 0.12023069931665425,
      "grassland": 0.0773481336415828,
      "tundra": 0.26540660177203235,
      "plains": 0.1507460392982,
      "prairie": 0.090691178598057,
      "desert": 0.12320974977030752,
      "swamp": 0.03416484398792879,
      "marsh": 0.03390688259109312,
      "arctic": 1
    }
  }
}