{
  "savs": 2000,
  "tiles": 7840000,
  "land": 1226.387,
  "land_arctic_row": 58.829,
  "land_ocean_adjacent": 798.831,
  "land_ocean_adjacent_cardinal": 588.041,
  "land_non_mounds": 990.4435,
  "count": {
    "mountains": 101.3065,
    "hills": 75.808,
    "clearing": 123.565
  },
  "count_forest": 866.8785,
  "stddev": {
    "mountains": 19.988685743439966,
    "hills": 11.862804727382072,
    "clearing": 21.8014856145172
  },
  "density": {
    "mountains": 0.08260565384336266,
    "hills": 0.061814092941298304,
    "clearing": 0.10075530807159568
  },
  "forest_density_non_mounds": 0.8752427574112002,
  "count_hills_plus_land_rivers": 151616,
  "density_hills_plus_land_rivers": 0.061814092941298304,
  "count_arctic_rows": {
    "mountains": 0,
    "hills": 0,
    "clearing": 58.829
  },
  "num_ranges": {
    "mountains": 57.4745,
    "hills": 64.711,
    "clearing": 66.4075
  },
  "num_ranges_1": {
    "mountains": 39.8785,
    "hills": 56.0565,
    "clearing": 44.6855
  },
  "num_ranges_1_per_land": {
    "mountains": 0.032517060275426925,
    "hills": 0.04570865477210701,
    "clearing": 0.036436703911571146
  },
  "num_ranges_per_land": {
    "mountains": 0.04686489664355542,
    "hills": 0.05276556258342595,
    "clearing": 0.05414889427236264
  },
  "count_range_centers": {
    "mountains": 57.4745,
    "hills": 64.711,
    "clearing": 66.4075
  },
  "density_range_centers": {
    "mountains": 0.04686489664355542,
    "hills": 0.05276556258342595,
    "clearing": 0.05414889427236264
  },
  "count_ocean_adjacent": {
    "mountains": 66.442,
    "hills": 51.465,
    "clearing": 77.454
  },
  "count_ocean_adjacent_cardinal": {
    "mountains": 46.185,
    "hills": 37.2815,
    "clearing": 52.635
  },
  "density_ocean_adjacent": {
    "mountains": 0.08317403806311974,
    "hills": 0.06442539160348058,
    "clearing": 0.09695918160411902
  },
  "density_ocean_adjacent_cardinal": {
    "mountains": 0.0785404419079622,
    "hills": 0.06339949085182836,
    "clearing": 0.08950906484411801
  },
  "count_large_range": {
    "mountains": 24.953,
    "hills": 0.623,
    "clearing": 34.6665
  },
  "count_large_range_ocean_adjacent": {
    "mountains": 14.1475,
    "hills": 0.341,
    "clearing": 17.8685
  },
  "count_large_range_ocean_adjacent_cardinal": {
    "mountains": 8.941,
    "hills": 0.2065,
    "clearing": 10.8245
  },
  "density_large_range": {
    "mountains": 0.020346758404973308,
    "hills": 0.0005079962524064589,
    "clearing": 0.028267178305053788
  },
  "density_large_range_ocean_adjacent": {
    "mountains": 0.01771025410881651,
    "hills": 0.00042687376929538285,
    "clearing": 0.02236831069400161
  },
  "density_large_range_ocean_adjacent_cardinal": {
    "mountains": 0.015204722119716142,
    "hills": 0.00035116599012653877,
    "clearing": 0.018407730073243193
  },
  "count_mountains_adjacent_to_hills": 18.2305,
  "count_hills_adjacent_to_mountains": 16.9515,
  "land_with_biome": {
    "savannah": 172959,
    "grassland": 353106,
    "tundra": 154466,
    "plains": 662423,
    "prairie": 602706,
    "desert": 179363,
    "swamp": 86733,
    "marsh": 113087,
    "arctic": 10273
  },
  "count_with_biome": {
    "mountains": {
      "savannah": 14425,
      "grassland": 22120,
      "tundra": 12185,
      "plains": 68219,
      "prairie": 48484,
      "desert": 19622,
      "swamp": 5368,
      "marsh": 12190,
      "arctic": 0
    },
    "hills": {
      "savannah": 5865,
      "grassland": 9018,
      "tundra": 11026,
      "plains": 67385,
      "prairie": 35753,
      "desert": 7248,
      "swamp": 6405,
      "marsh": 8916,
      "arctic": 0
    },
    "clearing": {
      "savannah": 20152,
      "grassland": 24600,
      "tundra": 36715,
      "plains": 83385,
      "prairie": 45913,
      "desert": 20311,
      "swamp": 2862,
      "marsh": 2919,
      "arctic": 10273
    }
  },
  "density_on_biome": {
    "mountains": {
      "savannah": 0.08340126850872172,
      "grassland": 0.06264407854865112,
      "tundra": 0.07888467364986469,
      "plains": 0.10298404493805317,
      "prairie": 0.08044386483625515,
      "desert": 0.10939825939575051,
      "swamp": 0.06189109104954285,
      "marsh": 0.10779311503532678,
      "arctic": 0
    },
    "hills": {
      "savannah": 0.033909770523650115,
      "grassland": 0.025539073252790947,
      "tundra": 0.07138140432198671,
      "plains": 0.10172503068281144,
      "prairie": 0.05932079654093372,
      "desert": 0.0404096720059321,
      "swamp": 0.07384732454774999,
      "marsh": 0.07884195354019471,
      "arctic": 0
    },
    "clearing": {
      "savannah": 0.11651316207887419,
      "grassland": 0.06966746529370783,
      "tundra": 0.23768984760400347,
      "plains": 0.1258787813828928,
      "prairie": 0.07617810342024138,
      "desert": 0.1132396313620981,
      "swamp": 0.032997820898619905,
      "marsh": 0.025811985462520008,
      "arctic": 1
    }
  }
}