{
  "savs": 10000,
  "tiles": 39200000,
  "land": 1226.9472,
  "land_arctic_row": 58.8195,
  "land_ocean_adjacent": 797.6217,
  "land_ocean_adjacent_cardinal": 586.7672,
  "land_non_mounds": 991.715,
  "count": {
    "mountains": 100.3971,
    "hills": 76.0156,
    "clearing": 117.4702
  },
  "count_forest": 874.2448,
  "stddev": {
    "mountains": 20.303674829695243,
    "hills": 11.846128339672797,
    "clearing": 33.13170553955831
  },
  "density": {
    "mountains": 0.08182674853490028,
    "hills": 0.061955070275232706,
    "clearing": 0.095741854254201
  },
  "forest_density_non_mounds": 0.881548428732045,
  "count_hills_plus_land_rivers": 760156,
  "density_hills_plus_land_rivers": 0.061955070275232706,
  "count_arctic_rows": {
    "mountains": 0,
    "hills": 0,
    "clearing": 58.8195
  },
  "num_ranges": {
    "mountains": 57.3361,
    "hills": 64.7747,
    "clearing": 55.5641
  },
  "num_ranges_1": {
    "mountains": 40.0089,
    "hills": 56.0235,
    "clearing": 34.8955
  },
  "num_ranges_1_per_land": {
    "mountains": 0.032608493666231114,
    "hills": 0.0456608890749333,
    "clearing": 0.02844091416484752
  },
  "num_ranges_per_land": {
    "mountains": 0.046730698761935315,
    "hills": 0.05279338833814528,
    "clearing": 0.04528646383479257
  },
  "count_range_centers": {
    "mountains": 57.3361,
    "hills": 64.7747,
    "clearing": 55.5641
  },
  "density_range_centers": {
    "mountains": 0.046730698761935315,
    "hills": 0.05279338833814528,
    "clearing": 0.04528646383479257
  },
  "count_ocean_adjacent": {
    "mountains": 65.3632,
    "hills": 51.4455,
    "clearing": 59.6691
  },
  "count_ocean_adjacent_cardinal": {
    "mountains": 45.678,
    "hills": 37.3408,
    "clearing": 35.2956
  },
  "density_ocean_adjacent": {
    "mountains": 0.08194762003089937,
    "hills": 0.06449862133891292,
    "clearing": 0.07480877212844134
  },
  "density_ocean_adjacent_cardinal": {
    "mountains": 0.07784688714706617,
    "hills": 0.06363818563818836,
    "clearing": 0.06015264656920155
  },
  "count_large_range": {
    "mountains": 24.4667,
    "hills": 0.6256,
    "clearing": 41.9958
  },
  "count_large_range_ocean_adjacent": {
    "mountains": 13.5331,
    "hills": 0.3183,
    "clearing": 17.4376
  },
  "count_large_range_ocean_adjacent_cardinal": {
    "mountains": 8.5002,
    "hills": 0.1882,
    "clearing": 9.7088
  },
  "density_large_range": {
    "mountains": 0.01994111890063403,
    "hills": 0.0005098833918851602,
    "clearing": 0.0342278787546848
  },
  "density_large_range_ocean_adjacent": {
    "mountains": 0.016966815220799535,
    "hills": 0.0003990613595392402,
    "clearing": 0.021861992972357698
  },
  "density_large_range_ocean_adjacent_cardinal": {
    "mountains": 0.014486494814297732,
    "hills": 0.0003207404912885383,
    "clearing": 0.016546255482583212
  },
  "count_mountains_adjacent_to_hills": 18.1089,
  "count_hills_adjacent_to_mountains": 16.8267,
  "land_with_biome": {
    "savannah": 865841,
    "grassland": 1766688,
    "tundra": 773452,
    "plains": 3319176,
    "prairie": 3013527,
    "desert": 893136,
    "swamp": 432483,
    "marsh": 565325,
    "arctic": 51649
  },
  "count_with_biome": {
    "mountains": {
      "savannah": 70218,
      "grassland": 112340,
      "tundra": 60277,
      "plains": 335799,
      "prairie": 240278,
      "desert": 98268,
      "swamp": 27130,
      "marsh": 59661,
      "arctic": 0
    },
    "hills": {
      "savannah": 30122,
      "grassland": 44514,
      "tundra": 55063,
      "plains": 338879,
      "prairie": 180391,
      "desert": 35851,
      "swamp": 31465,
      "marsh": 43871,
      "arctic": 0
    },
    "clearing": {
      "savannah": 105642,
      "grassland": 115296,
      "tundra": 137031,
      "plains": 391955,
      "prairie": 243277,
      "desert": 98929,
      "swamp": 16044,
      "marsh": 14879,
      "arctic": 51649
    }
  },
  "density_on_biome": {
    "mountains": {
      "savannah": 0.08109803070078686,
      "grassland": 0.06358791139125868,
      "tundra": 0.07793243795348645,
      "plains": 0.10116938661884757,
      "prairie": 0.07973314989379554,
      "desert": 0.11002579674316118,
      "swamp": 0.0627307894183124,
      "marsh": 0.1055339848759563,
      "arctic": 0
    },
    "hills": {
      "savannah": 0.0347892973421217,
      "grassland": 0.0251962995163832,
      "tundra": 0.07119123100076023,
      "plains": 0.1020973277705069,
      "prairie": 0.05986042268743569,
      "desert": 0.040140583293025923,
      "swamp": 0.07275430479348322,
      "marsh": 0.07760314863131827,
      "arctic": 0
    },
    "clearing": {
      "savannah": 0.12201085418685417,
      "grassland": 0.06526109873390208,
      "tundra": 0.17716807248542896,
      "plains": 0.11808804353851679,
      "prairie": 0.08072832929653526,
      "desert": 0.11076588559860984,
      "swamp": 0.037097411921393444,
      "marsh": 0.026319373811524344,
      "arctic": 1
    }
  }
}