{
  "savs": 2000,
  "tiles": 7840000,
  "land": 1222.676,
  "land_arctic_row": 58.7845,
  "land_ocean_adjacent": 793.094,
  "land_ocean_adjacent_cardinal": 583.1205,
  "land_non_mounds": 981.956,
  "count": {
    "mountains": 103.646,
    "hills": 78.2895,
    "clearing": 131.1465
  },
  "count_forest": 850.8095,
  "stddev": {
    "mountains": 20.926554518123634,
    "hills": 12.080632837314425,
    "clearing": 33.57397858088909
  },
  "density": {
    "mountains": 0.08476980001243174,
    "hills": 0.0640312723894147,
    "clearing": 0.10726185841547556
  },
  "forest_density_non_mounds": 0.8664436084712553,
  "count_hills_plus_land_rivers": 156579,
  "density_hills_plus_land_rivers": 0.0640312723894147,
  "count_arctic_rows": {
    "mountains": 0,
    "hills": 0,
    "clearing": 58.7845
  },
  "num_ranges": {
    "mountains": 58.1915,
    "hills": 66.3615,
    "clearing": 60.996
  },
  "num_ranges_1": {
    "mountains": 40.5675,
    "hills": 57.157,
    "clearing": 38.134
  },
  "num_ranges_1_per_land": {
    "mountains": 0.03317927235015654,
    "hills": 0.046747462124062306,
    "clearing": 0.03118896584213643
  },
  "num_ranges_per_land": {
    "mountains": 0.04759355708298846,
    "hills": 0.054275621669191185,
    "clearing": 0.04988729638923149
  },
  "count_range_centers": {
    "mountains": 58.1915,
    "hills": 66.3615,
    "clearing": 60.996
  },
  "density_range_centers": {
    "mountains": 0.04759355708298846,
    "hills": 0.054275621669191185,
    "clearing": 0.04988729638923149
  },
  "count_ocean_adjacent": {
    "mountains": 67.3525,
    "hills": 53.0055,
    "clearing": 66.789
  },
  "count_ocean_adjacent_cardinal": {
    "mountains": 47.071,
    "hills": 38.5125,
    "clearing": 39.353
  },
  "density_ocean_adjacent": {
    "mountains": 0.08492372909138135,
    "hills": 0.0668338179333093,
    "clearing": 0.08421322062706313
  },
  "density_ocean_adjacent_cardinal": {
    "mountains": 0.08072259507254503,
    "hills": 0.0660455257532534,
    "clearing": 0.06748690879500892
  },
  "count_large_range": {
    "mountains": 26.7175,
    "hills": 0.699,
    "clearing": 48.3375
  },
  "count_large_range_ocean_adjacent": {
    "mountains": 14.926,
    "hills": 0.367,
    "clearing": 20.104
  },
  "count_large_range_ocean_adjacent_cardinal": {
    "mountains": 9.383,
    "hills": 0.2275,
    "clearing": 11.2065
  },
  "density_large_range": {
    "mountains": 0.021851659801942626,
    "hills": 0.0005716968354658144,
    "clearing": 0.0395341856714289
  },
  "density_large_range_ocean_adjacent": {
    "mountains": 0.018819963333476235,
    "hills": 0.00046274464313183556,
    "clearing": 0.025348823720769544
  },
  "density_large_range_ocean_adjacent_cardinal": {
    "mountains": 0.01609101377845574,
    "hills": 0.00039014234622175006,
    "clearing": 0.019218154738171612
  },
  "count_mountains_adjacent_to_hills": 19.085,
  "count_hills_adjacent_to_mountains": 17.648,
  "land_with_biome": {
    "savannah": 180972,
    "grassland": 288989,
    "tundra": 247492,
    "plains": 713403,
    "prairie": 523016,
    "desert": 195346,
    "swamp": 81255,
    "marsh": 87013,
    "arctic": 10297
  },
  "count_with_biome": {
    "mountains": {
      "savannah": 14765,
      "grassland": 19173,
      "tundra": 19319,
      "plains": 73443,
      "prairie": 43960,
      "desert": 21902,
      "swamp": 5251,
      "marsh": 9479,
      "arctic": 0
    },
    "hills": {
      "savannah": 6315,
      "grassland": 7322,
      "tundra": 17760,
      "plains": 73129,
      "prairie": 31459,
      "desert": 7769,
      "swamp": 5998,
      "marsh": 6827,
      "arctic": 0
    },
    "clearing": {
      "savannah": 23202,
      "grassland": 20992,
      "tundra": 46290,
      "plains": 87431,
      "prairie": 45610,
      "desert": 22539,
      "swamp": 3333,
      "marsh": 2599,
      "arctic": 10297
    }
  },
  "density_on_biome": {
    "mountains": {
      "savannah": 0.08158720686072983,
      "grassland": 0.06634508579911347,
      "tundra": 0.07805908877862719,
      "plains": 0.10294742242463235,
      "prairie": 0.08405096593603255,
      "desert": 0.11211900934751672,
      "swamp": 0.06462371546366377,
      "marsh": 0.10893774493466493,
      "arctic": 0
    },
    "hills": {
      "savannah": 0.034894900868642664,
      "grassland": 0.025336604507438,
      "tundra": 0.07175989526934204,
      "plains": 0.10250727849476383,
      "prairie": 0.06014921149639781,
      "desert": 0.03977045857094591,
      "swamp": 0.07381699587717679,
      "marsh": 0.07845954052842678,
      "arctic": 0
    },
    "clearing": {
      "savannah": 0.12820767853590612,
      "grassland": 0.07263944302378292,
      "tundra": 0.18703634864965332,
      "plains": 0.12255485328769293,
      "prairie": 0.08720574513972804,
      "desert": 0.11537989004126012,
      "swamp": 0.041019014214509875,
      "marsh": 0.029869100019537312,
      "arctic": 1
    }
  }
}