{
  "savs": 10000,
  "tiles": 39200000,
  "land": 1225.5497,
  "land_arctic_row": 58.8146,
  "land_ocean_adjacent": 793.6178,
  "land_ocean_adjacent_cardinal": 583.7899,
  "land_non_mounds": 993.3351,
  "count": {
    "mountains": 95.4321,
    "hills": 77.9679,
    "clearing": 144.3127
  },
  "count_forest": 849.0224,
  "stddev": {
    "mountains": 16.49049391588986,
    "hills": 11.92840599535414,
    "clearing": 24.04820406412915
  },
  "density": {
    "mountains": 0.07786881266422732,
    "hills": 0.06361871738045385,
    "clearing": 0.11775344565789539
  },
  "forest_density_non_mounds": 0.854719016774903,
  "count_hills_plus_land_rivers": 779679,
  "density_hills_plus_land_rivers": 0.06361871738045385,
  "count_arctic_rows": {
    "mountains": 0,
    "hills": 0,
    "clearing": 58.8146
  },
  "num_ranges": {
    "mountains": 61.6261,
    "hills": 68.6272,
    "clearing": 78.6923
  },
  "num_ranges_1": {
    "mountains": 44.7666,
    "hills": 60.9643,
    "clearing": 53.1707
  },
  "num_ranges_1_per_land": {
    "mountains": 0.03652777198672563,
    "hills": 0.049744453448113936,
    "clearing": 0.04338518462368356
  },
  "num_ranges_per_land": {
    "mountains": 0.05028445602818066,
    "hills": 0.05599707625076323,
    "clearing": 0.0642097990803637
  },
  "count_range_centers": {
    "mountains": 61.6261,
    "hills": 68.6272,
    "clearing": 78.6923
  },
  "density_range_centers": {
    "mountains": 0.05028445602818066,
    "hills": 0.05599707625076323,
    "clearing": 0.0642097990803637
  },
  "count_ocean_adjacent": {
    "mountains": 63.8275,
    "hills": 53.0318,
    "clearing": 91.2445
  },
  "count_ocean_adjacent_cardinal": {
    "mountains": 45.318,
    "hills": 38.8054,
    "clearing": 62.729
  },
  "density_ocean_adjacent": {
    "mountains": 0.0804259934694005,
    "hills": 0.06682284595935223,
    "clearing": 0.1149728496513057
  },
  "density_ocean_adjacent_cardinal": {
    "mountains": 0.07762724226643866,
    "hills": 0.06647151655073169,
    "clearing": 0.10745132795205946
  },
  "count_large_range": {
    "mountains": 14.236,
    "hills": 0.3086,
    "clearing": 39.0115
  },
  "count_large_range_ocean_adjacent": {
    "mountains": 8.2377,
    "hills": 0.1606,
    "clearing": 20.5878
  },
  "count_large_range_ocean_adjacent_cardinal": {
    "mountains": 5.2543,
    "hills": 0.0942,
    "clearing": 12.6384
  },
  "density_large_range": {
    "mountains": 0.011616011982215001,
    "hills": 0.00025180537353972673,
    "clearing": 0.03183183839872018
  },
  "density_large_range_ocean_adjacent": {
    "mountains": 0.010379933514596068,
    "hills": 0.0002023644126933645,
    "clearing": 0.025941706448620483
  },
  "density_large_range_ocean_adjacent_cardinal": {
    "mountains": 0.009000327001203687,
    "hills": 0.00016135942057236686,
    "clearing": 0.021648884298957553
  },
  "count_mountains_adjacent_to_hills": 18.4037,
  "count_hills_adjacent_to_mountains": 17.6152,
  "land_with_biome": {
    "savannah": 911846,
    "grassland": 1448484,
    "tundra": 1244528,
    "plains": 3578407,
    "prairie": 2617270,
    "desert": 973186,
    "swamp": 407730,
    "marsh": 434064,
    "arctic": 51836
  },
  "count_with_biome": {
    "mountains": {
      "savannah": 68489,
      "grassland": 82751,
      "tundra": 90326,
      "plains": 348311,
      "prairie": 198924,
      "desert": 98614,
      "swamp": 22616,
      "marsh": 44290,
      "arctic": 0
    },
    "hills": {
      "savannah": 31272,
      "grassland": 35528,
      "tundra": 89028,
      "plains": 363937,
      "prairie": 156781,
      "desert": 39233,
      "swamp": 29728,
      "marsh": 34172,
      "arctic": 0
    },
    "clearing": {
      "savannah": 108068,
      "grassland": 106647,
      "tundra": 315994,
      "plains": 499835,
      "prairie": 221457,
      "desert": 112160,
      "swamp": 13725,
      "marsh": 13405,
      "arctic": 51836
    }
  },
  "density_on_biome": {
    "mountains": {
      "savannah": 0.07511027081327329,
      "grassland": 0.05712938492934682,
      "tundra": 0.07257851972796112,
      "plains": 0.09733688761507564,
      "prairie": 0.07600438624979464,
      "desert": 0.10133109189815719,
      "swamp": 0.05546807936624727,
      "marsh": 0.1020356445132515,
      "arctic": 0
    },
    "hills": {
      "savannah": 0.03429526477058626,
      "grassland": 0.02452771311246793,
      "tundra": 0.0715355540413715,
      "plains": 0.10170363516503293,
      "prairie": 0.059902493819896305,
      "desert": 0.040313979033812654,
      "swamp": 0.07291099502121502,
      "marsh": 0.07872571786648973,
      "arctic": 0
    },
    "clearing": {
      "savannah": 0.1185156265422012,
      "grassland": 0.07362663308673068,
      "tundra": 0.25390670197858145,
      "plains": 0.13968086916887879,
      "prairie": 0.08461373874304141,
      "desert": 0.11525032213780305,
      "swamp": 0.033661982194099035,
      "marsh": 0.030882542666519224,
      "arctic": 1
    }
  }
}