{
  "savs": 10000,
  "tiles": 39200000,
  "land": 1225.5587,
  "land_arctic_row": 58.854,
  "land_ocean_adjacent": 795.7868,
  "land_ocean_adjacent_cardinal": 585.3488,
  "land_non_mounds": 985.1806,
  "count": {
    "mountains": 103.2108,
    "hills": 78.3133,
    "clearing": 130.796
  },
  "count_forest": 854.3846,
  "stddev": {
    "mountains": 20.94570990346228,
    "hills": 12.190075599027285,
    "clearing": 34.2605134812659
  },
  "density": {
    "mountains": 0.08421530523180978,
    "hills": 0.0639000808366013,
    "clearing": 0.10672357023780256
  },
  "forest_density_non_mounds": 0.867236524957962,
  "count_hills_plus_land_rivers": 783133,
  "density_hills_plus_land_rivers": 0.0639000808366013,
  "count_arctic_rows": {
    "mountains": 0,
    "hills": 0,
    "clearing": 58.854
  },
  "num_ranges": {
    "mountains": 58.0264,
    "hills": 66.3633,
    "clearing": 61.092
  },
  "num_ranges_1": {
    "mountains": 40.3451,
    "hills": 57.1545,
    "clearing": 38.1923
  },
  "num_ranges_1_per_land": {
    "mountains": 0.032919761411672896,
    "hills": 0.046635465114808455,
    "clearing": 0.031163174803459027
  },
  "num_ranges_per_land": {
    "mountains": 0.04734689574640529,
    "hills": 0.054149425890412266,
    "clearing": 0.04984828552071802
  },
  "count_range_centers": {
    "mountains": 58.0264,
    "hills": 66.3633,
    "clearing": 61.092
  },
  "density_range_centers": {
    "mountains": 0.04734689574640529,
    "hills": 0.054149425890412266,
    "clearing": 0.04984828552071802
  },
  "count_ocean_adjacent": {
    "mountains": 67.0925,
    "hills": 53.0191,
    "clearing": 67.0105
  },
  "count_ocean_adjacent_cardinal": {
    "mountains": 46.8807,
    "hills": 38.6377,
    "clearing": 39.5028
  },
  "density_ocean_adjacent": {
    "mountains": 0.08430964172816136,
    "hills": 0.06662475426835429,
    "clearing": 0.08420659905391746
  },
  "density_ocean_adjacent_cardinal": {
    "mountains": 0.08009019579437081,
    "hills": 0.0660079938662213,
    "clearing": 0.06748591608968875
  },
  "count_large_range": {
    "mountains": 26.4019,
    "hills": 0.7258,
    "clearing": 47.8297
  },
  "count_large_range_ocean_adjacent": {
    "mountains": 14.6192,
    "hills": 0.3777,
    "clearing": 20.1069
  },
  "count_large_range_ocean_adjacent_cardinal": {
    "mountains": 9.2244,
    "hills": 0.2287,
    "clearing": 11.2031
  },
  "density_large_range": {
    "mountains": 0.021542746177722862,
    "hills": 0.0005922196953928033,
    "clearing": 0.03902685363010356
  },
  "density_large_range_ocean_adjacent": {
    "mountains": 0.01837074955251834,
    "hills": 0.00047462461051125753,
    "clearing": 0.02526669203359493
  },
  "density_large_range_ocean_adjacent_cardinal": {
    "mountains": 0.01575880910663864,
    "hills": 0.00039070721593689094,
    "clearing": 0.019139186754974127
  },
  "count_mountains_adjacent_to_hills": 19.1449,
  "count_hills_adjacent_to_mountains": 17.7271,
  "land_with_biome": {
    "savannah": 906965,
    "grassland": 1446940,
    "tundra": 1244505,
    "plains": 3586356,
    "prairie": 2615685,
    "desert": 974595,
    "swamp": 406620,
    "marsh": 434574,
    "arctic": 50807
  },
  "count_with_biome": {
    "mountains": {
      "savannah": 74129,
      "grassland": 95177,
      "tundra": 96759,
      "plains": 367118,
      "prairie": 218540,
      "desert": 108347,
      "swamp": 25289,
      "marsh": 46749,
      "arctic": 0
    },
    "hills": {
      "savannah": 31221,
      "grassland": 36749,
      "tundra": 88977,
      "plains": 366993,
      "prairie": 156865,
      "desert": 39105,
      "swamp": 29607,
      "marsh": 33616,
      "arctic": 0
    },
    "clearing": {
      "savannah": 116122,
      "grassland": 103601,
      "tundra": 233100,
      "plains": 439742,
      "prairie": 224408,
      "desert": 111216,
      "swamp": 16365,
      "marsh": 12599,
      "arctic": 50807
    }
  },
  "density_on_biome": {
    "mountains": {
      "savannah": 0.08173303269696185,
      "grassland": 0.06577812487041619,
      "tundra": 0.07774898453602035,
      "plains": 0.10236518627821667,
      "prairie": 0.0835498158226239,
      "desert": 0.11117130705575136,
      "swamp": 0.06219320249864738,
      "marsh": 0.10757431415593202,
      "arctic": 0
    },
    "hills": {
      "savannah": 0.03442359958763569,
      "grassland": 0.02539773591164803,
      "tundra": 0.07149589595863416,
      "plains": 0.10233033195812127,
      "prairie": 0.05997090628267548,
      "desert": 0.040124359349268154,
      "swamp": 0.0728124538881511,
      "marsh": 0.07735391440813302,
      "arctic": 0
    },
    "clearing": {
      "savannah": 0.1280336065890084,
      "grassland": 0.0716000663469114,
      "tundra": 0.1873033856834645,
      "plains": 0.12261526741907385,
      "prairie": 0.08579320522157675,
      "desert": 0.11411509396210734,
      "swamp": 0.040246421720525304,
      "marsh": 0.028991610174561755,
      "arctic": 1
    }
  }
}