{
  "savs": 10000,
  "tiles": 39200000,
  "land": 1224.8488,
  "land_arctic_row": 58.7182,
  "land_ocean_adjacent": 793.1081,
  "land_ocean_adjacent_cardinal": 583.3695,
  "land_non_mounds": 980.2756,
  "count": {
    "mountains": 105.9712,
    "hills": 79.8838,
    "clearing": 154.9197
  },
  "count_forest": 825.3559,
  "stddev": {
    "mountains": 21.332336265866445,
    "hills": 12.37821867475289,
    "clearing": 35.52830494000516
  },
  "density": {
    "mountains": 0.08651778080690449,
    "hills": 0.0652193152330312,
    "clearing": 0.12648067255321638
  },
  "forest_density_non_mounds": 0.8419631173110909,
  "count_hills_plus_land_rivers": 798838,
  "density_hills_plus_land_rivers": 0.0652193152330312,
  "count_arctic_rows": {
    "mountains": 0,
    "hills": 0,
    "clearing": 58.7182
  },
  "num_ranges": {
    "mountains": 58.7205,
    "hills": 67.5377,
    "clearing": 70.9668
  },
  "num_ranges_1": {
    "mountains": 40.6351,
    "hills": 58.0505,
    "clearing": 44.0527
  },
  "num_ranges_1_per_land": {
    "mountains": 0.03317560502161573,
    "hills": 0.04739401304062999,
    "clearing": 0.03596582696574467
  },
  "num_ranges_per_land": {
    "mountains": 0.04794101933234535,
    "hills": 0.05513962213131939,
    "clearing": 0.05793923298941061
  },
  "count_range_centers": {
    "mountains": 58.7205,
    "hills": 67.5377,
    "clearing": 70.9668
  },
  "density_range_centers": {
    "mountains": 0.04794101933234535,
    "hills": 0.05513962213131939,
    "clearing": 0.05793923298941061
  },
  "count_ocean_adjacent": {
    "mountains": 68.7356,
    "hills": 54.104,
    "clearing": 80.7773
  },
  "count_ocean_adjacent_cardinal": {
    "mountains": 48.0204,
    "hills": 39.458,
    "clearing": 47.7877
  },
  "density_ocean_adjacent": {
    "mountains": 0.08666611777133533,
    "hills": 0.06821768684495846,
    "clearing": 0.10184904176366374
  },
  "density_ocean_adjacent_cardinal": {
    "mountains": 0.08231558214819253,
    "hills": 0.06763809215257226,
    "clearing": 0.08191669259363063
  },
  "count_large_range": {
    "mountains": 28.2464,
    "hills": 0.7843,
    "clearing": 58.7163
  },
  "count_large_range_ocean_adjacent": {
    "mountains": 15.6158,
    "hills": 0.4108,
    "clearing": 24.9756
  },
  "count_large_range_ocean_adjacent_cardinal": {
    "mountains": 9.8554,
    "hills": 0.2492,
    "clearing": 13.997
  },
  "density_large_range": {
    "mountains": 0.023061132116878425,
    "hills": 0.00064032393222739,
    "clearing": 0.047937590337680865
  },
  "density_large_range_ocean_adjacent": {
    "mountains": 0.019689371474077746,
    "hills": 0.0005179621794305215,
    "clearing": 0.031490789212718924
  },
  "density_large_range_ocean_adjacent_cardinal": {
    "mountains": 0.0168939240052831,
    "hills": 0.000427173515242055,
    "clearing": 0.023993369553944797
  },
  "count_mountains_adjacent_to_hills": 19.9501,
  "count_hills_adjacent_to_mountains": 18.4245,
  "land_with_biome": {
    "savannah": 963770,
    "grassland": 1161489,
    "tundra": 1714189,
    "plains": 3738569,
    "prairie": 2254218,
    "desert": 1075097,
    "swamp": 390637,
    "marsh": 312390,
    "arctic": 50947
  },
  "count_with_biome": {
    "mountains": {
      "savannah": 78390,
      "grassland": 78978,
      "tundra": 134930,
      "plains": 389525,
      "prairie": 198131,
      "desert": 121853,
      "swamp": 23911,
      "marsh": 33994,
      "arctic": 0
    },
    "hills": {
      "savannah": 33550,
      "grassland": 29366,
      "tundra": 122438,
      "plains": 382279,
      "prairie": 135088,
      "desert": 43738,
      "swamp": 28431,
      "marsh": 23948,
      "arctic": 0
    },
    "clearing": {
      "savannah": 135893,
      "grassland": 100492,
      "tundra": 351912,
      "plains": 517628,
      "prairie": 226545,
      "desert": 133334,
      "swamp": 20468,
      "marsh": 11978,
      "arctic": 50947
    }
  },
  "density_on_biome": {
    "mountains": {
      "savannah": 0.08133683347686689,
      "grassland": 0.06799720014567508,
      "tundra": 0.07871360742601895,
      "plains": 0.10419093508773009,
      "prairie": 0.08789345129885397,
      "desert": 0.11334140082243742,
      "swamp": 0.06121027962021007,
      "marsh": 0.1088191043247223,
      "arctic": 0
    },
    "hills": {
      "savannah": 0.034811210143498965,
      "grassland": 0.02528306337812928,
      "tundra": 0.07142619629457428,
      "plains": 0.10225276034760894,
      "prairie": 0.05992676839595815,
      "desert": 0.04068284071111723,
      "swamp": 0.07278112416386569,
      "marsh": 0.07666058452575307,
      "arctic": 0
    },
    "clearing": {
      "savannah": 0.14100148375649793,
      "grassland": 0.08651997565194332,
      "tundra": 0.20529358197958336,
      "plains": 0.13845618470596638,
      "prairie": 0.10049826591749333,
      "desert": 0.12402043722566429,
      "swamp": 0.05239647038042991,
      "marsh": 0.03834309677006306,
      "arctic": 1
    }
  }
}