{
  "savs": 2000,
  "tiles": 7840000,
  "land": 1222.5445,
  "land_arctic_row": 58.8725,
  "land_ocean_adjacent": 788.755,
  "land_ocean_adjacent_cardinal": 580.2905,
  "land_non_mounds": 978.141,
  "count": {
    "mountains": 105.423,
    "hills": 80.108,
    "clearing": 155.1965
  },
  "count_forest": 822.9445,
  "stddev": {
    "mountains": 21.420972690333194,
    "hills": 12.817969261938465,
    "clearing": 36.541591204407126
  },
  "density": {
    "mountains": 0.08623244389059048,
    "hills": 0.0655256311733438,
    "clearing": 0.12694548133012745
  },
  "forest_density_non_mounds": 0.8413352471678418,
  "count_hills_plus_land_rivers": 160216,
  "density_hills_plus_land_rivers": 0.0655256311733438,
  "count_arctic_rows": {
    "mountains": 0,
    "hills": 0,
    "clearing": 58.8725
  },
  "num_ranges": {
    "mountains": 58.4695,
    "hills": 67.7505,
    "clearing": 70.836
  },
  "num_ranges_1": {
    "mountains": 40.545,
    "hills": 58.2715,
    "clearing": 43.8785
  },
  "num_ranges_1_per_land": {
    "mountains": 0.033164436959145456,
    "hills": 0.047664113658030444,
    "clearing": 0.03589112707144811
  },
  "num_ranges_per_land": {
    "mountains": 0.04782607095283648,
    "hills": 0.05541761465533566,
    "clearing": 0.05794144916606308
  },
  "count_range_centers": {
    "mountains": 58.4695,
    "hills": 67.7505,
    "clearing": 70.836
  },
  "density_range_centers": {
    "mountains": 0.04782607095283648,
    "hills": 0.05541761465533566,
    "clearing": 0.05794144916606308
  },
  "count_ocean_adjacent": {
    "mountains": 68.1875,
    "hills": 54.093,
    "clearing": 80.5255
  },
  "count_ocean_adjacent_cardinal": {
    "mountains": 47.7905,
    "hills": 39.45,
    "clearing": 47.5845
  },
  "density_ocean_adjacent": {
    "mountains": 0.08644953122325691,
    "hills": 0.0685802308701688,
    "clearing": 0.10209190433024197
  },
  "density_ocean_adjacent_cardinal": {
    "mountains": 0.0823561647140527,
    "hills": 0.06798319117752229,
    "clearing": 0.08200117010359466
  },
  "count_large_range": {
    "mountains": 28.0275,
    "hills": 0.768,
    "clearing": 58.7215
  },
  "count_large_range_ocean_adjacent": {
    "mountains": 15.509,
    "hills": 0.3945,
    "clearing": 24.7255
  },
  "count_large_range_ocean_adjacent_cardinal": {
    "mountains": 9.813,
    "hills": 0.234,
    "clearing": 13.824
  },
  "density_large_range": {
    "mountains": 0.02292554585947587,
    "hills": 0.0006281979919749342,
    "clearing": 0.04803219841895326
  },
  "density_large_range_ocean_adjacent": {
    "mountains": 0.01966263288346825,
    "hills": 0.0005001553080487604,
    "clearing": 0.03134750334387738
  },
  "density_large_range_ocean_adjacent_cardinal": {
    "mountains": 0.01691049569138216,
    "hills": 0.0004032463050834022,
    "clearing": 0.023822550946465605
  },
  "count_mountains_adjacent_to_hills": 20.181,
  "count_hills_adjacent_to_mountains": 18.555,
  "land_with_biome": {
    "savannah": 192845,
    "grassland": 231196,
    "tundra": 344311,
    "plains": 748374,
    "prairie": 448646,
    "desert": 212048,
    "swamp": 78123,
    "marsh": 61888,
    "arctic": 9913
  },
  "count_with_biome": {
    "mountains": {
      "savannah": 15583,
      "grassland": 15848,
      "tundra": 26848,
      "plains": 78023,
      "prairie": 39280,
      "desert": 23693,
      "swamp": 4811,
      "marsh": 6760,
      "arctic": 0
    },
    "hills": {
      "savannah": 6698,
      "grassland": 5753,
      "tundra": 24745,
      "plains": 76779,
      "prairie": 26891,
      "desert": 8733,
      "swamp": 5758,
      "marsh": 4859,
      "arctic": 0
    },
    "clearing": {
      "savannah": 27490,
      "grassland": 19723,
      "tundra": 71075,
      "plains": 104387,
      "prairie": 45239,
      "desert": 26217,
      "swamp": 4017,
      "marsh": 2332,
      "arctic": 9913
    }
  },
  "density_on_biome": {
    "mountains": {
      "savannah": 0.08080582851512873,
      "grassland": 0.06854789875257357,
      "tundra": 0.07797601586937392,
      "plains": 0.10425669518182086,
      "prairie": 0.08755232410408206,
      "desert": 0.11173413566739607,
      "swamp": 0.061582376508838625,
      "marsh": 0.10922957600827302,
      "arctic": 0
    },
    "hills": {
      "savannah": 0.03473255723508517,
      "grassland": 0.024883648506029515,
      "tundra": 0.07186816569903372,
      "plains": 0.1025944247127773,
      "prairie": 0.0599381249359183,
      "desert": 0.04118407153097412,
      "swamp": 0.07370428682974284,
      "marsh": 0.07851279731127198,
      "arctic": 0
    },
    "clearing": {
      "savannah": 0.1425497160932355,
      "grassland": 0.08530856935241093,
      "tundra": 0.20642674791104554,
      "plains": 0.13948507029907506,
      "prairie": 0.1008345109507273,
      "desert": 0.12363710103372821,
      "swamp": 0.0514189163242579,
      "marsh": 0.03768097207859359,
      "arctic": 1
    }
  }
}