{
  "savs": 2000,
  "tiles": 7840000,
  "land": 1224.2565,
  "land_arctic_row": 58.781,
  "land_ocean_adjacent": 790.18,
  "land_ocean_adjacent_cardinal": 581.0705,
  "land_non_mounds": 978.6665,
  "count": {
    "mountains": 106.785,
    "hills": 80.024,
    "clearing": 174.1825
  },
  "count_forest": 804.484,
  "stddev": {
    "mountains": 21.47975267548487,
    "hills": 12.197558116278831,
    "clearing": 33.06516586605908
  },
  "density": {
    "mountains": 0.08722436842279375,
    "hills": 0.06536538707370555,
    "clearing": 0.14227614882992248
  },
  "forest_density_non_mounds": 0.8220205759571826,
  "count_hills_plus_land_rivers": 160048,
  "density_hills_plus_land_rivers": 0.06536538707370555,
  "count_arctic_rows": {
    "mountains": 0,
    "hills": 0,
    "clearing": 58.781
  },
  "num_ranges": {
    "mountains": 58.91,
    "hills": 67.6785,
    "clearing": 71.9215
  },
  "num_ranges_1": {
    "mountains": 40.444,
    "hills": 58.151,
    "clearing": 44.8375
  },
  "num_ranges_1_per_land": {
    "mountains": 0.03303556076688178,
    "hills": 0.04749903308661216,
    "clearing": 0.036624269505614225
  },
  "num_ranges_per_land": {
    "mountains": 0.04811900120603811,
    "hills": 0.055281307471105934,
    "clearing": 0.058747084454932444
  },
  "count_range_centers": {
    "mountains": 58.91,
    "hills": 67.6785,
    "clearing": 71.9215
  },
  "density_range_centers": {
    "mountains": 0.04811900120603811,
    "hills": 0.055281307471105934,
    "clearing": 0.058747084454932444
  },
  "count_ocean_adjacent": {
    "mountains": 69.255,
    "hills": 54.4255,
    "clearing": 106.7535
  },
  "count_ocean_adjacent_cardinal": {
    "mountains": 48.5865,
    "hills": 39.7625,
    "clearing": 72.2585
  },
  "density_ocean_adjacent": {
    "mountains": 0.08764458730922069,
    "hills": 0.06887734440254119,
    "clearing": 0.1351002303272672
  },
  "density_ocean_adjacent_cardinal": {
    "mountains": 0.08361549932409235,
    "hills": 0.06842973442981531,
    "clearing": 0.12435410161073399
  },
  "count_large_range": {
    "mountains": 28.491,
    "hills": 0.653,
    "clearing": 78.9245
  },
  "count_large_range_ocean_adjacent": {
    "mountains": 15.973,
    "hills": 0.339,
    "clearing": 41.8655
  },
  "count_large_range_ocean_adjacent_cardinal": {
    "mountains": 10.163,
    "hills": 0.204,
    "clearing": 26.02
  },
  "density_large_range": {
    "mountains": 0.023272083913787673,
    "hills": 0.0005333849565021709,
    "clearing": 0.06446729096394424
  },
  "density_large_range_ocean_adjacent": {
    "mountains": 0.020214381533321522,
    "hills": 0.00042901617353008174,
    "clearing": 0.052982231896529904
  },
  "density_large_range_ocean_adjacent_cardinal": {
    "mountains": 0.017490132436597625,
    "hills": 0.00035107616029380256,
    "clearing": 0.044779420053160504
  },
  "count_mountains_adjacent_to_hills": 20.0365,
  "count_hills_adjacent_to_mountains": 18.533,
  "land_with_biome": {
    "savannah": 191832,
    "grassland": 232046,
    "tundra": 343211,
    "plains": 747017,
    "prairie": 451058,
    "desert": 215682,
    "swamp": 77790,
    "marsh": 62128,
    "arctic": 10187
  },
  "count_with_biome": {
    "mountains": {
      "savannah": 15930,
      "grassland": 15360,
      "tundra": 27396,
      "plains": 79609,
      "prairie": 39562,
      "desert": 24072,
      "swamp": 4757,
      "marsh": 6884,
      "arctic": 0
    },
    "hills": {
      "savannah": 6501,
      "grassland": 5944,
      "tundra": 24612,
      "plains": 76525,
      "prairie": 26919,
      "desert": 8782,
      "swamp": 5795,
      "marsh": 4970,
      "arctic": 0
    },
    "clearing": {
      "savannah": 23119,
      "grassland": 19207,
      "tundra": 96584,
      "plains": 120853,
      "prairie": 45390,
      "desert": 28135,
      "swamp": 2702,
      "marsh": 2188,
      "arctic": 10187
    }
  },
  "density_on_biome": {
    "mountains": {
      "savannah": 0.08304141123483047,
      "grassland": 0.0661937719245322,
      "tundra": 0.07982261640798226,
      "plains": 0.10656919454309607,
      "prairie": 0.08770934114903184,
      "desert": 0.11160875733719086,
      "swamp": 0.061151818999871446,
      "marsh": 0.11080350244656194,
      "arctic": 0
    },
    "hills": {
      "savannah": 0.033889027899411985,
      "grassland": 0.02561561069787887,
      "tundra": 0.07171098828417505,
      "plains": 0.10244077444020686,
      "prairie": 0.059679686426135886,
      "desert": 0.04071735239843844,
      "swamp": 0.07449543643141791,
      "marsh": 0.07999613700746845,
      "arctic": 0
    },
    "clearing": {
      "savannah": 0.1205169106301347,
      "grassland": 0.08277238133818295,
      "tundra": 0.2814128917779442,
      "plains": 0.16178078945994537,
      "prairie": 0.10063007418114743,
      "desert": 0.13044667612503594,
      "swamp": 0.034734541714873376,
      "marsh": 0.035217615245943856,
      "arctic": 1
    }
  }
}