{
  "savs": 10000,
  "tiles": 39200000,
  "land": 1226.3868,
  "land_arctic_row": 58.8169,
  "land_ocean_adjacent": 795.9847,
  "land_ocean_adjacent_cardinal": 585.537,
  "land_non_mounds": 992.0016,
  "count": {
    "mountains": 95.9601,
    "hills": 79.6082,
    "clearing": 162.8567
  },
  "count_forest": 829.1449,
  "stddev": {
    "mountains": 16.686201125181245,
    "hills": 12.149909166738682,
    "clearing": 27.076579642008006
  },
  "density": {
    "mountains": 0.07824619443066412,
    "hills": 0.0649127991266703,
    "clearing": 0.1327939113499917
  },
  "forest_density_non_mounds": 0.8358302043061221,
  "count_hills_plus_land_rivers": 796082,
  "density_hills_plus_land_rivers": 0.0649127991266703,
  "count_arctic_rows": {
    "mountains": 0,
    "hills": 0,
    "clearing": 58.8169
  },
  "num_ranges": {
    "mountains": 61.9415,
    "hills": 69.9455,
    "clearing": 82.0622
  },
  "num_ranges_1": {
    "mountains": 44.9827,
    "hills": 62.0406,
    "clearing": 53.9387
  },
  "num_ranges_1_per_land": {
    "mountains": 0.03667904775230783,
    "hills": 0.05058811787602411,
    "clearing": 0.04398180084782387
  },
  "num_ranges_per_land": {
    "mountains": 0.050507311396371844,
    "hills": 0.057033800429032666,
    "clearing": 0.06691379913743364
  },
  "count_range_centers": {
    "mountains": 61.9415,
    "hills": 69.9455,
    "clearing": 82.0622
  },
  "density_range_centers": {
    "mountains": 0.050507311396371844,
    "hills": 0.057033800429032666,
    "clearing": 0.06691379913743364
  },
  "count_ocean_adjacent": {
    "mountains": 64.486,
    "hills": 54.5141,
    "clearing": 103.5406
  },
  "count_ocean_adjacent_cardinal": {
    "mountains": 45.9577,
    "hills": 40.0743,
    "clearing": 71.2405
  },
  "density_ocean_adjacent": {
    "mountains": 0.08101411999502,
    "hills": 0.06848636663493658,
    "clearing": 0.13007863090835792
  },
  "density_ocean_adjacent_cardinal": {
    "mountains": 0.07848812286840968,
    "hills": 0.06844025228123927,
    "clearing": 0.12166694845927756
  },
  "count_large_range": {
    "mountains": 14.3925,
    "hills": 0.3126,
    "clearing": 52.9681
  },
  "count_large_range_ocean_adjacent": {
    "mountains": 8.4572,
    "hills": 0.1582,
    "clearing": 28.8422
  },
  "count_large_range_ocean_adjacent_cardinal": {
    "mountains": 5.4186,
    "hills": 0.0929,
    "clearing": 17.9622
  },
  "density_large_range": {
    "mountains": 0.011735693828407156,
    "hills": 0.0002548951113955238,
    "clearing": 0.043190370281219595
  },
  "density_large_range_ocean_adjacent": {
    "mountains": 0.010624827336505337,
    "hills": 0.0001987475387403803,
    "clearing": 0.036234616067369135
  },
  "density_large_range_ocean_adjacent_cardinal": {
    "mountains": 0.009254069341476287,
    "hills": 0.00015865777909850274,
    "clearing": 0.030676455971185426
  },
  "count_mountains_adjacent_to_hills": 18.6648,
  "count_hills_adjacent_to_mountains": 17.9074,
  "land_with_biome": {
    "savannah": 964223,
    "grassland": 1161659,
    "tundra": 1720865,
    "plains": 3746555,
    "prairie": 2254933,
    "desert": 1072265,
    "swamp": 391480,
    "marsh": 312559,
    "arctic": 51160
  },
  "count_with_biome": {
    "mountains": {
      "savannah": 72663,
      "grassland": 66043,
      "tundra": 123963,
      "plains": 363226,
      "prairie": 171597,
      "desert": 108644,
      "swamp": 21530,
      "marsh": 31935,
      "arctic": 0
    },
    "hills": {
      "savannah": 32710,
      "grassland": 28638,
      "tundra": 122981,
      "plains": 381450,
      "prairie": 134344,
      "desert": 43163,
      "swamp": 28248,
      "marsh": 24548,
      "arctic": 0
    },
    "clearing": {
      "savannah": 114781,
      "grassland": 87632,
      "tundra": 459486,
      "plains": 562160,
      "prairie": 201417,
      "desert": 128382,
      "swamp": 13332,
      "marsh": 10217,
      "arctic": 51160
    }
  },
  "density_on_biome": {
    "mountains": {
      "savannah": 0.07535912335631903,
      "grassland": 0.056852312081256205,
      "tundra": 0.07203528458071957,
      "plains": 0.09694933078521469,
      "prairie": 0.0760984916181545,
      "desert": 0.10132196798366075,
      "swamp": 0.05499642382752631,
      "marsh": 0.1021727097923912,
      "arctic": 0
    },
    "hills": {
      "savannah": 0.03392368777761991,
      "grassland": 0.024652673460972625,
      "tundra": 0.07146464132863414,
      "plains": 0.10181353269870588,
      "prairie": 0.05957782337657039,
      "desert": 0.04025404167812994,
      "swamp": 0.07215694288341677,
      "marsh": 0.07853877187986909,
      "arctic": 0
    },
    "clearing": {
      "savannah": 0.1190398901498927,
      "grassland": 0.0754369397559869,
      "tundra": 0.2670087426962603,
      "plains": 0.15004717667297024,
      "prairie": 0.08932283132137407,
      "desert": 0.11972973099000714,
      "swamp": 0.03405537958516399,
      "marsh": 0.03268822846246629,
      "arctic": 1
    }
  }
}