{
  "savs": 10000,
  "tiles": 39200000,
  "land": 1224.0179,
  "land_arctic_row": 58.9166,
  "land_ocean_adjacent": 875.1877,
  "land_ocean_adjacent_cardinal": 662.7379,
  "land_non_mounds": 994.6546,
  "count": {
    "mountains": 95.4136,
    "hills": 75.0331,
    "clearing": 111.2914
  },
  "count_forest": 883.3632,
  "stddev": {
    "mountains": 18.680538938692326,
    "hills": 11.671075545552732,
    "clearing": 32.20284282544013
  },
  "density": {
    "mountains": 0.07795114760985113,
    "hills": 0.06130065581557263,
    "clearing": 0.09092301673039259
  },
  "forest_density_non_mounds": 0.8881105058982284,
  "count_hills_plus_land_rivers": 750331,
  "density_hills_plus_land_rivers": 0.06130065581557263,
  "count_arctic_rows": {
    "mountains": 0,
    "hills": 0,
    "clearing": 58.9166
  },
  "num_ranges": {
    "mountains": 56.9337,
    "hills": 64.2844,
    "clearing": 56.2617
  },
  "num_ranges_1": {
    "mountains": 40.2732,
    "hills": 55.8506,
    "clearing": 36.212
  },
  "num_ranges_1_per_land": {
    "mountains": 0.03290246000487411,
    "hills": 0.0456289078778995,
    "clearing": 0.029584534670612252
  },
  "num_ranges_per_land": {
    "mountains": 0.046513780558274515,
    "hills": 0.0525191665906193,
    "clearing": 0.04596476897927718
  },
  "count_range_centers": {
    "mountains": 56.9337,
    "hills": 64.2844,
    "clearing": 56.2617
  },
  "density_range_centers": {
    "mountains": 0.046513780558274515,
    "hills": 0.0525191665906193,
    "clearing": 0.04596476897927718
  },
  "count_ocean_adjacent": {
    "mountains": 69.3063,
    "hills": 56.1554,
    "clearing": 65.961
  },
  "count_ocean_adjacent_cardinal": {
    "mountains": 50.2166,
    "hills": 42.1977,
    "clearing": 40.4616
  },
  "density_ocean_adjacent": {
    "mountains": 0.07919021256811538,
    "hills": 0.06416383594056452,
    "clearing": 0.07536783252324045
  },
  "density_ocean_adjacent_cardinal": {
    "mountains": 0.07577143241694793,
    "hills": 0.06367177733459939,
    "clearing": 0.0610521897118001
  },
  "count_large_range": {
    "mountains": 20.1027,
    "hills": 0.5539,
    "clearing": 34.8152
  },
  "count_large_range_ocean_adjacent": {
    "mountains": 12.7247,
    "hills": 0.3199,
    "clearing": 16.8987
  },
  "count_large_range_ocean_adjacent_cardinal": {
    "mountains": 8.2821,
    "hills": 0.1977,
    "clearing": 9.7594
  },
  "density_large_range": {
    "mountains": 0.01642353432903228,
    "hills": 0.00045252606191461745,
    "clearing": 0.02844337488855351
  },
  "density_large_range_ocean_adjacent": {
    "mountains": 0.014539395377700121,
    "hills": 0.0003655215903971228,
    "clearing": 0.019308658017017376
  },
  "density_large_range_ocean_adjacent_cardinal": {
    "mountains": 0.01249679549034392,
    "hills": 0.00029830797363482607,
    "clearing": 0.014725881830509466
  },
  "count_mountains_adjacent_to_hills": 16.5631,
  "count_hills_adjacent_to_mountains": 15.5597,
  "land_with_biome": {
    "savannah": 1281035,
    "grassland": 1543237,
    "tundra": 1005667,
    "plains": 3151265,
    "prairie": 2587867,
    "desert": 987029,
    "swamp": 573461,
    "marsh": 469841,
    "arctic": 51611
  },
  "count_with_biome": {
    "mountains": {
      "savannah": 95451,
      "grassland": 92472,
      "tundra": 74515,
      "plains": 306329,
      "prairie": 202786,
      "desert": 102385,
      "swamp": 32157,
      "marsh": 48041,
      "arctic": 0
    },
    "hills": {
      "savannah": 43912,
      "grassland": 38953,
      "tundra": 72086,
      "plains": 321925,
      "prairie": 154780,
      "desert": 39517,
      "swamp": 41942,
      "marsh": 37216,
      "arctic": 0
    },
    "clearing": {
      "savannah": 142803,
      "grassland": 94119,
      "tundra": 164639,
      "plains": 332452,
      "prairie": 196013,
      "desert": 99701,
      "swamp": 19748,
      "marsh": 11828,
      "arctic": 51611
    }
  },
  "density_on_biome": {
    "mountains": {
      "savannah": 0.07451084474663065,
      "grassland": 0.059920802831969426,
      "tundra": 0.07409510305100993,
      "plains": 0.09720826398287671,
      "prairie": 0.07836028667624727,
      "desert": 0.10373048816194863,
      "swamp": 0.056075304161922086,
      "marsh": 0.10224948440004171,
      "arctic": 0
    },
    "hills": {
      "savannah": 0.0342785325927863,
      "grassland": 0.02524110036242003,
      "tundra": 0.07167979062651951,
      "plains": 0.10215738758879371,
      "prairie": 0.05980987430961483,
      "desert": 0.04003631098984933,
      "swamp": 0.07313836511985994,
      "marsh": 0.07920977522183037,
      "arctic": 0
    },
    "clearing": {
      "savannah": 0.11147470599944576,
      "grassland": 0.060988040074207654,
      "tundra": 0.163711248355569,
      "plains": 0.10549795082292349,
      "prairie": 0.0757430733495964,
      "desert": 0.10101121648907986,
      "swamp": 0.03443651791490616,
      "marsh": 0.025174473917772184,
      "arctic": 1
    }
  }
}