{
  "savs": 2000,
  "tiles": 7840000,
  "land": 1219.8295,
  "land_arctic_row": 58.8795,
  "land_ocean_adjacent": 949.371,
  "land_ocean_adjacent_cardinal": 743.826,
  "land_non_mounds": 990.6465,
  "count": {
    "mountains": 95.217,
    "hills": 75.0865,
    "clearing": 131.521
  },
  "count_forest": 859.1255,
  "stddev": {
    "mountains": 18.16895459293136,
    "hills": 11.554047678194847,
    "clearing": 22.512853195452625
  },
  "density": {
    "mountains": 0.0780576301852021,
    "hills": 0.06155491402691934,
    "clearing": 0.10781916653106029
  },
  "forest_density_non_mounds": 0.8672372031799436,
  "count_hills_plus_land_rivers": 150173,
  "density_hills_plus_land_rivers": 0.06155491402691934,
  "count_arctic_rows": {
    "mountains": 0,
    "hills": 0,
    "clearing": 58.8795
  },
  "num_ranges": {
    "mountains": 57.7565,
    "hills": 64.6675,
    "clearing": 70.323
  },
  "num_ranges_1": {
    "mountains": 40.78,
    "hills": 56.365,
    "clearing": 47.0045
  },
  "num_ranges_1_per_land": {
    "mountains": 0.03343090161370913,
    "hills": 0.046207277328511896,
    "clearing": 0.0385336639259831
  },
  "num_ranges_per_land": {
    "mountains": 0.04734801052114251,
    "hills": 0.053013556402759565,
    "clearing": 0.05764986008290503
  },
  "count_range_centers": {
    "mountains": 57.7565,
    "hills": 64.6675,
    "clearing": 70.323
  },
  "density_range_centers": {
    "mountains": 0.04734801052114251,
    "hills": 0.053013556402759565,
    "clearing": 0.05764986008290503
  },
  "count_ocean_adjacent": {
    "mountains": 75.9395,
    "hills": 61.3915,
    "clearing": 101.922
  },
  "count_ocean_adjacent_cardinal": {
    "mountains": 57.2525,
    "hills": 47.7115,
    "clearing": 74.792
  },
  "density_ocean_adjacent": {
    "mountains": 0.07998927711084497,
    "hills": 0.06466544691169206,
    "clearing": 0.10735739768752153
  },
  "density_ocean_adjacent_cardinal": {
    "mountains": 0.07697028606152514,
    "hills": 0.0641433614850785,
    "clearing": 0.10055039753920944
  },
  "count_large_range": {
    "mountains": 18.4815,
    "hills": 0.4615,
    "clearing": 36.9995
  },
  "count_large_range_ocean_adjacent": {
    "mountains": 13.1975,
    "hills": 0.3225,
    "clearing": 25.1305
  },
  "count_large_range_ocean_adjacent_cardinal": {
    "mountains": 9.1045,
    "hills": 0.208,
    "clearing": 16.686
  },
  "density_large_range": {
    "mountains": 0.015150887890479777,
    "hills": 0.0003783315619109064,
    "clearing": 0.030331697995498553
  },
  "density_large_range_ocean_adjacent": {
    "mountains": 0.013901309393271966,
    "hills": 0.00033969860044176617,
    "clearing": 0.026470684274114125
  },
  "density_large_range_ocean_adjacent_cardinal": {
    "mountains": 0.012240093785374537,
    "hills": 0.00027963529104925076,
    "clearing": 0.022432665704075955
  },
  "count_mountains_adjacent_to_hills": 15.9315,
  "count_hills_adjacent_to_mountains": 15.0085,
  "land_with_biome": {
    "savannah": 256091,
    "grassland": 307870,
    "tundra": 200539,
    "plains": 628761,
    "prairie": 513302,
    "desert": 197074,
    "swamp": 114655,
    "marsh": 93430,
    "arctic": 10178
  },
  "count_with_biome": {
    "mountains": {
      "savannah": 19330,
      "grassland": 17803,
      "tundra": 14777,
      "plains": 62658,
      "prairie": 39921,
      "desert": 20089,
      "swamp": 6320,
      "marsh": 9536,
      "arctic": 0
    },
    "hills": {
      "savannah": 8979,
      "grassland": 7925,
      "tundra": 14544,
      "plains": 64295,
      "prairie": 30624,
      "desert": 7902,
      "swamp": 8583,
      "marsh": 7321,
      "arctic": 0
    },
    "clearing": {
      "savannah": 29679,
      "grassland": 22311,
      "tundra": 48865,
      "plains": 82027,
      "prairie": 41068,
      "desert": 22550,
      "swamp": 3692,
      "marsh": 2672,
      "arctic": 10178
    }
  },
  "density_on_biome": {
    "mountains": {
      "savannah": 0.07548098136990367,
      "grassland": 0.0578263552798259,
      "tundra": 0.07368641511127512,
      "plains": 0.09965312734091332,
      "prairie": 0.07777292899696475,
      "desert": 0.10193632848574648,
      "swamp": 0.05512188740133444,
      "marsh": 0.10206571764957723,
      "arctic": 0
    },
    "hills": {
      "savannah": 0.03506175539163813,
      "grassland": 0.025741384350537563,
      "tundra": 0.07252454634759324,
      "plains": 0.10225666032085323,
      "prairie": 0.05966078448944286,
      "desert": 0.040096613454844374,
      "swamp": 0.07485936069076796,
      "marsh": 0.0783581290805951,
      "arctic": 0
    },
    "clearing": {
      "savannah": 0.115892397624282,
      "grassland": 0.07246889921070582,
      "tundra": 0.24366831389405552,
      "plains": 0.1304581550064333,
      "prairie": 0.08000748097611153,
      "desert": 0.1144240234632676,
      "swamp": 0.03220095067812132,
      "marsh": 0.028598951086374825,
      "arctic": 1
    }
  }
}