{
  "savs": 10000,
  "tiles": 39200000,
  "land": 1222.0417,
  "land_arctic_row": 59.0757,
  "land_ocean_adjacent": 951.6424,
  "land_ocean_adjacent_cardinal": 745.7293,
  "land_non_mounds": 993.8569,
  "count": {
    "mountains": 94.2218,
    "hills": 74.8873,
    "clearing": 90.2175
  },
  "count_forest": 903.6394,
  "stddev": {
    "mountains": 17.76808950787902,
    "hills": 11.632179447979647,
    "clearing": 28.741603882699366
  },
  "density": {
    "mountains": 0.07710195159461417,
    "hills": 0.06128047839938686,
    "clearing": 0.07382522216713226
  },
  "forest_density_non_mounds": 0.9092248592327528,
  "count_hills_plus_land_rivers": 748873,
  "density_hills_plus_land_rivers": 0.06128047839938686,
  "count_arctic_rows": {
    "mountains": 0,
    "hills": 0,
    "clearing": 59.0757
  },
  "num_ranges": {
    "mountains": 57.3679,
    "hills": 64.6245,
    "clearing": 49.8063
  },
  "num_ranges_1": {
    "mountains": 40.7262,
    "hills": 56.4762,
    "clearing": 33.1225
  },
  "num_ranges_1_per_land": {
    "mountains": 0.033326358666811454,
    "hills": 0.046214625900245464,
    "clearing": 0.027104230567582106
  },
  "num_ranges_per_land": {
    "mountains": 0.046944306401328205,
    "hills": 0.05288240163981311,
    "clearing": 0.0407566288449895
  },
  "count_range_centers": {
    "mountains": 57.3679,
    "hills": 64.6245,
    "clearing": 49.8063
  },
  "density_range_centers": {
    "mountains": 0.046944306401328205,
    "hills": 0.05288240163981311,
    "clearing": 0.0407566288449895
  },
  "count_ocean_adjacent": {
    "mountains": 75.1204,
    "hills": 61.218,
    "clearing": 61.3792
  },
  "count_ocean_adjacent_cardinal": {
    "mountains": 56.5096,
    "hills": 47.6683,
    "clearing": 39.6017
  },
  "density_ocean_adjacent": {
    "mountains": 0.07893763455684615,
    "hills": 0.06432878568672434,
    "clearing": 0.0644981770463359
  },
  "density_ocean_adjacent_cardinal": {
    "mountains": 0.0757776313737438,
    "hills": 0.06392172065654388,
    "clearing": 0.05310465875485917
  },
  "count_large_range": {
    "mountains": 18.2111,
    "hills": 0.4675,
    "clearing": 22.4889
  },
  "count_large_range_ocean_adjacent": {
    "mountains": 12.9131,
    "hills": 0.3093,
    "clearing": 12.689
  },
  "count_large_range_ocean_adjacent_cardinal": {
    "mountains": 8.7603,
    "hills": 0.2038,
    "clearing": 7.6577
  },
  "density_large_range": {
    "mountains": 0.01490219196284382,
    "hills": 0.0003825565035955811,
    "clearing": 0.01840272717371265
  },
  "density_large_range_ocean_adjacent": {
    "mountains": 0.013569277703473489,
    "hills": 0.0003250170442174497,
    "clearing": 0.013333790087537083
  },
  "density_large_range_ocean_adjacent_cardinal": {
    "mountains": 0.01174729221448051,
    "hills": 0.0002732895167187343,
    "clearing": 0.010268739608327042
  },
  "count_mountains_adjacent_to_hills": 15.6982,
  "count_hills_adjacent_to_mountains": 14.826,
  "land_with_biome": {
    "savannah": 1278170,
    "grassland": 1540446,
    "tundra": 1005574,
    "plains": 3146069,
    "prairie": 2579790,
    "desert": 984168,
    "swamp": 572183,
    "marsh": 470881,
    "arctic": 52379
  },
  "count_with_biome": {
    "mountains": {
      "savannah": 94795,
      "grassland": 90959,
      "tundra": 73163,
      "plains": 303019,
      "prairie": 199704,
      "desert": 100309,
      "swamp": 32305,
      "marsh": 47964,
      "arctic": 0
    },
    "hills": {
      "savannah": 44201,
      "grassland": 39504,
      "tundra": 72156,
      "plains": 321465,
      "prairie": 154240,
      "desert": 39592,
      "swamp": 41554,
      "marsh": 36161,
      "arctic": 0
    },
    "clearing": {
      "savannah": 117393,
      "grassland": 72371,
      "tundra": 136071,
      "plains": 258878,
      "prairie": 158301,
      "desert": 82952,
      "swamp": 14857,
      "marsh": 8973,
      "arctic": 52379
    }
  },
  "density_on_biome": {
    "mountains": {
      "savannah": 0.07416462598871824,
      "grassland": 0.059047185036022035,
      "tundra": 0.07275744997384578,
      "plains": 0.09631670506908781,
      "prairie": 0.07741095205423697,
      "desert": 0.10192263922419749,
      "swamp": 0.056459209728356136,
      "marsh": 0.10186013026645797,
      "arctic": 0
    },
    "hills": {
      "savannah": 0.03458147194817591,
      "grassland": 0.025644521132191588,
      "tundra": 0.0717560318783103,
      "plains": 0.10217989497369574,
      "prairie": 0.05978781218626322,
      "desert": 0.04022890400825875,
      "swamp": 0.07262361866745429,
      "marsh": 0.07679434931543214,
      "arctic": 0
    },
    "clearing": {
      "savannah": 0.0918445903127127,
      "grassland": 0.04698054978882739,
      "tundra": 0.1353167444663446,
      "plains": 0.08228617999160222,
      "prairie": 0.06136197132324724,
      "desert": 0.08428642264328855,
      "swamp": 0.025965469089434673,
      "marsh": 0.019055769929132837,
      "arctic": 1
    }
  }
}