{
  "savs": 10000,
  "tiles": 39200000,
  "land": 953.2412,
  "land_arctic_row": 57.1974,
  "land_ocean_adjacent": 609.5564,
  "land_ocean_adjacent_cardinal": 452.438,
  "land_non_mounds": 764.4389,
  "count": {
    "mountains": 74.1565,
    "hills": 57.4484,
    "clearing": 85.3962
  },
  "count_forest": 679.0427,
  "stddev": {
    "mountains": 17.625385322029153,
    "hills": 11.09037138422334,
    "clearing": 28.0435202062794
  },
  "density": {
    "mountains": 0.07779405674030875,
    "hills": 0.06026638378618129,
    "clearing": 0.0895850913703688
  },
  "forest_density_non_mounds": 0.8882890444219937,
  "count_hills_plus_land_rivers": 574484,
  "density_hills_plus_land_rivers": 0.06026638378618129,
  "count_arctic_rows": {
    "mountains": 0,
    "hills": 0,
    "clearing": 57.1974
  },
  "num_ranges": {
    "mountains": 43.5833,
    "hills": 49.053,
    "clearing": 40.8763
  },
  "num_ranges_1": {
    "mountains": 30.7619,
    "hills": 42.5238,
    "clearing": 25.9088
  },
  "num_ranges_1_per_land": {
    "mountains": 0.032270846035609875,
    "hills": 0.044609695846130025,
    "clearing": 0.027179689673505508
  },
  "num_ranges_per_land": {
    "mountains": 0.045721166898787004,
    "hills": 0.05145916899101717,
    "clearing": 0.042881381962928164
  },
  "count_range_centers": {
    "mountains": 43.5833,
    "hills": 49.053,
    "clearing": 40.8763
  },
  "density_range_centers": {
    "mountains": 0.045721166898787004,
    "hills": 0.05145916899101717,
    "clearing": 0.042881381962928164
  },
  "count_ocean_adjacent": {
    "mountains": 48.2189,
    "hills": 38.8381,
    "clearing": 41.0685
  },
  "count_ocean_adjacent_cardinal": {
    "mountains": 34.1153,
    "hills": 28.5984,
    "clearing": 23.8259
  },
  "density_ocean_adjacent": {
    "mountains": 0.07910490317220852,
    "hills": 0.0637153510323245,
    "clearing": 0.06737440538726194
  },
  "density_ocean_adjacent_cardinal": {
    "mountains": 0.07540325967314859,
    "hills": 0.063209544733201,
    "clearing": 0.052661138100690036
  },
  "count_large_range": {
    "mountains": 16.5293,
    "hills": 0.4902,
    "clearing": 29.9978
  },
  "count_large_range_ocean_adjacent": {
    "mountains": 8.9719,
    "hills": 0.2458,
    "clearing": 11.8206
  },
  "count_large_range_ocean_adjacent_cardinal": {
    "mountains": 5.6594,
    "hills": 0.1498,
    "clearing": 6.5403
  },
  "density_large_range": {
    "mountains": 0.017340102379125033,
    "hills": 0.0005142455026073149,
    "clearing": 0.0314692650716314
  },
  "density_large_range_ocean_adjacent": {
    "mountains": 0.014718736445060703,
    "hills": 0.0004032440640439507,
    "clearing": 0.019392135001781625
  },
  "density_large_range_ocean_adjacent_cardinal": {
    "mountains": 0.012508675221798346,
    "hills": 0.00033109508927190026,
    "clearing": 0.014455682325534106
  },
  "count_mountains_adjacent_to_hills": 13.1747,
  "count_hills_adjacent_to_mountains": 12.2959,
  "land_with_biome": {
    "savannah": 1006495,
    "grassland": 1203037,
    "tundra": 758320,
    "plains": 2383733,
    "prairie": 1985407,
    "desert": 773212,
    "swamp": 450898,
    "marsh": 367748,
    "arctic": 31588
  },
  "count_with_biome": {
    "mountains": {
      "savannah": 75180,
      "grassland": 72825,
      "tundra": 56578,
      "plains": 235348,
      "prairie": 158092,
      "desert": 80120,
      "swamp": 25803,
      "marsh": 37619,
      "arctic": 0
    },
    "hills": {
      "savannah": 34820,
      "grassland": 30373,
      "tundra": 54038,
      "plains": 244175,
      "prairie": 118569,
      "desert": 31171,
      "swamp": 32714,
      "marsh": 28624,
      "arctic": 0
    },
    "clearing": {
      "savannah": 107528,
      "grassland": 73468,
      "tundra": 125165,
      "plains": 262557,
      "prairie": 152824,
      "desert": 76609,
      "swamp": 15026,
      "marsh": 9197,
      "arctic": 31588
    }
  },
  "density_on_biome": {
    "mountains": {
      "savannah": 0.07469485690440589,
      "grassland": 0.060534297781364994,
      "tundra": 0.0746096634666104,
      "plains": 0.09873085618229895,
      "prairie": 0.07962699839378022,
      "desert": 0.10361970585040067,
      "swamp": 0.05722580273143815,
      "marsh": 0.10229559372178774,
      "arctic": 0
    },
    "hills": {
      "savannah": 0.03459530350374319,
      "grassland": 0.025246937542236857,
      "tundra": 0.07126015402468615,
      "plains": 0.10243387157873805,
      "prairie": 0.05972024879533516,
      "desert": 0.040313652659296546,
      "swamp": 0.07255299424703592,
      "marsh": 0.07783590937272263,
      "arctic": 0
    },
    "clearing": {
      "savannah": 0.10683411243970412,
      "grassland": 0.06106877843324852,
      "tundra": 0.16505564933009811,
      "plains": 0.11014530570328136,
      "prairie": 0.07697363815076708,
      "desert": 0.09907890720785502,
      "swamp": 0.03332461000048791,
      "marsh": 0.025008973536225894,
      "arctic": 1
    }
  }
}