{
  "savs": 10000,
  "tiles": 39200000,
  "land": 949.7291,
  "land_arctic_row": 57.2082,
  "land_ocean_adjacent": 678.2067,
  "land_ocean_adjacent_cardinal": 518.0032,
  "land_non_mounds": 762.1371,
  "count": {
    "mountains": 73.0651,
    "hills": 57.3187,
    "clearing": 68.2795
  },
  "count_forest": 693.8576,
  "stddev": {
    "mountains": 16.784047842817877,
    "hills": 11.009011323002628,
    "clearing": 24.423418674501733
  },
  "density": {
    "mountains": 0.0769325695085051,
    "hills": 0.06035268372844425,
    "clearing": 0.07189365893916486
  },
  "forest_density_non_mounds": 0.9104104760154046,
  "count_hills_plus_land_rivers": 573187,
  "density_hills_plus_land_rivers": 0.06035268372844425,
  "count_arctic_rows": {
    "mountains": 0,
    "hills": 0,
    "clearing": 57.2082
  },
  "num_ranges": {
    "mountains": 43.8794,
    "hills": 49.2925,
    "clearing": 35.8012
  },
  "num_ranges_1": {
    "mountains": 31.0797,
    "hills": 42.9752,
    "clearing": 23.4277
  },
  "num_ranges_1_per_land": {
    "mountains": 0.032724805420830005,
    "hills": 0.04524995601377277,
    "clearing": 0.024667771051766235
  },
  "num_ranges_per_land": {
    "mountains": 0.04620201697515639,
    "hills": 0.05190164226830577,
    "clearing": 0.0376962230598178
  },
  "count_range_centers": {
    "mountains": 43.8794,
    "hills": 49.2925,
    "clearing": 35.8012
  },
  "density_range_centers": {
    "mountains": 0.04620201697515639,
    "hills": 0.05190164226830577,
    "clearing": 0.0376962230598178
  },
  "count_ocean_adjacent": {
    "mountains": 53.7859,
    "hills": 43.4611,
    "clearing": 39.5297
  },
  "count_ocean_adjacent_cardinal": {
    "mountains": 39.304,
    "hills": 32.989,
    "clearing": 23.9359
  },
  "density_ocean_adjacent": {
    "mountains": 0.07930605816781226,
    "hills": 0.06408238078450125,
    "clearing": 0.05828562295241259
  },
  "density_ocean_adjacent_cardinal": {
    "mountains": 0.07587597914453038,
    "hills": 0.06368493476488177,
    "clearing": 0.046208015703377896
  },
  "count_large_range": {
    "mountains": 15.0554,
    "hills": 0.4158,
    "clearing": 19.6675
  },
  "count_large_range_ocean_adjacent": {
    "mountains": 9.6139,
    "hills": 0.2513,
    "clearing": 9.4039
  },
  "count_large_range_ocean_adjacent_cardinal": {
    "mountains": 6.2936,
    "hills": 0.1573,
    "clearing": 5.4174
  },
  "density_large_range": {
    "mountains": 0.015852309884997733,
    "hills": 0.00043780905523480327,
    "clearing": 0.020708536781699118
  },
  "density_large_range_ocean_adjacent": {
    "mountains": 0.014175471873102993,
    "hills": 0.0003705360032568242,
    "clearing": 0.0138658317589608
  },
  "density_large_range_ocean_adjacent_cardinal": {
    "mountains": 0.012149731893548147,
    "hills": 0.0003036660777385159,
    "clearing": 0.010458236551434432
  },
  "count_mountains_adjacent_to_hills": 12.4957,
  "count_hills_adjacent_to_mountains": 11.7341,
  "land_with_biome": {
    "savannah": 998247,
    "grassland": 1200263,
    "tundra": 754721,
    "plains": 2374665,
    "prairie": 1979105,
    "desert": 773550,
    "swamp": 446810,
    "marsh": 365969,
    "arctic": 31879
  },
  "count_with_biome": {
    "mountains": {
      "savannah": 74146,
      "grassland": 71163,
      "tundra": 55388,
      "plains": 232388,
      "prairie": 155764,
      "desert": 79258,
      "swamp": 25177,
      "marsh": 37367,
      "arctic": 0
    },
    "hills": {
      "savannah": 34550,
      "grassland": 30468,
      "tundra": 54307,
      "plains": 242827,
      "prairie": 118671,
      "desert": 31085,
      "swamp": 32676,
      "marsh": 28603,
      "arctic": 0
    },
    "clearing": {
      "savannah": 84216,
      "grassland": 55280,
      "tundra": 103762,
      "plains": 205201,
      "prairie": 122660,
      "desert": 62277,
      "swamp": 10646,
      "marsh": 6874,
      "arctic": 31879
    }
  },
  "density_on_biome": {
    "mountains": {
      "savannah": 0.0742762061894501,
      "grassland": 0.05928950571666376,
      "tundra": 0.07338870920512348,
      "plains": 0.09786138255290747,
      "prairie": 0.07870426278545099,
      "desert": 0.10246008661366428,
      "swamp": 0.056348335981737205,
      "marsh": 0.10210427659173318,
      "arctic": 0
    },
    "hills": {
      "savannah": 0.03461067250890812,
      "grassland": 0.025384436577650066,
      "tundra": 0.07195639183221349,
      "plains": 0.10225737103970454,
      "prairie": 0.059961952498730486,
      "desert": 0.04018486199987072,
      "swamp": 0.07313175622747924,
      "marsh": 0.07815689307017808,
      "arctic": 0
    },
    "clearing": {
      "savannah": 0.08436388989899293,
      "grassland": 0.046056572601171575,
      "tundra": 0.1374839178981372,
      "plains": 0.08641260977864246,
      "prairie": 0.061977510036102176,
      "desert": 0.08050804731433003,
      "swamp": 0.023826682482486962,
      "marsh": 0.018783011675852328,
      "arctic": 1
    }
  }
}