{
  "savs": 2000,
  "tiles": 7840000,
  "land": 950.573,
  "land_arctic_row": 57.126,
  "land_ocean_adjacent": 681.331,
  "land_ocean_adjacent_cardinal": 520.5365,
  "land_non_mounds": 762.3765,
  "count": {
    "mountains": 73.974,
    "hills": 57.0965,
    "clearing": 101.4065
  },
  "count_forest": 660.97,
  "stddev": {
    "mountains": 16.96892229930938,
    "hills": 10.911195523406223,
    "clearing": 21.61932602441626
  },
  "density": {
    "mountains": 0.07782043041407656,
    "hills": 0.06006535005728124,
    "clearing": 0.10667933972456613
  },
  "forest_density_non_mounds": 0.8669863249982128,
  "count_hills_plus_land_rivers": 114193,
  "density_hills_plus_land_rivers": 0.06006535005728124,
  "count_arctic_rows": {
    "mountains": 0,
    "hills": 0,
    "clearing": 57.126
  },
  "num_ranges": {
    "mountains": 44.0275,
    "hills": 49.197,
    "clearing": 52.8295
  },
  "num_ranges_1": {
    "mountains": 30.991,
    "hills": 42.954,
    "clearing": 35.0965
  },
  "num_ranges_1_per_land": {
    "mountains": 0.0326024408435754,
    "hills": 0.04518748165580129,
    "clearing": 0.03692141476772431
  },
  "num_ranges_per_land": {
    "mountains": 0.046316800498225806,
    "hills": 0.05175509929274238,
    "clearing": 0.055576478608165815
  },
  "count_range_centers": {
    "mountains": 44.0275,
    "hills": 49.197,
    "clearing": 52.8295
  },
  "density_range_centers": {
    "mountains": 0.046316800498225806,
    "hills": 0.05175509929274238,
    "clearing": 0.055576478608165815
  },
  "count_ocean_adjacent": {
    "mountains": 54.517,
    "hills": 43.3015,
    "clearing": 71.832
  },
  "count_ocean_adjacent_cardinal": {
    "mountains": 39.6005,
    "hills": 32.8295,
    "clearing": 50.9535
  },
  "density_ocean_adjacent": {
    "mountains": 0.08001544036598951,
    "hills": 0.06355427831700011,
    "clearing": 0.10542893248655939
  },
  "density_ocean_adjacent_cardinal": {
    "mountains": 0.07607631741482106,
    "hills": 0.0630685840474203,
    "clearing": 0.09788650747834206
  },
  "count_large_range": {
    "mountains": 15.5565,
    "hills": 0.3535,
    "clearing": 30.611
  },
  "count_large_range_ocean_adjacent": {
    "mountains": 10.101,
    "hills": 0.193,
    "clearing": 18.526
  },
  "count_large_range_ocean_adjacent_cardinal": {
    "mountains": 6.672,
    "hills": 0.112,
    "clearing": 11.7905
  },
  "density_large_range": {
    "mountains": 0.016365392242363292,
    "hills": 0.00037188096022083524,
    "clearing": 0.03220268196130124
  },
  "density_large_range_ocean_adjacent": {
    "mountains": 0.014825393237648074,
    "hills": 0.00028326907186081363,
    "clearing": 0.027190895467841623
  },
  "density_large_range_ocean_adjacent_cardinal": {
    "mountains": 0.012817544975232284,
    "hills": 0.00021516262548351557,
    "clearing": 0.022650669069315985
  },
  "count_mountains_adjacent_to_hills": 12.587,
  "count_hills_adjacent_to_mountains": 11.7985,
  "land_with_biome": {
    "savannah": 199726,
    "grassland": 240593,
    "tundra": 151374,
    "plains": 474091,
    "prairie": 396554,
    "desert": 155048,
    "swamp": 89770,
    "marsh": 73710,
    "arctic": 6028
  },
  "count_with_biome": {
    "mountains": {
      "savannah": 15353,
      "grassland": 13939,
      "tundra": 11367,
      "plains": 47748,
      "prairie": 31129,
      "desert": 16025,
      "swamp": 4904,
      "marsh": 7483,
      "arctic": 0
    },
    "hills": {
      "savannah": 6890,
      "grassland": 6249,
      "tundra": 10770,
      "plains": 48399,
      "prairie": 23373,
      "desert": 6177,
      "swamp": 6605,
      "marsh": 5730,
      "arctic": 0
    },
    "clearing": {
      "savannah": 23595,
      "grassland": 17125,
      "tundra": 37361,
      "plains": 63806,
      "prairie": 31836,
      "desert": 18098,
      "swamp": 2948,
      "marsh": 2016,
      "arctic": 6028
    }
  },
  "density_on_biome": {
    "mountains": {
      "savannah": 0.07687031232788921,
      "grassland": 0.05793601642608056,
      "tundra": 0.0750921558523921,
      "plains": 0.10071484166541866,
      "prairie": 0.07849876687664227,
      "desert": 0.10335509003663382,
      "swamp": 0.05462849504288738,
      "marsh": 0.10151946818613486,
      "arctic": 0
    },
    "hills": {
      "savannah": 0.03449726124790964,
      "grassland": 0.025973324244678773,
      "tundra": 0.07114828173926831,
      "plains": 0.10208799576452622,
      "prairie": 0.05894027042975231,
      "desert": 0.03983927557917548,
      "swamp": 0.07357691879246965,
      "marsh": 0.07773707773707773,
      "arctic": 0
    },
    "clearing": {
      "savannah": 0.11813684748104904,
      "grassland": 0.07117829695793311,
      "tundra": 0.2468125305534636,
      "plains": 0.1345859761100717,
      "prairie": 0.08028162620979741,
      "desert": 0.11672514318146639,
      "swamp": 0.03283947866770636,
      "marsh": 0.02735042735042735,
      "arctic": 1
    }
  }
}