{
  "savs": 2000,
  "tiles": 7840000,
  "land": 950.2595,
  "land_arctic_row": 57.1765,
  "land_ocean_adjacent": 679.261,
  "land_ocean_adjacent_cardinal": 518.7625,
  "land_non_mounds": 762.8695,
  "count": {
    "mountains": 72.913,
    "hills": 57.3005,
    "clearing": 68.851
  },
  "count_forest": 694.0185,
  "stddev": {
    "mountains": 17.201465954970253,
    "hills": 10.876911314798889,
    "clearing": 24.533014470301033
  },
  "density": {
    "mountains": 0.07672956702879581,
    "hills": 0.06029984441092144,
    "clearing": 0.07245494520181066
  },
  "forest_density_non_mounds": 0.9097473421076606,
  "count_hills_plus_land_rivers": 114601,
  "density_hills_plus_land_rivers": 0.06029984441092144,
  "count_arctic_rows": {
    "mountains": 0,
    "hills": 0,
    "clearing": 57.1765
  },
  "num_ranges": {
    "mountains": 43.7235,
    "hills": 49.2105,
    "clearing": 36.0755
  },
  "num_ranges_1": {
    "mountains": 30.914,
    "hills": 42.823,
    "clearing": 23.645
  },
  "num_ranges_1_per_land": {
    "mountains": 0.03253216621354483,
    "hills": 0.045064532372472994,
    "clearing": 0.024882676784604627
  },
  "num_ranges_per_land": {
    "mountains": 0.046012168255092425,
    "hills": 0.051786380457127766,
    "clearing": 0.03796384040359502
  },
  "count_range_centers": {
    "mountains": 43.7235,
    "hills": 49.2105,
    "clearing": 36.0755
  },
  "density_range_centers": {
    "mountains": 0.046012168255092425,
    "hills": 0.051786380457127766,
    "clearing": 0.03796384040359502
  },
  "count_ocean_adjacent": {
    "mountains": 53.7065,
    "hills": 43.5475,
    "clearing": 40.032
  },
  "count_ocean_adjacent_cardinal": {
    "mountains": 39.343,
    "hills": 33.0175,
    "clearing": 24.273
  },
  "density_ocean_adjacent": {
    "mountains": 0.07906607327669335,
    "hills": 0.06411011378542268,
    "clearing": 0.05893463631799853
  },
  "density_ocean_adjacent_cardinal": {
    "mountains": 0.07584010023854847,
    "hills": 0.0636466591166478,
    "clearing": 0.0467901978265584
  },
  "count_large_range": {
    "mountains": 15.038,
    "hills": 0.3865,
    "clearing": 19.9335
  },
  "count_large_range_ocean_adjacent": {
    "mountains": 9.6985,
    "hills": 0.2375,
    "clearing": 9.5615
  },
  "count_large_range_ocean_adjacent_cardinal": {
    "mountains": 6.391,
    "hills": 0.1485,
    "clearing": 5.48
  },
  "density_large_range": {
    "mountains": 0.015825150919301516,
    "hills": 0.0004067310034785235,
    "clearing": 0.020976901572675673
  },
  "density_large_range_ocean_adjacent": {
    "mountains": 0.014278016844776897,
    "hills": 0.00034964468738820574,
    "clearing": 0.014076327067209807
  },
  "density_large_range_ocean_adjacent_cardinal": {
    "mountains": 0.01231970313968338,
    "hills": 0.00028625816245391676,
    "clearing": 0.0105636008770873
  },
  "count_mountains_adjacent_to_hills": 12.318,
  "count_hills_adjacent_to_mountains": 11.587,
  "land_with_biome": {
    "savannah": 200660,
    "grassland": 239528,
    "tundra": 150795,
    "plains": 476377,
    "prairie": 395304,
    "desert": 154002,
    "swamp": 89984,
    "marsh": 73136,
    "arctic": 6380
  },
  "count_with_biome": {
    "mountains": {
      "savannah": 14876,
      "grassland": 14372,
      "tundra": 11055,
      "plains": 46075,
      "prairie": 30933,
      "desert": 16036,
      "swamp": 5049,
      "marsh": 7430,
      "arctic": 0
    },
    "hills": {
      "savannah": 6900,
      "grassland": 6001,
      "tundra": 10732,
      "plains": 48655,
      "prairie": 23708,
      "desert": 6191,
      "swamp": 6642,
      "marsh": 5772,
      "arctic": 0
    },
    "clearing": {
      "savannah": 17134,
      "grassland": 11126,
      "tundra": 21016,
      "plains": 41525,
      "prairie": 24443,
      "desert": 12394,
      "swamp": 2270,
      "marsh": 1414,
      "arctic": 6380
    }
  },
  "density_on_biome": {
    "mountains": {
      "savannah": 0.0741353533339978,
      "grassland": 0.060001335960722754,
      "tundra": 0.07331144931861136,
      "plains": 0.09671961492683316,
      "prairie": 0.07825116872078199,
      "desert": 0.10412851781145699,
      "swamp": 0.05610997510668563,
      "marsh": 0.10159155545832421,
      "arctic": 0
    },
    "hills": {
      "savannah": 0.03438652446925147,
      "grassland": 0.02505343842891019,
      "tundra": 0.07116946848370304,
      "plains": 0.1021354935271854,
      "prairie": 0.059974095885698096,
      "desert": 0.04020077661329074,
      "swamp": 0.07381312233285918,
      "marsh": 0.07892146138700504,
      "arctic": 0
    },
    "clearing": {
      "savannah": 0.08538821887770358,
      "grassland": 0.04644968437927925,
      "tundra": 0.13936801618090786,
      "plains": 0.08716835615489413,
      "prairie": 0.061833424402485175,
      "desert": 0.08047947429254165,
      "swamp": 0.02522670697012802,
      "marsh": 0.01933384379785605,
      "arctic": 1
    }
  }
}