{
  "density_on_biome": {
    "mountains": {
      "savannah": 0.05978,
      "grassland": 0.04169,
      "tundra": 0.08777,
      "plains": 0.13875,
      "prairie": 0.0822,
      "desert": 0.09557,
      "swamp": 0.0437,
      "marsh": 0.11115,
      "arctic": 0
    },
    "hills": {
      "savannah": 0.0336,
      "grassland": 0.02486,
      "tundra": 0.07595,
      "plains": 0.10917,
      "prairie": 0.06156,
      "desert": 0.03997,
      "swamp": 0.07309,
      "marsh": 0.08039,
      "arctic": 0
    },
    "clearing": {
      "savannah": 0.11679,
      "grassland": 0.05955,
      "tundra": 0.34534,
      "plains": 0.16525,
      "prairie": 0.07182,
      "desert": 0.12575,
      "swamp": 0.01676,
      "marsh": 0.00858,
      "arctic": 0
    }
  }
}