{
  "savs": 2000,
  "tiles": 7840000,
  "land": 949.1555,
  "land_arctic_row": 57.4435,
  "land_ocean_adjacent": 749.1715,
  "land_ocean_adjacent_cardinal": 594.861,
  "land_non_mounds": 762.8765,
  "count": {
    "mountains": 72.0535,
    "hills": 56.782,
    "clearing": 50.7365
  },
  "count_forest": 712.14,
  "stddev": {
    "mountains": 16.41592634455943,
    "hills": 10.688052956455637,
    "clearing": 20.170698246466337
  },
  "density": {
    "mountains": 0.07591327237739233,
    "hills": 0.05982370644220046,
    "clearing": 0.053454360218109676
  },
  "forest_density_non_mounds": 0.9334931669805008,
  "count_hills_plus_land_rivers": 113564,
  "density_hills_plus_land_rivers": 0.05982370644220046,
  "count_arctic_rows": {
    "mountains": 0,
    "hills": 0,
    "clearing": 57.4435
  },
  "num_ranges": {
    "mountains": 44.22,
    "hills": 49.173,
    "clearing": 29.5845
  },
  "num_ranges_1": {
    "mountains": 31.4355,
    "hills": 43.084,
    "clearing": 20.1685
  },
  "num_ranges_1_per_land": {
    "mountains": 0.03311944144031194,
    "hills": 0.04539192998407532,
    "clearing": 0.021248889144086507
  },
  "num_ranges_per_land": {
    "mountains": 0.04658878339745173,
    "hills": 0.051807106422498736,
    "clearing": 0.031169286802847373
  },
  "count_range_centers": {
    "mountains": 44.22,
    "hills": 49.173,
    "clearing": 29.5845
  },
  "density_range_centers": {
    "mountains": 0.04658878339745173,
    "hills": 0.051807106422498736,
    "clearing": 0.031169286802847373
  },
  "count_ocean_adjacent": {
    "mountains": 59.2015,
    "hills": 47.82,
    "clearing": 35.274
  },
  "count_ocean_adjacent_cardinal": {
    "mountains": 45.124,
    "hills": 37.7735,
    "clearing": 22.752
  },
  "density_ocean_adjacent": {
    "mountains": 0.07902262699528746,
    "hills": 0.06383051143830218,
    "clearing": 0.047084012138742595
  },
  "density_ocean_adjacent_cardinal": {
    "mountains": 0.07585637653166034,
    "hills": 0.06349970833522453,
    "clearing": 0.03824759061360553
  },
  "count_large_range": {
    "mountains": 13.472,
    "hills": 0.2995,
    "clearing": 10.6425
  },
  "count_large_range_ocean_adjacent": {
    "mountains": 9.923,
    "hills": 0.227,
    "clearing": 6.2385
  },
  "count_large_range_ocean_adjacent_cardinal": {
    "mountains": 6.848,
    "hills": 0.151,
    "clearing": 3.8365
  },
  "density_large_range": {
    "mountains": 0.014193670057224553,
    "hills": 0.0003155436596005607,
    "clearing": 0.011212598989312077
  },
  "density_large_range_ocean_adjacent": {
    "mountains": 0.013245298306195577,
    "hills": 0.00030300138219352976,
    "clearing": 0.008327198778917778
  },
  "density_large_range_ocean_adjacent_cardinal": {
    "mountains": 0.011511933039819386,
    "hills": 0.00025384081323199875,
    "clearing": 0.006449405827579888
  },
  "count_mountains_adjacent_to_hills": 11.439,
  "count_hills_adjacent_to_mountains": 10.8055,
  "land_with_biome": {
    "savannah": 200088,
    "grassland": 240033,
    "tundra": 151531,
    "plains": 473497,
    "prairie": 395442,
    "desert": 153763,
    "swamp": 89249,
    "marsh": 73526,
    "arctic": 6295
  },
  "count_with_biome": {
    "mountains": {
      "savannah": 14793,
      "grassland": 14084,
      "tundra": 10821,
      "plains": 45413,
      "prairie": 30756,
      "desert": 15692,
      "swamp": 5033,
      "marsh": 7515,
      "arctic": 0
    },
    "hills": {
      "savannah": 7008,
      "grassland": 6047,
      "tundra": 10849,
      "plains": 47968,
      "prairie": 23457,
      "desert": 6123,
      "swamp": 6396,
      "marsh": 5716,
      "arctic": 0
    },
    "clearing": {
      "savannah": 12744,
      "grassland": 7657,
      "tundra": 15673,
      "plains": 29076,
      "prairie": 18261,
      "desert": 9350,
      "swamp": 1514,
      "marsh": 903,
      "arctic": 6295
    }
  },
  "density_on_biome": {
    "mountains": {
      "savannah": 0.07393246971332613,
      "grassland": 0.05867526548432924,
      "tundra": 0.07141113039576061,
      "plains": 0.09590979457103213,
      "prairie": 0.07777626048826376,
      "desert": 0.1020531597328356,
      "swamp": 0.05639278871471949,
      "marsh": 0.10220874248565133,
      "arctic": 0
    },
    "hills": {
      "savannah": 0.035024589180760464,
      "grassland": 0.025192369382543232,
      "tundra": 0.07159591106770231,
      "plains": 0.10130581608753593,
      "prairie": 0.059318433550305735,
      "desert": 0.03982102326307369,
      "swamp": 0.07166466851169201,
      "marsh": 0.0777412071920137,
      "arctic": 0
    },
    "clearing": {
      "savannah": 0.06369197553076646,
      "grassland": 0.03189978044685522,
      "tundra": 0.10343098111937492,
      "plains": 0.061406936052393155,
      "prairie": 0.046178706358960354,
      "desert": 0.06080786665192536,
      "swamp": 0.016963775504487445,
      "marsh": 0.012281369855561297,
      "arctic": 1
    }
  }
}