{
  "savs": 10000,
  "tiles": 39200000,
  "land": 950.9628,
  "land_arctic_row": 57.3299,
  "land_ocean_adjacent": 751.3182,
  "land_ocean_adjacent_cardinal": 596.3317,
  "land_non_mounds": 764.6391,
  "count": {
    "mountains": 71.7369,
    "hills": 57.2569,
    "clearing": 51.4534
  },
  "count_forest": 713.1857,
  "stddev": {
    "mountains": 15.908339900504982,
    "hills": 10.688671685013068,
    "clearing": 20.078785531998687
  },
  "density": {
    "mountains": 0.07543607384011236,
    "hills": 0.060209400409774176,
    "clearing": 0.054106638030425584
  },
  "forest_density_non_mounds": 0.9327089080325607,
  "count_hills_plus_land_rivers": 572569,
  "density_hills_plus_land_rivers": 0.060209400409774176,
  "count_arctic_rows": {
    "mountains": 0,
    "hills": 0,
    "clearing": 57.3299
  },
  "num_ranges": {
    "mountains": 44.3825,
    "hills": 49.6196,
    "clearing": 29.8001
  },
  "num_ranges_1": {
    "mountains": 31.5812,
    "hills": 43.5046,
    "clearing": 20.2569
  },
  "num_ranges_1_per_land": {
    "mountains": 0.03320971125263785,
    "hills": 0.045747951444578064,
    "clearing": 0.021301464158219437
  },
  "num_ranges_per_land": {
    "mountains": 0.046671121099584545,
    "hills": 0.05217827658453096,
    "clearing": 0.031336767326755575
  },
  "count_range_centers": {
    "mountains": 44.3825,
    "hills": 49.6196,
    "clearing": 29.8001
  },
  "density_range_centers": {
    "mountains": 0.046671121099584545,
    "hills": 0.05217827658453096,
    "clearing": 0.031336767326755575
  },
  "count_ocean_adjacent": {
    "mountains": 59.1028,
    "hills": 48.2054,
    "clearing": 35.8103
  },
  "count_ocean_adjacent_cardinal": {
    "mountains": 45.1808,
    "hills": 38.1601,
    "clearing": 23.0711
  },
  "density_ocean_adjacent": {
    "mountains": 0.07866547090167654,
    "hills": 0.0641610971223644,
    "clearing": 0.047663293661726815
  },
  "density_ocean_adjacent_cardinal": {
    "mountains": 0.0757645451348637,
    "hills": 0.06399139941747185,
    "clearing": 0.0386883675645618
  },
  "count_large_range": {
    "mountains": 12.8673,
    "hills": 0.3385,
    "clearing": 11.1284
  },
  "count_large_range_ocean_adjacent": {
    "mountains": 9.5308,
    "hills": 0.2352,
    "clearing": 6.5729
  },
  "count_large_range_ocean_adjacent_cardinal": {
    "mountains": 6.5651,
    "hills": 0.1538,
    "clearing": 3.9738
  },
  "density_large_range": {
    "mountains": 0.013530813192692712,
    "hills": 0.00035595503840949404,
    "clearing": 0.011702245345454101
  },
  "density_large_range_ocean_adjacent": {
    "mountains": 0.012685437408544076,
    "hills": 0.0003130497837001686,
    "clearing": 0.008748490320080094
  },
  "density_large_range_ocean_adjacent_cardinal": {
    "mountains": 0.011009141388928343,
    "hills": 0.00025791015302389594,
    "clearing": 0.006663741001861883
  },
  "count_mountains_adjacent_to_hills": 11.5939,
  "count_hills_adjacent_to_mountains": 10.9876,
  "land_with_biome": {
    "savannah": 1002040,
    "grassland": 1199007,
    "tundra": 757538,
    "plains": 2382309,
    "prairie": 1979250,
    "desert": 770546,
    "swamp": 448330,
    "marsh": 365209,
    "arctic": 32100
  },
  "count_with_biome": {
    "mountains": {
      "savannah": 72781,
      "grassland": 70739,
      "tundra": 54206,
      "plains": 227106,
      "prairie": 152580,
      "desert": 77815,
      "swamp": 25072,
      "marsh": 37070,
      "arctic": 0
    },
    "hills": {
      "savannah": 34390,
      "grassland": 30385,
      "tundra": 53988,
      "plains": 242930,
      "prairie": 118562,
      "desert": 30924,
      "swamp": 32776,
      "marsh": 28614,
      "arctic": 0
    },
    "clearing": {
      "savannah": 64751,
      "grassland": 39081,
      "tundra": 79098,
      "plains": 148283,
      "prairie": 91917,
      "desert": 46927,
      "swamp": 7604,
      "marsh": 4773,
      "arctic": 32100
    }
  },
  "density_on_biome": {
    "mountains": {
      "savannah": 0.07263282902878129,
      "grassland": 0.05899798750132401,
      "tundra": 0.07155548632543846,
      "plains": 0.09533020275707307,
      "prairie": 0.07708980674497916,
      "desert": 0.10098683271342658,
      "swamp": 0.055923092364999,
      "marsh": 0.10150352264046067,
      "arctic": 0
    },
    "hills": {
      "savannah": 0.03431998722605884,
      "grassland": 0.02534180367587512,
      "tundra": 0.07126771198276523,
      "plains": 0.10197249811002687,
      "prairie": 0.05990248831628142,
      "desert": 0.04013258131247194,
      "swamp": 0.07310686324805389,
      "marsh": 0.07834965731950747,
      "arctic": 0
    },
    "clearing": {
      "savannah": 0.0646191768791665,
      "grassland": 0.03259447192551836,
      "tundra": 0.10441456402187085,
      "plains": 0.06224339495842059,
      "prairie": 0.04644031830238727,
      "desert": 0.06090097151889699,
      "swamp": 0.01696072089755314,
      "marsh": 0.013069228852520064,
      "arctic": 1
    }
  }
}