{
  "savs": 10000,
  "tiles": 39200000,
  "land": 680.9971,
  "land_arctic_row": 55.9794,
  "land_ocean_adjacent": 424.963,
  "land_ocean_adjacent_cardinal": 320.638,
  "land_non_mounds": 533.2993,
  "count": {
    "mountains": 51.8288,
    "hills": 39.8896,
    "clearing": 47.2275
  },
  "count_forest": 486.0718,
  "stddev": {
    "mountains": 15.458456926873392,
    "hills": 9.986932053438629,
    "clearing": 21.450471877093978
  },
  "density": {
    "mountains": 0.07610722571358967,
    "hills": 0.058575286150264076,
    "clearing": 0.06935051558956712
  },
  "forest_density_non_mounds": 0.9114427864428098,
  "count_hills_plus_land_rivers": 398896,
  "density_hills_plus_land_rivers": 0.058575286150264076,
  "count_arctic_rows": {
    "mountains": 0,
    "hills": 0,
    "clearing": 55.9794
  },
  "num_ranges": {
    "mountains": 30.6216,
    "hills": 34.1981,
    "clearing": 23.5686
  },
  "num_ranges_1": {
    "mountains": 21.582,
    "hills": 29.7222,
    "clearing": 15.2383
  },
  "num_ranges_1_per_land": {
    "mountains": 0.03169176491353634,
    "hills": 0.04364511978097998,
    "clearing": 0.022376453585485165
  },
  "num_ranges_per_land": {
    "mountains": 0.04496583025096583,
    "hills": 0.05021768815168229,
    "clearing": 0.03460895795297807
  },
  "count_range_centers": {
    "mountains": 30.6216,
    "hills": 34.1981,
    "clearing": 23.5686
  },
  "density_range_centers": {
    "mountains": 0.04496583025096583,
    "hills": 0.05021768815168229,
    "clearing": 0.03460895795297807
  },
  "count_ocean_adjacent": {
    "mountains": 33.6404,
    "hills": 27.0415,
    "clearing": 20.6724
  },
  "count_ocean_adjacent_cardinal": {
    "mountains": 24.2571,
    "hills": 20.2738,
    "clearing": 11.8717
  },
  "density_ocean_adjacent": {
    "mountains": 0.07916077399679501,
    "hills": 0.06363259860270189,
    "clearing": 0.04864517616827818
  },
  "density_ocean_adjacent_cardinal": {
    "mountains": 0.07565260511854491,
    "hills": 0.06322956106263138,
    "clearing": 0.03702524342092952
  },
  "count_large_range": {
    "mountains": 11.2665,
    "hills": 0.2993,
    "clearing": 15.3698
  },
  "count_large_range_ocean_adjacent": {
    "mountains": 5.9788,
    "hills": 0.1504,
    "clearing": 5.4133
  },
  "count_large_range_ocean_adjacent_cardinal": {
    "mountains": 3.8418,
    "hills": 0.0925,
    "clearing": 3.0064
  },
  "density_large_range": {
    "mountains": 0.016544123315649948,
    "hills": 0.0004395026058113904,
    "clearing": 0.022569552792515563
  },
  "density_large_range_ocean_adjacent": {
    "mountains": 0.014068989535559566,
    "hills": 0.0003539131642048837,
    "clearing": 0.012738285450733357
  },
  "density_large_range_ocean_adjacent_cardinal": {
    "mountains": 0.011981736413026528,
    "hills": 0.0002884873283890244,
    "clearing": 0.009376305989932571
  },
  "count_mountains_adjacent_to_hills": 9.0188,
  "count_hills_adjacent_to_mountains": 8.4245,
  "land_with_biome": {
    "savannah": 715062,
    "grassland": 853571,
    "tundra": 516014,
    "plains": 1630799,
    "prairie": 1385541,
    "desert": 551985,
    "swamp": 320275,
    "marsh": 261029,
    "arctic": 15901
  },
  "count_with_biome": {
    "mountains": {
      "savannah": 53317,
      "grassland": 51753,
      "tundra": 38599,
      "plains": 161382,
      "prairie": 110537,
      "desert": 57117,
      "swamp": 18570,
      "marsh": 27013,
      "arctic": 0
    },
    "hills": {
      "savannah": 24831,
      "grassland": 21833,
      "tundra": 36873,
      "plains": 166384,
      "prairie": 83139,
      "desert": 22430,
      "swamp": 23228,
      "marsh": 20178,
      "arctic": 0
    },
    "clearing": {
      "savannah": 56877,
      "grassland": 39439,
      "tundra": 70919,
      "plains": 147470,
      "prairie": 86696,
      "desert": 42689,
      "swamp": 7398,
      "marsh": 4886,
      "arctic": 15901
    }
  },
  "density_on_biome": {
    "mountains": {
      "savannah": 0.07456276518679499,
      "grassland": 0.06063116014953648,
      "tundra": 0.07480223404791343,
      "plains": 0.09895885391148757,
      "prairie": 0.07977894555267581,
      "desert": 0.10347563792494362,
      "swamp": 0.05798142221528374,
      "marsh": 0.10348658578165644,
      "arctic": 0
    },
    "hills": {
      "savannah": 0.03472566015254621,
      "grassland": 0.02557842288456379,
      "tundra": 0.07145736355990341,
      "plains": 0.10202606207141407,
      "prairie": 0.06000472017789441,
      "desert": 0.04063516218737828,
      "swamp": 0.07252517367886972,
      "marsh": 0.0773017557436147,
      "arctic": 0
    },
    "clearing": {
      "savannah": 0.07954135445597725,
      "grassland": 0.04620470939148589,
      "tundra": 0.13743619359164674,
      "plains": 0.09042806624237568,
      "prairie": 0.06257194843025216,
      "desert": 0.07733724648314719,
      "swamp": 0.02309889938334244,
      "marsh": 0.018718226710442133,
      "arctic": 1
    }
  }
}