{
  "savs": 2000,
  "tiles": 7840000,
  "land": 679.437,
  "land_arctic_row": 56.004,
  "land_ocean_adjacent": 475.0885,
  "land_ocean_adjacent_cardinal": 367.771,
  "land_non_mounds": 531.6765,
  "count": {
    "mountains": 51.827,
    "hills": 39.9295,
    "clearing": 69.904
  },
  "count_forest": 461.7725,
  "stddev": {
    "mountains": 14.934023938644282,
    "hills": 9.834507092376326,
    "clearing": 19.625640983162814
  },
  "density": {
    "mountains": 0.0762793312698602,
    "hills": 0.05876850981032826,
    "clearing": 0.10288518287935453
  },
  "forest_density_non_mounds": 0.8685215539900673,
  "count_hills_plus_land_rivers": 79859,
  "density_hills_plus_land_rivers": 0.05876850981032826,
  "count_arctic_rows": {
    "mountains": 0,
    "hills": 0,
    "clearing": 56.004
  },
  "num_ranges": {
    "mountains": 30.814,
    "hills": 34.436,
    "clearing": 36.8275
  },
  "num_ranges_1": {
    "mountains": 21.7105,
    "hills": 30.079,
    "clearing": 24.488
  },
  "num_ranges_1_per_land": {
    "mountains": 0.0319536616345592,
    "hills": 0.04427047688012281,
    "clearing": 0.036041605034756716
  },
  "num_ranges_per_land": {
    "mountains": 0.04535225488161522,
    "hills": 0.050683139128425446,
    "clearing": 0.054202965101988854
  },
  "count_range_centers": {
    "mountains": 30.814,
    "hills": 34.436,
    "clearing": 36.8275
  },
  "density_range_centers": {
    "mountains": 0.04535225488161522,
    "hills": 0.050683139128425446,
    "clearing": 0.054202965101988854
  },
  "count_ocean_adjacent": {
    "mountains": 37.9725,
    "hills": 30.33,
    "clearing": 49.3535
  },
  "count_ocean_adjacent_cardinal": {
    "mountains": 27.905,
    "hills": 23.3355,
    "clearing": 35.4715
  },
  "density_ocean_adjacent": {
    "mountains": 0.0799272135612628,
    "hills": 0.06384073704162488,
    "clearing": 0.1038827502665293
  },
  "density_ocean_adjacent_cardinal": {
    "mountains": 0.07587602067590973,
    "hills": 0.0634511693417915,
    "clearing": 0.09644996478787071
  },
  "count_large_range": {
    "mountains": 10.9595,
    "hills": 0.269,
    "clearing": 20.562
  },
  "count_large_range_ocean_adjacent": {
    "mountains": 7.016,
    "hills": 0.1595,
    "clearing": 12.208
  },
  "count_large_range_ocean_adjacent_cardinal": {
    "mountains": 4.674,
    "hills": 0.1035,
    "clearing": 7.879
  },
  "density_large_range": {
    "mountains": 0.016130266676674953,
    "hills": 0.00039591603047817533,
    "clearing": 0.03026329151930201
  },
  "density_large_range_ocean_adjacent": {
    "mountains": 0.014767774846160242,
    "hills": 0.00033572692245760526,
    "clearing": 0.025696265011676774
  },
  "density_large_range_ocean_adjacent_cardinal": {
    "mountains": 0.012708995543422402,
    "hills": 0.0002814251259615358,
    "clearing": 0.021423657656530832
  },
  "count_mountains_adjacent_to_hills": 8.8145,
  "count_hills_adjacent_to_mountains": 8.231,
  "land_with_biome": {
    "savannah": 142214,
    "grassland": 169709,
    "tundra": 103748,
    "plains": 326411,
    "prairie": 275878,
    "desert": 109892,
    "swamp": 64036,
    "marsh": 51939,
    "arctic": 3039
  },
  "count_with_biome": {
    "mountains": {
      "savannah": 10910,
      "grassland": 9834,
      "tundra": 7640,
      "plains": 33288,
      "prairie": 21594,
      "desert": 11545,
      "swamp": 3533,
      "marsh": 5310,
      "arctic": 0
    },
    "hills": {
      "savannah": 4915,
      "grassland": 4401,
      "tundra": 7536,
      "plains": 33337,
      "prairie": 16369,
      "desert": 4461,
      "swamp": 4648,
      "marsh": 4192,
      "arctic": 0
    },
    "clearing": {
      "savannah": 16908,
      "grassland": 12107,
      "tundra": 25453,
      "plains": 44070,
      "prairie": 21983,
      "desert": 12749,
      "swamp": 2060,
      "marsh": 1439,
      "arctic": 3039
    }
  },
  "density_on_biome": {
    "mountains": {
      "savannah": 0.07671537260747888,
      "grassland": 0.057946249167692934,
      "tundra": 0.07363997378262714,
      "plains": 0.10198185722907623,
      "prairie": 0.07827372969211029,
      "desert": 0.10505769300768027,
      "swamp": 0.055172090698981824,
      "marsh": 0.10223531450355225,
      "arctic": 0
    },
    "hills": {
      "savannah": 0.03456059178421252,
      "grassland": 0.02593262584777472,
      "tundra": 0.0726375448201411,
      "plains": 0.10213197471898924,
      "prairie": 0.05933419845003951,
      "desert": 0.040594401776289445,
      "swamp": 0.07258417140358549,
      "marsh": 0.0807100637286047,
      "arctic": 0
    },
    "clearing": {
      "savannah": 0.11889124840029815,
      "grassland": 0.0713397639488772,
      "tundra": 0.24533484982843043,
      "plains": 0.1350138322544277,
      "prairie": 0.07968377326209411,
      "desert": 0.11601390456084155,
      "swamp": 0.03216940470985071,
      "marsh": 0.02770557769691369,
      "arctic": 1
    }
  }
}