{
  "savs": 2000,
  "tiles": 7840000,
  "land": 679.1875,
  "land_arctic_row": 55.8125,
  "land_ocean_adjacent": 530.371,
  "land_ocean_adjacent_cardinal": 427.2615,
  "land_non_mounds": 532.7385,
  "count": {
    "mountains": 51.1295,
    "hills": 39.507,
    "clearing": 68.375
  },
  "count_forest": 464.3635,
  "stddev": {
    "mountains": 14.497438730686184,
    "hills": 9.653287056749123,
    "clearing": 18.55441659012754
  },
  "density": {
    "mountains": 0.07528039017208062,
    "hills": 0.058168031655470694,
    "clearing": 0.10067175853501427
  },
  "forest_density_non_mounds": 0.8716537287994016,
  "count_hills_plus_land_rivers": 79014,
  "density_hills_plus_land_rivers": 0.058168031655470694,
  "count_arctic_rows": {
    "mountains": 0,
    "hills": 0,
    "clearing": 55.8125
  },
  "num_ranges": {
    "mountains": 31.341,
    "hills": 34.34,
    "clearing": 37.952
  },
  "num_ranges_1": {
    "mountains": 22.224,
    "hills": 30.1715,
    "clearing": 25.5505
  },
  "num_ranges_1_per_land": {
    "mountains": 0.03272145026226189,
    "hills": 0.04442293181190761,
    "clearing": 0.03761921413453575
  },
  "num_ranges_per_land": {
    "mountains": 0.04614484218275513,
    "hills": 0.05056041225729272,
    "clearing": 0.05587853133339468
  },
  "count_range_centers": {
    "mountains": 31.341,
    "hills": 34.34,
    "clearing": 37.952
  },
  "density_range_centers": {
    "mountains": 0.04614484218275513,
    "hills": 0.05056041225729272,
    "clearing": 0.05587853133339468
  },
  "count_ocean_adjacent": {
    "mountains": 42.402,
    "hills": 33.4925,
    "clearing": 55.572
  },
  "count_ocean_adjacent_cardinal": {
    "mountains": 32.624,
    "hills": 26.7175,
    "clearing": 42.041
  },
  "density_ocean_adjacent": {
    "mountains": 0.07994781011782319,
    "hills": 0.06314919179216058,
    "clearing": 0.1047794845494946
  },
  "density_ocean_adjacent_cardinal": {
    "mountains": 0.0763560489302219,
    "hills": 0.06253196227603001,
    "clearing": 0.09839641531006187
  },
  "count_large_range": {
    "mountains": 9.5355,
    "hills": 0.2365,
    "clearing": 17.2615
  },
  "count_large_range_ocean_adjacent": {
    "mountains": 7.0875,
    "hills": 0.1645,
    "clearing": 12.3555
  },
  "count_large_range_ocean_adjacent_cardinal": {
    "mountains": 4.939,
    "hills": 0.1075,
    "clearing": 8.3715
  },
  "density_large_range": {
    "mountains": 0.014039569338363854,
    "hills": 0.000348210177601914,
    "clearing": 0.025414925922517713
  },
  "density_large_range_ocean_adjacent": {
    "mountains": 0.013363287208388091,
    "hills": 0.0003101602463181433,
    "clearing": 0.023295956981056656
  },
  "density_large_range_ocean_adjacent_cardinal": {
    "mountains": 0.011559665450783654,
    "hills": 0.00025160235593424634,
    "clearing": 0.019593387187939938
  },
  "count_mountains_adjacent_to_hills": 8.2115,
  "count_hills_adjacent_to_mountains": 7.72,
  "land_with_biome": {
    "savannah": 141668,
    "grassland": 169806,
    "tundra": 103422,
    "plains": 327570,
    "prairie": 275782,
    "desert": 109739,
    "swamp": 63612,
    "marsh": 51932,
    "arctic": 3219
  },
  "count_with_biome": {
    "mountains": {
      "savannah": 10822,
      "grassland": 9648,
      "tundra": 7621,
      "plains": 32934,
      "prairie": 21182,
      "desert": 11272,
      "swamp": 3428,
      "marsh": 5352,
      "arctic": 0
    },
    "hills": {
      "savannah": 4886,
      "grassland": 4317,
      "tundra": 7362,
      "plains": 33043,
      "prairie": 16455,
      "desert": 4423,
      "swamp": 4565,
      "marsh": 3963,
      "arctic": 0
    },
    "clearing": {
      "savannah": 16513,
      "grassland": 11868,
      "tundra": 24749,
      "plains": 42921,
      "prairie": 21297,
      "desert": 12723,
      "swamp": 2050,
      "marsh": 1410,
      "arctic": 3219
    }
  },
  "density_on_biome": {
    "mountains": {
      "savannah": 0.07638986927181862,
      "grassland": 0.0568177802904491,
      "tundra": 0.07368838351607974,
      "plains": 0.10054034252220899,
      "prairie": 0.07680704324430165,
      "desert": 0.1027164453840476,
      "swamp": 0.05388920329497579,
      "marsh": 0.10305784487406609,
      "arctic": 0
    },
    "hills": {
      "savannah": 0.034489087161532594,
      "grassland": 0.025423129924737643,
      "tundra": 0.07118408075651216,
      "plains": 0.10087309582684617,
      "prairie": 0.059666693257718055,
      "desert": 0.04030472302463117,
      "swamp": 0.07176318933534553,
      "marsh": 0.07631133020103212,
      "arctic": 0
    },
    "clearing": {
      "savannah": 0.11656125589406217,
      "grassland": 0.06989152326772906,
      "tundra": 0.2393011158167508,
      "plains": 0.1310284824617639,
      "prairie": 0.07722403927740026,
      "desert": 0.11593872734397069,
      "swamp": 0.03222662390743885,
      "marsh": 0.027150889624894092,
      "arctic": 1
    }
  }
}