{
  "any": 188.5846,
  "any_crosses": 0.0111,
  "any_crosses_per_connected": 0.00037602645058131657,
  "any_forks": 6.1677,
  "any_forks_per_connected": 0.20893858912165642,
  "any_islands": 0,
  "any_on_water": 30.3285,
  "any_per_land": 0.16166544436124292,
  "any_stddev": 36.49699772364848,
  "ends": 35.5298,
  "land": 1166.5115,
  "land_islands": 0,
  "length_avg": 6.3885403398466085,
  "maj": 45.9416,
  "maj_crosses": 0.0042,
  "maj_forks": 2.7675,
  "maj_on_water": 7.6031,
  "min": 142.643,
  "min_crosses": 0.0069,
  "min_forks": 3.4002,
  "min_on_water": 22.7254,
  "num_connected": 29.5192,
  "num_connected_per_land": 0.025305537065001073,
  "num_connected_per_shore": 0.05811020568459989,
  "num_connected_stddev": 5.3932394124496135,
  "num_with_water": 29.5192,
  "num_without_water": 0,
  "savs": 10000,
  "starts": 30.3285,
  "tiles": 3808,
  "turns": 48.091,
  "turns_per_connected": 1.6291430662077564,
  "water": 2641.4885,
  "water_adjacent_to_land": 507.9865,
  "water_islands": 0
}