{
  "fail": {
  },
  "good": {
    "length_avg": 1.0070559262659393,
    "num_connected_per_shore": 0.9542428509661105,
    "num_connected_per_land": 1.0336122576372346,
    "any_per_land": 1.0409053495146818,
    "turns_per_connected": 0.9803892087727917,
    "any_forks_per_connected": 0.9616040731430745,
    "num_connected": 0.916346929906252,
    "turns": 0.8983766415721732,
    "maj": 0.8768819667124752,
    "any": 0.9228126062776933,
    "maj_on_water": 0.9289065363469762,
    "any_on_water": 0.9389628482972137,
    "maj_forks": 0.9808612440191388,
    "any_forks": 0.881162940210015,
    "land": 0.8865480484925222
  }
}