{
  "fail": {
    "num_connected": 0.7943232131562301,
    "turns": 0.7779919447640967,
    "maj": 0.801727757145164,
    "any": 0.8010616987179486,
    "maj_on_water": 0.7864292980671413,
    "any_on_water": 0.8089940270355235,
    "any_forks": 0.8055710306406685,
    "land": 0.7930659838208062,
  },
  "good": {
    "length_avg": 1.0084833043402306,
    "num_connected_per_shore": 0.9294180565390966,
    "num_connected_per_land": 1.0015852770905134,
    "any_per_land": 1.0100820298187776,
    "turns_per_connected": 0.9794400212386828,
    "any_forks_per_connected": 1.0141602527763824,
    "maj_forks": 0.9111309523809524,
  }
}