{
  "any": 159.6299,
  "any_crosses": 0.01,
  "any_crosses_per_connected": 0.0003984031999745022,
  "any_forks": 5.5954,
  "any_forks_per_connected": 0.22292252651373295,
  "any_islands": 0,
  "any_on_water": 25.7243,
  "any_per_land": 0.17848751665599408,
  "any_stddev": 30.675565618094183,
  "ends": 30.5786,
  "land": 894.3477,
  "land_islands": 0,
  "length_avg": 6.359706297160979,
  "maj": 49.4904,
  "maj_crosses": 0.0052,
  "maj_forks": 2.9774,
  "maj_on_water": 7.7008,
  "min": 110.1395,
  "min_crosses": 0.0048,
  "min_forks": 2.618,
  "min_on_water": 18.0235,
  "num_connected": 25.1002,
  "num_connected_per_land": 0.028065370996090223,
  "num_connected_per_shore": 0.05848437209837692,
  "num_connected_stddev": 4.526915059949768,
  "num_with_water": 25.1002,
  "num_without_water": 0,
  "savs": 10000,
  "starts": 25.7243,
  "tiles": 3808,
  "turns": 40.5278,
  "turns_per_connected": 1.614640520792663,
  "water": 2913.6523,
  "water_adjacent_to_land": 429.1779,
  "water_islands": 0
}