{
  "any": 159.956,
  "any_crosses": 0.0115,
  "any_crosses_per_connected": 0.00045786634284235463,
  "any_forks": 5.784,
  "any_forks_per_connected": 0.23028686321740688,
  "any_islands": 0,
  "any_on_water": 25.7341,
  "any_per_land": 0.1787093679076158,
  "any_stddev": 30.68630743507608,
  "ends": 30.7814,
  "land": 895.0622,
  "land_islands": 0,
  "length_avg": 6.368562498755798,
  "maj": 49.651,
  "maj_crosses": 0.0049,
  "maj_forks": 3.0614,
  "maj_on_water": 7.7306,
  "min": 110.305,
  "min_crosses": 0.0066,
  "min_forks": 2.7226,
  "min_on_water": 18.0035,
  "num_connected": 25.1165,
  "num_connected_per_land": 0.028061178318110183,
  "num_connected_per_shore": 0.05851658426141174,
  "num_connected_stddev": 4.518531592232158,
  "num_with_water": 25.1165,
  "num_without_water": 0,
  "savs": 10000,
  "starts": 25.7341,
  "tiles": 3808,
  "turns": 40.5645,
  "turns_per_connected": 1.6150538490633648,
  "water": 2912.9378,
  "water_adjacent_to_land": 429.2202,
  "water_islands": 0
}