{
  "any": 160.544,
  "any_crosses": 0.0108,
  "any_crosses_per_connected": 0.0004293466377785287,
  "any_forks": 5.831,
  "any_forks_per_connected": 0.23180743008209267,
  "any_islands": 0,
  "any_on_water": 25.7673,
  "any_per_land": 0.17923232112130055,
  "any_stddev": 30.866983396503066,
  "ends": 30.8713,
  "land": 895.7313,
  "land_islands": 0,
  "length_avg": 6.382317279214455,
  "maj": 49.8536,
  "maj_crosses": 0.0054,
  "maj_forks": 3.1108,
  "maj_on_water": 7.7118,
  "min": 110.6904,
  "min_crosses": 0.0054,
  "min_forks": 2.7202,
  "min_on_water": 18.0555,
  "num_connected": 25.1545,
  "num_connected_per_land": 0.02808264040789911,
  "num_connected_per_shore": 0.05862381500282113,
  "num_connected_stddev": 4.534515382044702,
  "num_with_water": 25.1545,
  "num_without_water": 0,
  "savs": 10000,
  "starts": 25.7673,
  "tiles": 3808,
  "turns": 40.6696,
  "turns_per_connected": 1.616792224055338,
  "water": 2912.2687,
  "water_adjacent_to_land": 429.0833,
  "water_islands": 0
}