{
  "fail": {
    "num_connected": 0.7955249841872232,
    "turns": 0.7800076716532414,
    "maj": 0.804999192636848,
    "any": 0.8040064102564103,
    "maj_on_water": 0.7845167853509665,
    "any_on_water": 0.8100377239861679,
    "any_forks": 0.8121169916434541,
    "land": 0.7936588369764579,
  },
  "good": {
    "length_avg": 1.0106614201159854,
    "num_connected_per_shore": 0.9311212008449353,
    "num_connected_per_land": 1.0023513216558733,
    "any_per_land": 1.013037810199871,
    "turns_per_connected": 0.9804942486503858,
    "any_forks_per_connected": 1.020856676768216,
    "maj_forks": 0.9258333333333333,
  }
}