{
  "fail": {
    "num_connected": 0.7938077166350411,
    "turns": 0.7772880705792098,
    "maj": 0.7991345067011142,
    "any": 0.7994285857371795,
    "maj_on_water": 0.7833977619532044,
    "any_on_water": 0.8086859478151525,
    "any_forks": 0.7793036211699165,
    "land": 0.7924329041918822,
  },
  "good": {
    "length_avg": 1.0070808950131664,
    "num_connected_per_shore": 0.928906431222229,
    "num_connected_per_land": 1.0017349259929502,
    "any_per_land": 1.0088281058349393,
    "turns_per_connected": 0.979189360710881,
    "any_forks_per_connected": 0.98172845241842,
    "maj_forks": 0.8861309523809524,
  }
}