{
  "fail": {
    "maj": 0.8444926982914955,
    "land": 0.7946829072026197,
  },
  "good": {
    "length_avg": 1.0206416121941597,
    "num_connected_per_shore": 1.015895722283146,
    "num_connected_per_land": 1.092188443455642,
    "any_per_land": 1.1147329737483813,
    "turns_per_connected": 1.000966105140645,
    "any_forks_per_connected": 1.043841562618698,
    "num_connected": 0.8679434874584465,
    "turns": 0.8687820121234905,
    "any": 0.8858592403330113,
    "maj_on_water": 0.8837534803220709,
    "any_on_water": 0.8845088991430455,
    "maj_forks": 0.990589921184619,
    "any_forks": 0.9059954862133255,
  }
}