{
  "any": 145.1568,
  "any_crosses": 0.0071,
  "any_crosses_per_connected": 0.000308546744831842,
  "any_forks": 4.5913,
  "any_forks_per_connected": 0.19952544641499104,
  "any_islands": 0,
  "any_on_water": 23.5192,
  "any_per_land": 0.16216873852708527,
  "any_stddev": 28.134043679499726,
  "ends": 27.5074,
  "land": 895.0973,
  "land_islands": 0,
  "length_avg": 6.308120863409398,
  "maj": 35.502,
  "maj_crosses": 0.0028,
  "maj_forks": 2.0766,
  "maj_on_water": 5.8714,
  "min": 109.6548,
  "min_crosses": 0.0043,
  "min_forks": 2.5147,
  "min_on_water": 17.6478,
  "num_connected": 23.0111,
  "num_connected_per_land": 0.025707931417064938,
  "num_connected_per_shore": 0.05357703315237688,
  "num_connected_stddev": 4.134462091977638,
  "num_with_water": 23.0111,
  "num_without_water": 0,
  "savs": 10000,
  "starts": 23.5192,
  "tiles": 3808,
  "turns": 37.1662,
  "turns_per_connected": 1.6151422574322827,
  "water": 2912.9027,
  "water_adjacent_to_land": 429.4956,
  "water_islands": 0
}