{
  "fail": {
    "maj": 0.8421399255512074,
    "land": 0.7923557752663049,
  },
  "good": {
    "length_avg": 1.0217789942934725,
    "num_connected_per_shore": 1.0150148310797915,
    "num_connected_per_land": 1.0932746286990285,
    "any_per_land": 1.1170850505986476,
    "turns_per_connected": 1.0025233866975096,
    "any_forks_per_connected": 1.0536831526799777,
    "num_connected": 0.8662624660018131,
    "turns": 0.8684483811850947,
    "any": 0.885128791305517,
    "maj_on_water": 0.8828053277146513,
    "any_on_water": 0.8832620774084189,
    "maj_forks": 0.9957487461189395,
    "any_forks": 0.9127661662251004,
  }
}