{
  "any": 144.9248,
  "any_crosses": 0.008,
  "any_crosses_per_connected": 0.000348186384171447,
  "any_forks": 4.6165,
  "any_forks_per_connected": 0.2009253053159356,
  "any_islands": 0,
  "any_on_water": 23.4815,
  "any_per_land": 0.16179740558883676,
  "any_stddev": 28.027931514116325,
  "ends": 27.5001,
  "land": 895.7177,
  "land_islands": 0,
  "length_avg": 6.307605261096265,
  "maj": 35.391,
  "maj_crosses": 0.0026,
  "maj_forks": 2.0738,
  "maj_on_water": 5.8721,
  "min": 109.5338,
  "min_crosses": 0.0054,
  "min_forks": 2.5427,
  "min_on_water": 17.6094,
  "num_connected": 22.9762,
  "num_connected_per_land": 0.025651162190944758,
  "num_connected_per_shore": 0.053521508000086655,
  "num_connected_stddev": 4.07904811935334,
  "num_with_water": 22.9762,
  "num_without_water": 0,
  "savs": 10000,
  "starts": 23.4815,
  "tiles": 3808,
  "turns": 36.9771,
  "turns_per_connected": 1.6093653432682515,
  "water": 2912.2823,
  "water_adjacent_to_land": 429.2891,
  "water_islands": 0
}