{
  "any": 144.8053,
  "any_crosses": 0.0057,
  "any_crosses_per_connected": 0.0002485642146024935,
  "any_forks": 4.651,
  "any_forks_per_connected": 0.20281967756424513,
  "any_islands": 0,
  "any_on_water": 23.4484,
  "any_per_land": 0.16213879670319395,
  "any_stddev": 28.05645365882874,
  "ends": 27.4855,
  "land": 893.0947,
  "land_islands": 0,
  "length_avg": 6.314634327154114,
  "maj": 35.2924,
  "maj_crosses": 0.0027,
  "maj_forks": 2.0846,
  "maj_on_water": 5.8658,
  "min": 109.5129,
  "min_crosses": 0.003,
  "min_forks": 2.5664,
  "min_on_water": 17.5826,
  "num_connected": 22.9317,
  "num_connected_per_land": 0.02567667236184472,
  "num_connected_per_shore": 0.05347509907783863,
  "num_connected_stddev": 4.0884269725653635,
  "num_with_water": 22.9317,
  "num_without_water": 0,
  "savs": 10000,
  "starts": 23.4484,
  "tiles": 3808,
  "turns": 36.9629,
  "turns_per_connected": 1.611869159286054,
  "water": 2914.9053,
  "water_adjacent_to_land": 428.8295,
  "water_islands": 0
}