{
  "fail": {
    "maj": 0.8471413572587573,
    "land": 0.7941324868239351,
  },
  "good": {
    "length_avg": 1.0207250424587917,
    "num_connected_per_shore": 1.0169496493266565,
    "num_connected_per_land": 1.0946055929107363,
    "any_per_land": 1.1172913402994271,
    "turns_per_connected": 1.0045591334699113,
    "any_forks_per_connected": 1.0365690545575057,
    "num_connected": 0.8692618615896041,
    "turns": 0.8732249424369157,
    "any": 0.8872773505788579,
    "maj_on_water": 0.8836481300323576,
    "any_on_water": 0.885928995197288,
    "maj_forks": 0.9919273943157392,
    "any_forks": 0.9010499460308116,
  }
}