{
  "any": 113.7692,
  "any_crosses": 0.0043,
  "any_crosses_per_connected": 0.0002365691964899733,
  "any_forks": 3.1234,
  "any_forks_per_connected": 0.1718372623992518,
  "any_islands": 0,
  "any_on_water": 18.4859,
  "any_per_land": 0.1273737765364367,
  "any_stddev": 22.994932732234723,
  "ends": 21.2478,
  "land": 893.1917,
  "land_islands": 0,
  "length_avg": 6.259136797513273,
  "maj": 18.4488,
  "maj_crosses": 0.0013,
  "maj_forks": 0.9594,
  "maj_on_water": 3.3325,
  "min": 95.3204,
  "min_crosses": 0.003,
  "min_forks": 2.164,
  "min_on_water": 15.1534,
  "num_connected": 18.1765,
  "num_connected_per_land": 0.0203500547530838,
  "num_connected_per_shore": 0.0423782259875177,
  "num_connected_stddev": 3.2985978460551926,
  "num_with_water": 18.1765,
  "num_without_water": 0,
  "savs": 10000,
  "starts": 18.4859,
  "tiles": 3808,
  "turns": 28.6169,
  "turns_per_connected": 1.5743900090776553,
  "water": 2914.8083,
  "water_adjacent_to_land": 428.9113,
  "water_islands": 0
}