{
  "any": 114.1951,
  "any_crosses": 0.0038,
  "any_crosses_per_connected": 0.00020780129821126829,
  "any_forks": 3.0915,
  "any_forks_per_connected": 0.16905729300529893,
  "any_islands": 0,
  "any_on_water": 18.5893,
  "any_per_land": 0.1272301607692251,
  "any_stddev": 23.090366735719062,
  "ends": 21.3236,
  "land": 897.5474,
  "land_islands": 0,
  "length_avg": 6.244707902464633,
  "maj": 18.5848,
  "maj_crosses": 0.0011,
  "maj_forks": 0.9655,
  "maj_on_water": 3.346,
  "min": 95.6103,
  "min_crosses": 0.0027,
  "min_forks": 2.126,
  "min_on_water": 15.2433,
  "num_connected": 18.2867,
  "num_connected_per_land": 0.02037407717965647,
  "num_connected_per_shore": 0.0425207026459672,
  "num_connected_stddev": 3.3055866514130305,
  "num_with_water": 18.2867,
  "num_without_water": 0,
  "savs": 10000,
  "starts": 18.5893,
  "tiles": 3808,
  "turns": 28.7767,
  "turns_per_connected": 1.5736409521674222,
  "water": 2910.4526,
  "water_adjacent_to_land": 430.0658,
  "water_islands": 0
}