{
  "fail": {
    "any_forks_per_connected": 1.1531330116631209,
    "maj": 0.818854860186418,
    "maj_forks": 1.4536363636363636,
    "land": 0.7880987338421495,
  },
  "good": {
    "length_avg": 1.0382973131237756,
    "num_connected_per_shore": 1.027514610167877,
    "num_connected_per_land": 1.1051142575183308,
    "any_per_land": 1.1474371642760506,
    "turns_per_connected": 0.9950793303891973,
    "num_connected": 0.8709391471011021,
    "turns": 0.8666535433070865,
    "any": 0.9042937763293856,
    "maj_on_water": 0.861111111111111,
    "any_on_water": 0.887465194431109,
    "any_forks": 1.004308681672026,
  }
}