{
  "fail": {
    "maj": 0.8248912561029739,
    "maj_forks": 1.462878787878788,
    "land": 0.7919419420302644,
  },
  "good": {
    "length_avg": 1.0359037749339248,
    "num_connected_per_shore": 1.030969140053292,
    "num_connected_per_land": 1.1064188007457452,
    "any_per_land": 1.146143412350375,
    "turns_per_connected": 0.9946058955704037,
    "any_forks_per_connected": 1.1344777186561128,
    "num_connected": 0.8762194537613799,
    "turns": 0.8714930345245305,
    "any": 0.9076790398219537,
    "maj_on_water": 0.8645994832041344,
    "any_on_water": 0.8924291886701874,
    "any_forks": 0.9940514469453376,
  }
}