{
  "fail": {
    "maj": 0.8190901020861074,
    "maj_forks": 1.4331818181818181,
    "land": 0.7897195041249394,
  },
  "good": {
    "length_avg": 1.0348973417502514,
    "num_connected_per_shore": 1.0296485614162099,
    "num_connected_per_land": 1.1062136139927505,
    "any_per_land": 1.1448175285290279,
    "turns_per_connected": 0.9953019368239792,
    "any_forks_per_connected": 1.1372924923352776,
    "num_connected": 0.8735984666986104,
    "turns": 0.8694942459115687,
    "any": 0.9040847309434863,
    "maj_on_water": 0.8614728682170542,
    "any_on_water": 0.8896255400864138,
    "any_forks": 0.9935369774919615,
  }
}