{
  "any": 113.7429,
  "any_crosses": 0.0037,
  "any_crosses_per_connected": 0.00020293988591487495,
  "any_forks": 3.0899,
  "any_forks_per_connected": 0.16947674418604652,
  "any_islands": 0,
  "any_on_water": 18.5309,
  "any_per_land": 0.12708297813053124,
  "any_stddev": 23.0164506297126,
  "ends": 21.2717,
  "land": 895.0286,
  "land_islands": 0,
  "length_avg": 6.2386408512505485,
  "maj": 18.4541,
  "maj_crosses": 0.0011,
  "maj_forks": 0.9459,
  "maj_on_water": 3.3339,
  "min": 95.2888,
  "min_crosses": 0.0026,
  "min_forks": 2.144,
  "min_on_water": 15.197,
  "num_connected": 18.232,
  "num_connected_per_land": 0.020370298781513797,
  "num_connected_per_shore": 0.042466237454559935,
  "num_connected_stddev": 3.3378400201327847,
  "num_with_water": 18.232,
  "num_without_water": 0,
  "savs": 10000,
  "starts": 18.5309,
  "tiles": 3808,
  "turns": 28.7107,
  "turns_per_connected": 1.5747422114962704,
  "water": 2912.9714,
  "water_adjacent_to_land": 429.3293,
  "water_islands": 0
}