{
  "any": 166.0978,
  "any_crosses": 0.0101,
  "any_crosses_per_connected": 0.00035017283282887644,
  "any_forks": 5.0853,
  "any_forks_per_connected": 0.1763102878004639,
  "any_islands": 0,
  "any_on_water": 29.5538,
  "any_per_land": 0.18575006388388288,
  "any_stddev": 30.08248385954855,
  "ends": 33.7992,
  "land": 894.2005,
  "land_islands": 0,
  "length_avg": 5.7587066487766485,
  "maj": 54.9738,
  "maj_crosses": 0.005,
  "maj_forks": 2.6825,
  "maj_on_water": 8.8477,
  "min": 111.124,
  "min_crosses": 0.0051,
  "min_forks": 2.4028,
  "min_on_water": 20.7061,
  "num_connected": 28.8429,
  "num_connected_per_land": 0.032255517638382,
  "num_connected_per_shore": 0.056867880646241244,
  "num_connected_stddev": 4.967113808843124,
  "num_with_water": 28.8429,
  "num_without_water": 0,
  "savs": 10000,
  "starts": 29.5538,
  "tiles": 3808,
  "turns": 41.8076,
  "turns_per_connected": 1.4494936362154984,
  "water": 2913.7995,
  "water_adjacent_to_land": 507.1914,
  "water_islands": 0
}