{
  "fail": {
    "any_forks": 0.9499906594433029,
  },
  "good": {
    "length_avg": 1.002333930897723,
    "num_connected_per_shore": 0.966030046156048,
    "num_connected_per_land": 1.0161309834974837,
    "any_per_land": 1.0185025629959858,
    "turns_per_connected": 0.9831349617926144,
    "any_forks_per_connected": 0.9534358408563282,
    "num_connected": 0.9963865618792641,
    "turns": 0.9795824644438716,
    "maj": 1.0083143037939857,
    "any": 0.9987120592621097,
    "maj_on_water": 0.9818232258780447,
    "any_on_water": 1.006755122549437,
    "maj_forks": 0.9706893432241722,
    "land": 0.9805690192122116,
  }
}