{
  "fail": {
  },
  "good": {
    "length_avg": 1.0077891880903838,
    "num_connected_per_shore": 0.9661732449494473,
    "num_connected_per_land": 1.015443829611707,
    "any_per_land": 1.0233533125957557,
    "turns_per_connected": 0.9864821937935623,
    "any_forks_per_connected": 1.0047552143488663,
    "num_connected": 0.9975541929354866,
    "turns": 0.9840694486749924,
    "maj": 1.0160398382259885,
    "any": 1.0053243301746115,
    "maj_on_water": 0.9827553681407091,
    "any_on_water": 1.0088365042325969,
    "maj_forks": 1.023231409444545,
    "any_forks": 1.002297776947506,
    "land": 0.9823824458285815
  }
}