{
  "any": 166.8454,
  "any_crosses": 0.0095,
  "any_crosses_per_connected": 0.00032894281242642066,
  "any_forks": 5.3374,
  "any_forks_per_connected": 0.18481045968892398,
  "any_islands": 0,
  "any_on_water": 29.5944,
  "any_per_land": 0.18659302497496555,
  "any_stddev": 30.148991672027734,
  "ends": 34.085,
  "land": 894.1674,
  "land_islands": 0,
  "length_avg": 5.777115275411698,
  "maj": 55.3106,
  "maj_crosses": 0.0047,
  "maj_forks": 2.8232,
  "maj_on_water": 8.9156,
  "min": 111.5348,
  "min_crosses": 0.0048,
  "min_forks": 2.5142,
  "min_on_water": 20.6788,
  "num_connected": 28.8804,
  "num_connected_per_land": 0.032298650118534854,
  "num_connected_per_shore": 0.05688807996525305,
  "num_connected_stddev": 4.98221796391927,
  "num_with_water": 28.8804,
  "num_without_water": 0,
  "savs": 10000,
  "starts": 29.5944,
  "tiles": 3808,
  "turns": 41.8701,
  "turns_per_connected": 1.449775626376366,
  "water": 2913.8326,
  "water_adjacent_to_land": 507.6705,
  "water_islands": 0
}