{
  "fail": {
  },
  "good": {
    "length_avg": 1.0055380515836514,
    "num_connected_per_shore": 0.9663731774430866,
    "num_connected_per_land": 1.0174897665115952,
    "any_per_land": 1.0231246773243574,
    "turns_per_connected": 0.9833262247130603,
    "any_forks_per_connected": 0.9994023504287545,
    "num_connected": 0.9976820105363158,
    "turns": 0.9810468848848379,
    "maj": 1.0144917966636404,
    "any": 1.0032072249747463,
    "maj_on_water": 0.9893580425012484,
    "any_on_water": 1.0081381683159885,
    "maj_forks": 1.0216030396236655,
    "any_forks": 0.9970857463104801,
    "land": 0.9805327221686114
  }
}