{
  "any": 167.1975,
  "any_crosses": 0.0136,
  "any_crosses_per_connected": 0.0004709679430128789,
  "any_forks": 5.3653,
  "any_forks_per_connected": 0.1858003165181617,
  "any_islands": 0,
  "any_on_water": 29.6149,
  "any_per_land": 0.18663472248051077,
  "any_stddev": 30.18838673645883,
  "ends": 34.1078,
  "land": 895.8542,
  "land_islands": 0,
  "length_avg": 5.790048724404104,
  "maj": 55.395,
  "maj_crosses": 0.0067,
  "maj_forks": 2.8277,
  "maj_on_water": 8.8561,
  "min": 111.8025,
  "min_crosses": 0.0069,
  "min_forks": 2.5376,
  "min_on_water": 20.7588,
  "num_connected": 28.8767,
  "num_connected_per_land": 0.032233704993513454,
  "num_connected_per_shore": 0.05687631041705854,
  "num_connected_stddev": 4.9792868073650896,
  "num_with_water": 28.8767,
  "num_without_water": 0,
  "savs": 10000,
  "starts": 29.6149,
  "tiles": 3808,
  "turns": 41.9991,
  "turns_per_connected": 1.4544286570141325,
  "water": 2912.1458,
  "water_adjacent_to_land": 507.7105,
  "water_islands": 0
}