{
  "fail": {
  },
  "good": {
    "length_avg": 1.009393488615686,
    "num_connected_per_shore": 0.9689887236882283,
    "num_connected_per_land": 1.0165634548358073,
    "any_per_land": 1.0261125320759277,
    "turns_per_connected": 0.9931928419745216,
    "any_forks_per_connected": 0.9577949547812442,
    "num_connected": 1.001558648412909,
    "turns": 0.9947408804213539,
    "maj": 0.9953614186244552,
    "any": 1.0109667781747214,
    "maj_on_water": 0.9955549013835737,
    "any_on_water": 1.0132410325679122,
    "maj_forks": 0.9800051934562451,
    "any_forks": 0.9592878203674302,
    "land": 0.9852396755445972
  }
}