{
  "fail": {
  },
  "good": {
    "length_avg": 1.0087196008787847,
    "num_connected_per_shore": 0.9680669872646774,
    "num_connected_per_land": 1.0190753833939323,
    "any_per_land": 1.0279613140025197,
    "turns_per_connected": 0.991957393365201,
    "any_forks_per_connected": 0.9554148081255723,
    "num_connected": 1.0005878114452578,
    "turns": 0.9925404772742051,
    "maj": 0.9975454590993338,
    "any": 1.0093125378052408,
    "maj_on_water": 0.9935678539888138,
    "any_on_water": 1.0122917604682575,
    "maj_forks": 0.9924694884445598,
    "any_forks": 0.9559764118847812,
    "land": 0.9818584844164453
  }
}