{
  "any": 151.2563,
  "any_crosses": 0.0086,
  "any_crosses_per_connected": 0.0003256329964672606,
  "any_forks": 4.2295,
  "any_forks_per_connected": 0.16014706494863706,
  "any_islands": 0,
  "any_on_water": 27.0049,
  "any_per_land": 0.16875983368616151,
  "any_stddev": 27.306010516184827,
  "ends": 30.5305,
  "land": 896.2814,
  "land_islands": 0,
  "length_avg": 5.727214209715223,
  "maj": 39.7408,
  "maj_crosses": 0.0035,
  "maj_forks": 1.887,
  "maj_on_water": 6.7638,
  "min": 111.5155,
  "min_crosses": 0.0051,
  "min_forks": 2.3425,
  "min_on_water": 20.2411,
  "num_connected": 26.4101,
  "num_connected_per_land": 0.029466303774685048,
  "num_connected_per_shore": 0.05198169369533922,
  "num_connected_stddev": 4.549672294792231,
  "num_with_water": 26.4101,
  "num_without_water": 0,
  "savs": 10000,
  "starts": 27.0049,
  "tiles": 3808,
  "turns": 38.2453,
  "turns_per_connected": 1.4481315860220143,
  "water": 2911.7186,
  "water_adjacent_to_land": 508.0654,
  "water_islands": 0
}