{
  "any": 151.7677,
  "any_crosses": 0.0089,
  "any_crosses_per_connected": 0.00033617635282652547,
  "any_forks": 4.2592,
  "any_forks_per_connected": 0.16088115977064463,
  "any_islands": 0,
  "any_on_water": 27.0647,
  "any_per_land": 0.16916931890622022,
  "any_stddev": 27.818618526267656,
  "ends": 30.6299,
  "land": 897.1349,
  "land_islands": 0,
  "length_avg": 5.732664254255086,
  "maj": 39.8585,
  "maj_crosses": 0.0038,
  "maj_forks": 1.9211,
  "maj_on_water": 6.7348,
  "min": 111.9092,
  "min_crosses": 0.0051,
  "min_forks": 2.3381,
  "min_on_water": 20.3299,
  "num_connected": 26.4742,
  "num_connected_per_land": 0.02950972033302907,
  "num_connected_per_shore": 0.052037248592052596,
  "num_connected_stddev": 4.599101473114066,
  "num_with_water": 26.4742,
  "num_without_water": 0,
  "savs": 10000,
  "starts": 27.0647,
  "tiles": 3808,
  "turns": 38.3799,
  "turns_per_connected": 1.4497095285221082,
  "water": 2910.8651,
  "water_adjacent_to_land": 508.7548,
  "water_islands": 0
}