{
  "any": 151.0088,
  "any_crosses": 0.0061,
  "any_crosses_per_connected": 0.00023119634633970702,
  "any_forks": 4.2149,
  "any_forks_per_connected": 0.15974909511266083,
  "any_islands": 0,
  "any_on_water": 26.9796,
  "any_per_land": 0.16906389403110483,
  "any_stddev": 27.418809648852307,
  "ends": 30.4845,
  "land": 893.2055,
  "land_islands": 0,
  "length_avg": 5.723390627072713,
  "maj": 39.828,
  "maj_crosses": 0.0026,
  "maj_forks": 1.911,
  "maj_on_water": 6.7503,
  "min": 111.1808,
  "min_crosses": 0.0035,
  "min_forks": 2.3039,
  "min_on_water": 20.2293,
  "num_connected": 26.3845,
  "num_connected_per_land": 0.029539115018884232,
  "num_connected_per_shore": 0.05193224686560266,
  "num_connected_stddev": 4.552566281779986,
  "num_with_water": 26.3845,
  "num_without_water": 0,
  "savs": 10000,
  "starts": 26.9796,
  "tiles": 3808,
  "turns": 38.1607,
  "turns_per_connected": 1.4463302317648619,
  "water": 2914.7945,
  "water_adjacent_to_land": 508.0562,
  "water_islands": 0
}