{
  "fail": {
  },
  "good": {
    "length_avg": 1.0164749431675508,
    "num_connected_per_shore": 0.969919707299298,
    "num_connected_per_land": 1.0219528307023673,
    "any_per_land": 1.0387894455081037,
    "turns_per_connected": 0.9740883223499426,
    "any_forks_per_connected": 1.0055232589685987,
    "num_connected": 1.004614721104083,
    "turns": 0.97858346828833,
    "maj": 0.969397097048743,
    "any": 1.0211656915395568,
    "maj_on_water": 1.002265920041672,
    "any_on_water": 1.0158304931239126,
    "maj_forks": 0.9882022471910111,
    "any_forks": 1.0101634683724237,
    "land": 0.9830343347780873
  }
}