{
  "fail": {
  },
  "good": {
    "length_avg": 1.0178929546367657,
    "num_connected_per_shore": 0.9700652659256289,
    "num_connected_per_land": 1.0208959167182818,
    "any_per_land": 1.0391627610449785,
    "turns_per_connected": 0.9771510166270703,
    "any_forks_per_connected": 1.0099381958900366,
    "num_connected": 1.003143569101016,
    "turns": 0.980222758369964,
    "maj": 0.9622294297610011,
    "any": 1.021092771477103,
    "maj_on_water": 0.9956504753223075,
    "any_on_water": 1.014815167910003,
    "maj_forks": 0.9865168539325843,
    "any_forks": 1.0131130063965885,
    "land": 0.9826110112436048
  }
}