{
  "any": 119.0332,
  "any_crosses": 0.0039,
  "any_crosses_per_connected": 0.00018603053762825374,
  "any_forks": 2.8426,
  "any_forks_per_connected": 0.13559241186207027,
  "any_islands": 0,
  "any_on_water": 21.3106,
  "any_per_land": 0.13296809700433823,
  "any_stddev": 22.25323566944821,
  "ends": 23.7377,
  "land": 895.2012,
  "land_islands": 0,
  "length_avg": 5.677900049131142,
  "maj": 21.0713,
  "maj_crosses": 8e-04,
  "maj_forks": 0.8795,
  "maj_on_water": 3.8482,
  "min": 97.9619,
  "min_crosses": 0.0031,
  "min_forks": 1.9631,
  "min_on_water": 17.4624,
  "num_connected": 20.9643,
  "num_connected_per_land": 0.023418534291508992,
  "num_connected_per_shore": 0.04122438039938939,
  "num_connected_stddev": 3.64606987179346,
  "num_with_water": 20.9643,
  "num_without_water": 0,
  "savs": 10000,
  "starts": 21.3106,
  "tiles": 3808,
  "turns": 29.609,
  "turns_per_connected": 1.4123533817012732,
  "water": 2912.7988,
  "water_adjacent_to_land": 508.5413,
  "water_islands": 0
}