{
  "any": 119.0247,
  "any_crosses": 0.0044,
  "any_crosses_per_connected": 0.0002101884052432453,
  "any_forks": 2.8509,
  "any_forks_per_connected": 0.13618775556999274,
  "any_islands": 0,
  "any_on_water": 21.2893,
  "any_per_land": 0.1330158824884275,
  "any_stddev": 22.16052548812868,
  "ends": 23.7192,
  "land": 894.8157,
  "land_islands": 0,
  "length_avg": 5.685820881262659,
  "maj": 20.9155,
  "maj_crosses": 0.0014,
  "maj_forks": 0.878,
  "maj_on_water": 3.8228,
  "min": 98.1092,
  "min_crosses": 0.003,
  "min_forks": 1.9729,
  "min_on_water": 17.4665,
  "num_connected": 20.9336,
  "num_connected_per_land": 0.023394314605789772,
  "num_connected_per_shore": 0.04123056706013782,
  "num_connected_stddev": 3.635270421853103,
  "num_with_water": 20.9336,
  "num_without_water": 0,
  "savs": 10000,
  "starts": 21.2893,
  "tiles": 3808,
  "turns": 29.6586,
  "turns_per_connected": 1.4167940535789354,
  "water": 2913.1843,
  "water_adjacent_to_land": 507.7204,
  "water_islands": 0
}