{
  "any": 118.9235,
  "any_crosses": 0.0027,
  "any_crosses_per_connected": 0.00012922370058389968,
  "any_forks": 2.8422,
  "any_forks_per_connected": 0.13602948214798508,
  "any_islands": 0,
  "any_on_water": 21.2543,
  "any_per_land": 0.13283036056148997,
  "any_stddev": 22.550225004420643,
  "ends": 23.6687,
  "land": 895.3036,
  "land_islands": 0,
  "length_avg": 5.6917536134775535,
  "maj": 20.8559,
  "maj_crosses": 9e-04,
  "maj_forks": 0.8717,
  "maj_on_water": 3.8223,
  "min": 98.0676,
  "min_crosses": 0.0018,
  "min_forks": 1.9705,
  "min_on_water": 17.432,
  "num_connected": 20.894,
  "num_connected_per_land": 0.023337334955427412,
  "num_connected_per_shore": 0.041177624078287546,
  "num_connected_stddev": 3.6847746199733917,
  "num_with_water": 20.894,
  "num_without_water": 0,
  "savs": 10000,
  "starts": 21.2543,
  "tiles": 3808,
  "turns": 29.6075,
  "turns_per_connected": 1.4170335981621518,
  "water": 2912.6964,
  "water_adjacent_to_land": 507.4115,
  "water_islands": 0
}