{
  "any": 188.1265,
  "any_crosses": 0.0111,
  "any_crosses_per_connected": 0.00033558061492880247,
  "any_forks": 5.7361,
  "any_forks_per_connected": 0.1734165734498292,
  "any_islands": 0,
  "any_on_water": 33.9167,
  "any_per_land": 0.21085398742586126,
  "any_stddev": 31.649649251611013,
  "ends": 38.6569,
  "land": 892.2122,
  "land_islands": 0,
  "length_avg": 5.687532122018321,
  "maj": 62.9731,
  "maj_crosses": 0.0053,
  "maj_forks": 3.0219,
  "maj_on_water": 10.1658,
  "min": 125.1534,
  "min_crosses": 0.0058,
  "min_forks": 2.7142,
  "min_on_water": 23.7509,
  "num_connected": 33.077,
  "num_connected_per_land": 0.03707301917637979,
  "num_connected_per_shore": 0.0536515650630455,
  "num_connected_stddev": 5.1489679548430045,
  "num_with_water": 33.077,
  "num_without_water": 0,
  "savs": 10000,
  "starts": 33.9167,
  "tiles": 3808,
  "turns": 48.8814,
  "turns_per_connected": 1.4778063306829519,
  "water": 2915.7878,
  "water_adjacent_to_land": 616.5151,
  "water_islands": 0
}