{
  "any": 188.0499,
  "any_crosses": 0.0111,
  "any_crosses_per_connected": 0.00033505084622977244,
  "any_forks": 5.5309,
  "any_forks_per_connected": 0.16694889418128364,
  "any_islands": 0,
  "any_on_water": 33.98,
  "any_per_land": 0.21020371047472305,
  "any_stddev": 31.965522207372118,
  "ends": 38.4963,
  "land": 894.6079,
  "land_islands": 0,
  "length_avg": 5.676241272830999,
  "maj": 63.0801,
  "maj_crosses": 0.0053,
  "maj_forks": 2.9038,
  "maj_on_water": 10.2051,
  "min": 124.9698,
  "min_crosses": 0.0058,
  "min_forks": 2.6271,
  "min_on_water": 23.7749,
  "num_connected": 33.1293,
  "num_connected_per_land": 0.03703220148178884,
  "num_connected_per_shore": 0.053674452786059444,
  "num_connected_stddev": 5.198286401305711,
  "num_with_water": 33.1293,
  "num_without_water": 0,
  "savs": 10000,
  "starts": 33.98,
  "tiles": 3808,
  "turns": 48.8864,
  "turns_per_connected": 1.475624296317761,
  "water": 2913.3921,
  "water_adjacent_to_land": 617.2266,
  "water_islands": 0
}