{
  "fail": {
    "num_connected_per_land": 1.2015431100210503,
    "any_per_land": 1.2179627890614957,
    "num_connected": 1.450494097070398,
    "turns": 1.5043498309252998,
    "maj": 1.464669603524229,
    "any": 1.470315814098565,
    "maj_on_water": 1.464906474820144,
    "any_on_water": 1.4685362694300517,
    "maj_forks": 1.3752036199095024,
    "any_forks": 1.4501763224181359,
    "land": 1.2071927215703238,
  },
  "good": {
    "length_avg": 1.0136654930676356,
    "num_connected_per_shore": 1.116243170453337,
    "turns_per_connected": 1.0371292333858455,
    "any_forks_per_connected": 0.9997809197204297,
  }
}