{
  "fail": {
    "num_connected_per_land": 1.1977901215613709,
    "any_per_land": 1.2125069300714155,
    "num_connected": 1.4485920419763882,
    "turns": 1.5028097141100523,
    "maj": 1.462557384651055,
    "any": 1.4663903618215846,
    "maj_on_water": 1.4683597122302157,
    "any_on_water": 1.4671848013816924,
    "maj_forks": 1.3139366515837103,
    "any_forks": 1.3931738035264483,
    "land": 1.209387200562375,
  },
  "good": {
    "length_avg": 1.012286633730852,
    "num_connected_per_shore": 1.1169308625016932,
    "turns_per_connected": 1.0374278406636201,
    "any_forks_per_connected": 0.9617433778150764,
  }
}