{
  "fail": {
    "num_connected_per_land": 1.1991103517774977,
    "any_per_land": 1.2162578881679216,
    "num_connected": 1.4463052033231305,
    "turns": 1.5026560098370734,
    "maj": 1.4600765128680733,
    "any": 1.4669876793512162,
    "maj_on_water": 1.462705035971223,
    "any_on_water": 1.4644516407599308,
    "maj_forks": 1.3673755656108597,
    "any_forks": 1.4448614609571788,
    "land": 1.2061485426918295,
  },
  "good": {
    "length_avg": 1.0143002154597514,
    "num_connected_per_shore": 1.1164545836971644,
    "turns_per_connected": 1.038961905401767,
    "any_forks_per_connected": 0.9990017719892912,
  }
}