{
  "any": 188.5533,
  "any_crosses": 0.0106,
  "any_crosses_per_connected": 0.0003195388993392177,
  "any_forks": 5.7572,
  "any_forks_per_connected": 0.17355182559205132,
  "any_islands": 0,
  "any_on_water": 34.0113,
  "any_per_land": 0.21114955397887042,
  "any_stddev": 31.685920518583547,
  "ends": 38.771,
  "land": 892.9846,
  "land_islands": 0,
  "length_avg": 5.683973014035596,
  "maj": 63.1712,
  "maj_crosses": 0.006,
  "maj_forks": 3.0392,
  "maj_on_water": 10.1811,
  "min": 125.3821,
  "min_crosses": 0.0046,
  "min_forks": 2.718,
  "min_on_water": 23.8302,
  "num_connected": 33.1728,
  "num_connected_per_land": 0.03714823301544058,
  "num_connected_per_shore": 0.05364140553522231,
  "num_connected_stddev": 5.1306861295541815,
  "num_with_water": 33.1728,
  "num_without_water": 0,
  "savs": 10000,
  "starts": 34.0113,
  "tiles": 3808,
  "turns": 48.9365,
  "turns_per_connected": 1.475199561086191,
  "water": 2915.0154,
  "water_adjacent_to_land": 618.4178,
  "water_islands": 0
}