{
  "any": 170.845,
  "any_crosses": 0.0083,
  "any_crosses_per_connected": 0.0002742160888856585,
  "any_forks": 4.5723,
  "any_forks_per_connected": 0.15106002689299955,
  "any_islands": 0,
  "any_on_water": 30.9586,
  "any_per_land": 0.1916195268087321,
  "any_stddev": 29.07193792990068,
  "ends": 34.7046,
  "land": 891.5845,
  "land_islands": 0,
  "length_avg": 5.644391289839798,
  "maj": 45.4566,
  "maj_crosses": 0.0027,
  "maj_forks": 2.0474,
  "maj_on_water": 7.7277,
  "min": 125.3884,
  "min_crosses": 0.0056,
  "min_forks": 2.5249,
  "min_on_water": 23.2309,
  "num_connected": 30.2681,
  "num_connected_per_land": 0.03394866106353352,
  "num_connected_per_shore": 0.04901856312017962,
  "num_connected_stddev": 4.68881886939558,
  "num_with_water": 30.2681,
  "num_without_water": 0,
  "savs": 10000,
  "starts": 30.9586,
  "tiles": 3808,
  "turns": 44.5603,
  "turns_per_connected": 1.4721868898279047,
  "water": 2916.4155,
  "water_adjacent_to_land": 617.4824,
  "water_islands": 0
}