{
  "fail": {
    "num_connected": 1.311987162806835,
    "turns": 1.3825610966381343,
    "maj": 1.293876039649083,
    "any": 1.3426910749749297,
    "maj_on_water": 1.272746588216066,
    "any_on_water": 1.3234729437923587,
    "maj_forks": 1.176576055523424,
    "any_forks": 1.185355048859935,
    "land": 1.2077321460836798,
  },
  "good": {
    "length_avg": 1.0234026010608326,
    "num_connected_per_shore": 1.008649772383241,
    "num_connected_per_land": 1.0863229624724489,
    "any_per_land": 1.1117457453864064,
    "turns_per_connected": 1.0537916344244684,
    "any_forks_per_connected": 0.9034806760792051,
  }
}