{
  "any": 171.0639,
  "any_crosses": 0.0095,
  "any_crosses_per_connected": 0.00031300967035139456,
  "any_forks": 4.5921,
  "any_forks_per_connected": 0.15130228497059356,
  "any_islands": 0,
  "any_on_water": 31.0413,
  "any_per_land": 0.19107608141893934,
  "any_stddev": 28.909175304563874,
  "ends": 34.8108,
  "land": 895.2659,
  "land_islands": 0,
  "length_avg": 5.636279468213044,
  "maj": 45.5199,
  "maj_crosses": 0.0039,
  "maj_forks": 2.0633,
  "maj_on_water": 7.7735,
  "min": 125.544,
  "min_crosses": 0.0056,
  "min_forks": 2.5288,
  "min_on_water": 23.2678,
  "num_connected": 30.3505,
  "num_connected_per_land": 0.0339011013376026,
  "num_connected_per_shore": 0.04907303612863941,
  "num_connected_stddev": 4.738675949038924,
  "num_with_water": 30.3505,
  "num_without_water": 0,
  "savs": 10000,
  "starts": 31.0413,
  "tiles": 3808,
  "turns": 44.5607,
  "turns_per_connected": 1.4682031597502512,
  "water": 2912.7341,
  "water_adjacent_to_land": 618.4761,
  "water_islands": 0
}