{
  "fail": {
    "num_connected": 1.31269407580883,
    "turns": 1.3819718397221188,
    "maj": 1.2947647259883788,
    "any": 1.343728493619364,
    "maj_on_water": 1.2630056386369208,
    "any_on_water": 1.3237808137173155,
    "maj_forks": 1.1841526894158474,
    "any_forks": 1.1914788273615635,
    "land": 1.2067184092045684,
  },
  "good": {
    "length_avg": 1.0236417748677804,
    "num_connected_per_shore": 1.0083680516746079,
    "num_connected_per_land": 1.087821372240533,
    "any_per_land": 1.1135394002193966,
    "turns_per_connected": 1.0527752544861637,
    "any_forks_per_connected": 0.9076591791788534,
  }
}