{
  "fail": {
    "num_connected": 1.31626767282505,
    "turns": 1.381984245130877,
    "maj": 1.296567733849835,
    "any": 1.345450183848831,
    "maj_on_water": 1.2704911334477405,
    "any_on_water": 1.3273170418831377,
    "maj_forks": 1.1933487565066512,
    "any_forks": 1.1966384364820848,
    "land": 1.2117010139398972,
  },
  "good": {
    "length_avg": 1.0221706508685693,
    "num_connected_per_shore": 1.0094886239213867,
    "num_connected_per_land": 1.0862974097423146,
    "any_per_land": 1.1103813303531356,
    "turns_per_connected": 1.0499264501154115,
    "any_forks_per_connected": 0.9091148109060619,
  }
}