{
  "any": 170.7131,
  "any_crosses": 0.0091,
  "any_crosses_per_connected": 0.0003008085469294389,
  "any_forks": 4.5488,
  "any_forks_per_connected": 0.1503646064035859,
  "any_islands": 0,
  "any_on_water": 30.9514,
  "any_per_land": 0.19131087200021069,
  "any_stddev": 28.708162400091034,
  "ends": 34.668,
  "land": 892.3335,
  "land_islands": 0,
  "length_avg": 5.6430724783318675,
  "maj": 45.4254,
  "maj_crosses": 0.0031,
  "maj_forks": 2.0343,
  "maj_on_water": 7.7873,
  "min": 125.2877,
  "min_crosses": 0.006,
  "min_forks": 2.5145,
  "min_on_water": 23.1641,
  "num_connected": 30.2518,
  "num_connected_per_land": 0.03390189878559978,
  "num_connected_per_shore": 0.04903225806451613,
  "num_connected_stddev": 4.707674241066392,
  "num_with_water": 30.2518,
  "num_without_water": 0,
  "savs": 10000,
  "starts": 30.9514,
  "tiles": 3808,
  "turns": 44.5793,
  "turns_per_connected": 1.4736081819924765,
  "water": 2915.6665,
  "water_adjacent_to_land": 616.9775,
  "water_islands": 0
}