{
  "any": 134.6057,
  "any_crosses": 0.0047,
  "any_crosses_per_connected": 0.000195755031320805,
  "any_forks": 3.0966,
  "any_forks_per_connected": 0.1289734106357457,
  "any_islands": 0,
  "any_on_water": 24.4368,
  "any_per_land": 0.1506712984002654,
  "any_stddev": 23.293622035012024,
  "ends": 27.026,
  "land": 893.3732,
  "land_islands": 0,
  "length_avg": 5.606328302012528,
  "maj": 23.9625,
  "maj_crosses": 0.0012,
  "maj_forks": 0.9482,
  "maj_on_water": 4.3907,
  "min": 110.6432,
  "min_crosses": 0.0035,
  "min_forks": 2.1484,
  "min_on_water": 20.0461,
  "num_connected": 24.0096,
  "num_connected_per_land": 0.02687521855367947,
  "num_connected_per_shore": 0.03890055258823411,
  "num_connected_stddev": 3.722782271366416,
  "num_with_water": 24.0096,
  "num_without_water": 0,
  "savs": 10000,
  "starts": 24.4368,
  "tiles": 3808,
  "turns": 34.6715,
  "turns_per_connected": 1.444068206050913,
  "water": 2914.6268,
  "water_adjacent_to_land": 617.2046,
  "water_islands": 0
}