{
  "any": 134.2575,
  "any_crosses": 0.006,
  "any_crosses_per_connected": 0.00025036198169853913,
  "any_forks": 3.0821,
  "any_forks_per_connected": 0.12860677729884457,
  "any_islands": 0,
  "any_on_water": 24.3889,
  "any_per_land": 0.15062559138979098,
  "any_stddev": 23.40435416220674,
  "ends": 26.9724,
  "land": 891.3326,
  "land_islands": 0,
  "length_avg": 5.602162292981936,
  "maj": 23.8931,
  "maj_crosses": 0.0018,
  "maj_forks": 0.9361,
  "maj_on_water": 4.3851,
  "min": 110.3644,
  "min_crosses": 0.0042,
  "min_forks": 2.146,
  "min_on_water": 20.0038,
  "num_connected": 23.9653,
  "num_connected_per_land": 0.02688704530721753,
  "num_connected_per_shore": 0.038837077057533094,
  "num_connected_stddev": 3.785537730626921,
  "num_with_water": 23.9653,
  "num_without_water": 0,
  "savs": 10000,
  "starts": 24.3889,
  "tiles": 3808,
  "turns": 34.6844,
  "turns_per_connected": 1.4472758530041352,
  "water": 2916.6674,
  "water_adjacent_to_land": 617.0727,
  "water_islands": 0
}