{
  "any": 134.7712,
  "any_crosses": 0.0053,
  "any_crosses_per_connected": 0.00022031833921541728,
  "any_forks": 3.0614,
  "any_forks_per_connected": 0.12726086107058085,
  "any_islands": 0,
  "any_on_water": 24.482,
  "any_per_land": 0.15096552892968668,
  "any_stddev": 23.464288835590178,
  "ends": 27.0405,
  "land": 892.7283,
  "land_islands": 0,
  "length_avg": 5.602371124163933,
  "maj": 23.8264,
  "maj_crosses": 0.0015,
  "maj_forks": 0.9411,
  "maj_on_water": 4.3693,
  "min": 110.9448,
  "min_crosses": 0.0038,
  "min_forks": 2.1203,
  "min_on_water": 20.1127,
  "num_connected": 24.0561,
  "num_connected_per_land": 0.026946720519557855,
  "num_connected_per_shore": 0.03888069449656854,
  "num_connected_stddev": 3.791220488180556,
  "num_with_water": 24.0561,
  "num_without_water": 0,
  "savs": 10000,
  "starts": 24.482,
  "tiles": 3808,
  "turns": 34.8365,
  "turns_per_connected": 1.4481358158637518,
  "water": 2915.2717,
  "water_adjacent_to_land": 618.7158,
  "water_islands": 0
}