{
  "fail": {
    "num_connected": 1.191543424317618,
    "turns": 1.2114430468204054,
    "any": 1.221689054274823,
    "any_on_water": 1.2020068863748157,
    "maj_forks": 0.7525396825396826,
    "land": 1.2027426694310563,
  },
  "good": {
    "length_avg": 1.0252996486254509,
    "num_connected_per_shore": 0.9191534537361856,
    "num_connected_per_land": 0.9906885775336035,
    "any_per_land": 1.0157526504424623,
    "turns_per_connected": 1.0167007111085526,
    "any_forks_per_connected": 0.8750216243468825,
    "maj": 1.0523715415019763,
    "maj_on_water": 1.105969773299748,
    "any_forks": 1.0426262626262626,
  }
}