{
  "fail": {
    "num_connected": 1.1938511166253103,
    "turns": 1.217208245981831,
    "any": 1.223191141768016,
    "any_on_water": 1.2042302016724054,
    "maj_forks": 0.746904761904762,
    "land": 1.2018744446538678,
  },
  "good": {
    "length_avg": 1.0245759498266744,
    "num_connected_per_shore": 0.9186842410303347,
    "num_connected_per_land": 0.9933243209685985,
    "any_per_land": 1.017736209642349,
    "turns_per_connected": 1.0195645244463831,
    "any_forks_per_connected": 0.8634028116404613,
    "maj": 1.0463943785682916,
    "maj_on_water": 1.1005793450881611,
    "any_forks": 1.0307744107744106,
  }
}