{
  "fail": {
    "num_connected": 1.1893449131513647,
    "turns": 1.2118937805730257,
    "any": 1.2185287711018333,
    "any_on_water": 1.199650762420069,
    "maj_forks": 0.742936507936508,
    "land": 1.1999954226015779,
  },
  "good": {
    "length_avg": 1.0245377582463764,
    "num_connected_per_shore": 0.9176536356259096,
    "num_connected_per_land": 0.9911245416027351,
    "any_per_land": 1.0154445159966445,
    "turns_per_connected": 1.0189590649208318,
    "any_forks_per_connected": 0.8725341961520819,
    "maj": 1.0493236714975847,
    "maj_on_water": 1.10455919395466,
    "any_forks": 1.0377441077441076,
  }
}