{
  "any": 176.9059,
  "any_crosses": 0.0118,
  "any_crosses_per_connected": 0.0004173593180773176,
  "any_forks": 5.612,
  "any_forks_per_connected": 0.1984932621228734,
  "any_islands": 0,
  "any_on_water": 29.0271,
  "any_per_land": 0.15688888628746406,
  "any_stddev": 57.38457846137756,
  "ends": 33.7421,
  "land": 1127.5872,
  "land_islands": 0,
  "length_avg": 6.257061507445266,
  "maj": 43.3737,
  "maj_crosses": 0.0045,
  "maj_forks": 2.4965,
  "maj_on_water": 7.206,
  "min": 133.5322,
  "min_crosses": 0.0073,
  "min_forks": 3.1155,
  "min_on_water": 21.8211,
  "num_connected": 28.273,
  "num_connected_per_land": 0.025073892289660612,
  "num_connected_per_shore": 0.05564835858697691,
  "num_connected_stddev": 8.890347068590742,
  "num_with_water": 28.273,
  "num_without_water": 0,
  "savs": 10000,
  "starts": 29.0271,
  "tiles": 3808,
  "turns": 44.8792,
  "turns_per_connected": 1.5873518904962332,
  "water": 2680.4128,
  "water_adjacent_to_land": 508.0653,
  "water_islands": 0
}