{
  "any": 176.5085,
  "any_crosses": 0.0116,
  "any_crosses_per_connected": 0.0004105075784653387,
  "any_forks": 5.6709,
  "any_forks_per_connected": 0.2006851229930249,
  "any_islands": 0,
  "any_on_water": 29.0002,
  "any_per_land": 0.15666225873731685,
  "any_stddev": 56.979499188304565,
  "ends": 33.7825,
  "land": 1126.6817,
  "land_islands": 0,
  "length_avg": 6.24638594082321,
  "maj": 43.3423,
  "maj_crosses": 0.0054,
  "maj_forks": 2.485,
  "maj_on_water": 7.1869,
  "min": 133.1662,
  "min_crosses": 0.0062,
  "min_forks": 3.1859,
  "min_on_water": 21.8133,
  "num_connected": 28.2577,
  "num_connected_per_land": 0.02508046416303735,
  "num_connected_per_shore": 0.05559605255572797,
  "num_connected_stddev": 8.849570086168027,
  "num_with_water": 28.2577,
  "num_without_water": 0,
  "savs": 10000,
  "starts": 29.0002,
  "tiles": 3808,
  "turns": 44.6028,
  "turns_per_connected": 1.5784299500667074,
  "water": 2681.3183,
  "water_adjacent_to_land": 508.2681,
  "water_islands": 0
}