{
  "fail": {
    "maj": 0.8902565894979235,
    "any": 1.051030526726911,
    "maj_on_water": 0.9383470426948688,
    "any_forks": 1.0581716937354988,
  },
  "good": {
    "length_avg": 1.0403422201908357,
    "num_connected_per_shore": 1.0117057107644927,
    "num_connected_per_land": 0.9909375653498929,
    "any_per_land": 1.030914186806621,
    "turns_per_connected": 1.0216589196424175,
    "any_forks_per_connected": 1.0474107661098453,
    "num_connected": 1.0102738371361275,
    "turns": 1.032155276991508,
    "any_on_water": 1.029585059277246,
    "maj_forks": 1.0314739413680782,
    "land": 1.0195131080528002,
  }
}