{
  "fail": {
    "maj": 0.8917656976026975,
    "any": 1.054860454785323,
    "maj_on_water": 0.9408538973756366,
  },
  "good": {
    "length_avg": 1.037530044809455,
    "num_connected_per_shore": 1.0123654813548042,
    "num_connected_per_land": 0.9924752130626487,
    "any_per_land": 1.0297228522811757,
    "turns_per_connected": 1.0199728507160526,
    "any_forks_per_connected": 1.0245568222262365,
    "num_connected": 1.0167035259003543,
    "turns": 1.0370099936456587,
    "any_on_water": 1.0365340665619196,
    "maj_forks": 1.0164902280130295,
    "any_forks": 1.0416705336426915,
    "land": 1.0244120079966095,
  }
}