{
  "fail": {
    "maj": 0.8911201118467043,
    "any": 1.0524908246897091,
    "maj_on_water": 0.9383600992296645,
    "any_forks": 1.0526032482598606,
  },
  "good": {
    "length_avg": 1.0357598494705458,
    "num_connected_per_shore": 1.0114139201255483,
    "num_connected_per_land": 0.9927353410617026,
    "any_per_land": 1.028235407422172,
    "turns_per_connected": 1.0142399460788978,
    "any_forks_per_connected": 1.0358704858935417,
    "num_connected": 1.0161533344121403,
    "turns": 1.0306233031020737,
    "any_on_water": 1.0355734895014996,
    "maj_forks": 1.0118078175895766,
    "land": 1.0235893620201024,
  }
}