{
  "any": 176.2636,
  "any_crosses": 0.0119,
  "any_crosses_per_connected": 0.00042357497277018035,
  "any_forks": 5.7009,
  "any_forks_per_connected": 0.2029208875853379,
  "any_islands": 0,
  "any_on_water": 28.8325,
  "any_per_land": 0.15707039837732287,
  "any_stddev": 56.5533864153156,
  "ends": 33.662,
  "land": 1122.1949,
  "land_islands": 0,
  "length_avg": 6.274020972300333,
  "maj": 43.3003,
  "maj_crosses": 0.0045,
  "maj_forks": 2.5333,
  "maj_on_water": 7.1868,
  "min": 132.9633,
  "min_crosses": 0.0074,
  "min_forks": 3.1676,
  "min_on_water": 21.6457,
  "num_connected": 28.0942,
  "num_connected_per_land": 0.0250350451601589,
  "num_connected_per_shore": 0.05561209189172604,
  "num_connected_stddev": 8.771859914522114,
  "num_with_water": 28.0942,
  "num_without_water": 0,
  "savs": 10000,
  "starts": 28.8325,
  "tiles": 3808,
  "turns": 44.6691,
  "turns_per_connected": 1.5899758669049127,
  "water": 2685.8051,
  "water_adjacent_to_land": 505.1815,
  "water_islands": 0
}