density,frequency
0.250000,0.000500
0.260000,0.000500
0.270000,0.002000
0.280000,0.006500
0.290000,0.025000
0.300000,0.056500
0.310000,0.103000
0.320000,0.176000
0.330000,0.220500
0.340000,0.177500
0.350000,0.137000
0.360000,0.068000
0.370000,0.022000
0.380000,0.004000
0.390000,0.001000
