density,frequency
0.220000,0.100000
0.230000,0.150000
0.240000,0.300000
0.250000,1.250000
0.260000,4.000000
0.270000,12.350000
0.280000,20.600000
0.290000,22.450000
0.300000,19.400000
0.310000,13.200000
0.320000,4.600000
0.330000,1.500000
0.340000,0.100000
