density,frequency
0.210000,0.200000
0.220000,1.300000
0.230000,7.150000
0.240000,19.550000
0.250000,32.250000
0.260000,26.050000
0.270000,11.450000
0.280000,2.000000
0.290000,0.050000
