density,frequency
0.200000,0.001000
0.210000,0.005500
0.220000,0.042500
0.230000,0.166000
0.240000,0.292000
0.250000,0.313500
0.260000,0.146500
0.270000,0.030000
0.280000,0.003000
