density,frequency
0.220000,0.000500
0.230000,0.003000
0.240000,0.011500
0.250000,0.036500
0.260000,0.094500
0.270000,0.194000
0.280000,0.214500
0.290000,0.206000
0.300000,0.144000
0.310000,0.068000
0.320000,0.023000
0.330000,0.002500
0.340000,0.002000
