density,frequency
0.170000,0.050000
0.190000,0.450000
0.200000,2.100000
0.210000,7.800000
0.220000,19.200000
0.230000,23.200000
0.240000,22.650000
0.250000,16.050000
0.260000,6.600000
0.270000,1.600000
0.280000,0.250000
0.290000,0.050000
