density,frequency
0.170000,0.000500
0.180000,0.001500
0.190000,0.010500
0.200000,0.055000
0.210000,0.153500
0.220000,0.231000
0.230000,0.238500
0.240000,0.187000
0.250000,0.091500
0.260000,0.027000
0.270000,0.003500
0.280000,0.000500
