density,frequency
0.150000,0.001500
0.160000,0.029500
0.170000,0.157500
0.180000,0.366500
0.190000,0.319000
0.200000,0.115000
0.210000,0.010500
0.220000,0.000500
