density,frequency
0.160000,0.950000
0.170000,6.950000
0.180000,26.800000
0.190000,37.450000
0.200000,22.050000
0.210000,5.550000
0.220000,0.250000
