density,frequency
0.170000,0.000500
0.180000,0.001500
0.190000,0.014500
0.200000,0.060500
0.210000,0.139000
0.220000,0.210000
0.230000,0.224500
0.240000,0.193500
0.250000,0.101000
0.260000,0.046500
0.270000,0.008000
0.290000,0.000500
