density,frequency
0.130000,0.009000
0.140000,0.051000
0.150000,0.178500
0.160000,0.229500
0.170000,0.243500
0.180000,0.182500
0.190000,0.086500
0.200000,0.018500
0.210000,0.001000
