density,frequency
0.130000,0.100000
0.140000,3.000000
0.150000,10.600000
0.160000,21.900000
0.170000,24.100000
0.180000,22.050000
0.190000,12.650000
0.200000,4.900000
0.210000,0.700000
