density,frequency
0.100000,1.950000
0.110000,21.800000
0.120000,47.250000
0.130000,23.750000
0.140000,4.700000
0.150000,0.550000
