density,frequency
0.090000,0.001000
0.100000,0.066500
0.110000,0.342000
0.120000,0.427000
0.130000,0.143500
0.140000,0.019000
0.150000,0.001000
