{
  "savs": 2000,
  "tiles": 3808.0,
  "land": 1321.297,
  "water": 2486.703,
  "water_adjacent_to_land": 533.605,
  "maj": 75.339,
  "min": 162.0005,
  "any": 237.3395,
  "any_per_land": 0.17962615520962,
  "maj_on_water": 11.222,
  "min_on_water": 25.687,
  "any_on_water": 36.909,
  "maj_forks": 4.3955,
  "min_forks": 4.5995,
  "any_forks": 8.995,
  "any_forks_per_connected": 0.24537617982432,
  "maj_crosses": 0.0775,
  "min_crosses": 0.063,
  "any_crosses": 0.1405,
  "any_crosses_per_connected": 0.0038327240984233,
  "num_connected": 36.658,
  "num_connected_per_shore": 0.068698756570872,
  "num_connected_per_land": 0.027743951586963,
  "num_with_water": 36.136,
  "num_without_water": 0.522,
  "length_avg": 6.4744257733646,
  "starts": 36.909,
  "ends": 42.136,
  "turns": 61.654,
  "turns_per_connected": 1.6818702602433,
  "land_islands": 0.179,
  "water_islands": 0.2565,
  "any_islands": 0.4355,
  "with_hills": 0.0,
  "biome_density": {
    "savannah": 1.1512464672747,
    "grassland": 0.96431280334712,
    "tundra": 1.2035018175957,
    "plains": 1.0437196843114,
    "prairie": 0.96870878164489,
    "desert": 1.1408898902977,
    "swamp": 0.73446218986089,
    "marsh": 0.73338829281724,
    "arctic": 0
  }
}