{
  "savs": 2000,
  "tiles": 3808.0,
  "land": 1318.2685,
  "water": 2489.7315,
  "water_adjacent_to_land": 530.5365,
  "maj": 52.5955,
  "min": 151.941,
  "any": 204.5365,
  "any_per_land": 0.15515541788338,
  "maj_on_water": 8.2205,
  "min_on_water": 24.0605,
  "any_on_water": 32.281,
  "maj_forks": 2.822,
  "min_forks": 4.109,
  "any_forks": 6.931,
  "any_forks_per_connected": 0.21523842057047,
  "maj_crosses": 0.042,
  "min_crosses": 0.0565,
  "any_crosses": 0.0985,
  "any_crosses_per_connected": 0.0030588637175287,
  "num_connected": 32.2015,
  "num_connected_per_shore": 0.06069610667692,
  "num_connected_per_land": 0.024427117844354,
  "num_with_water": 31.7435,
  "num_without_water": 0.458,
  "length_avg": 6.3517693275158,
  "starts": 32.281,
  "ends": 36.238,
  "turns": 53.624,
  "turns_per_connected": 1.665264040495,
  "land_islands": 0.159,
  "water_islands": 0.24,
  "any_islands": 0.399,
  "with_hills": 0.0,
  "biome_density": {
    "savannah": 1.1489749585993,
    "grassland": 0.92641624822386,
    "tundra": 1.3012980649313,
    "plains": 1.02848597304,
    "prairie": 0.92457958168184,
    "desert": 1.1513836151158,
    "swamp": 0.70402599353771,
    "marsh": 0.67013874582121,
    "arctic": 0
  }
}