{
  "savs": 2000,
  "length_avg": 6.4531709308655,
  "any": 237.0895,
  "any_stddev": 14.227631206564,
  "num_connected": 36.74,
  "num_connected_stddev": 3.0050623953589,
  "num_connected_per_shore": 0.068768015572942,
  "num_connected_per_land": 0.027844091277691,
  "land": 1319.49,
  "water_adjacent_to_land": 534.26,
  "maj": 75.5345,
  "min": 161.555,
  "any_per_land": 0.17968268042956,
  "maj_on_water": 11.1845,
  "min_on_water": 25.786,
  "any_on_water": 36.9705,
  "turns": 61.438,
  "turns_per_connected": 1.6722373434948,
  "tiles": 3808.0,
  "water": 2488.51,
  "maj_forks": 4.379,
  "min_forks": 4.643,
  "any_forks": 9.022,
  "any_forks_per_connected": 0.24556341861731,
  "maj_crosses": 0.0845,
  "min_crosses": 0.0645,
  "any_crosses": 0.149,
  "any_crosses_per_connected": 0.0040555253130103,
  "num_with_water": 36.2175,
  "num_without_water": 0.5225,
  "starts": 36.9705,
  "ends": 42.35,
  "land_islands": 0.162,
  "water_islands": 0.255,
  "any_islands": 0.417,
  "with_hills": 0.0,
  "biome_density": {
    "savannah": 1.1509422102732,
    "grassland": 0.95936898129075,
    "tundra": 1.2035872141123,
    "plains": 1.0403863592378,
    "prairie": 0.95708003830766,
    "desert": 1.1421990905438,
    "swamp": 0.74227767298039,
    "marsh": 0.73410878671062,
    "arctic": 0
  }
}