{
  "savs": 2000,
  "tiles": 3808.0,
  "land": 1315.7905,
  "water": 2492.2095,
  "water_adjacent_to_land": 528.9945,
  "maj": 52.392,
  "min": 151.9665,
  "any": 204.3585,
  "any_per_land": 0.15531233885638,
  "maj_on_water": 8.185,
  "min_on_water": 24.115,
  "any_on_water": 32.3,
  "maj_forks": 2.859,
  "min_forks": 4.2355,
  "any_forks": 7.0945,
  "num_connected": 32.214,
  "num_connected_per_shore": 0.060896663386859,
  "num_connected_per_land": 0.024482620903556,
  "num_with_water": 31.723,
  "num_without_water": 0.491,
  "starts": 32.3,
  "ends": 36.172,
  "land_islands": 0.173,
  "water_islands": 0.246,
  "any_islands": 0.419,
  "with_hills": 0.0,
  "biome_density": {
    "savannah": 1.1534334600544,
    "grassland": 0.91782840258813,
    "tundra": 1.2852303695199,
    "plains": 1.0154905411143,
    "prairie": 0.91592598587979,
    "desert": 1.1512696216342,
    "swamp": 0.70828524515864,
    "marsh": 0.6566542103156,
    "arctic": 0
  }
}