{
  "savs": 2000,
  "length_avg": 6.2303508345638,
  "any": 166.665,
  "any_stddev": 9.9264684052287,
  "num_connected": 26.7505,
  "num_connected_stddev": 2.0983921821242,
  "num_connected_per_shore": 0.050227097341112,
  "num_connected_per_land": 0.020326749236051,
  "land": 1316.0245,
  "water_adjacent_to_land": 532.591,
  "maj": 29.433,
  "min": 137.232,
  "any_per_land": 0.1266427790668,
  "maj_on_water": 4.917,
  "min_on_water": 21.858,
  "any_on_water": 26.775,
  "turns": 43.9065,
  "turns_per_connected": 1.6413338068447,
  "tiles": 3808.0,
  "water": 2491.9755,
  "maj_forks": 1.436,
  "min_forks": 3.513,
  "any_forks": 4.949,
  "any_forks_per_connected": 0.18500588774042,
  "maj_crosses": 0.0285,
  "min_crosses": 0.0435,
  "any_crosses": 0.072,
  "any_crosses_per_connected": 0.0026915384759163,
  "num_with_water": 26.407,
  "num_without_water": 0.3435,
  "starts": 26.775,
  "ends": 29.4325,
  "land_islands": 0.1135,
  "water_islands": 0.1865,
  "any_islands": 0.3,
  "with_hills": 0.0,
  "biome_density": {
    "savannah": 1.1228464125343,
    "grassland": 0.90816030503216,
    "tundra": 1.3059279371664,
    "plains": 0.98024962283246,
    "prairie": 0.87739910034285,
    "desert": 1.1503665760459,
    "swamp": 0.71375988625047,
    "marsh": 0.63313295074355,
    "arctic": 0
  }
}