{
  "savs": 2000,
  "length_avg": 6.3293286767559,
  "any": 203.8835,
  "any_stddev": 10.77362184922,
  "num_connected": 32.2125,
  "num_connected_stddev": 2.511044354447,
  "num_connected_per_shore": 0.060659957742819,
  "num_connected_per_land": 0.024425540110585,
  "land": 1318.804,
  "water_adjacent_to_land": 531.034,
  "maj": 52.392,
  "min": 151.4915,
  "any_per_land": 0.15459727146718,
  "maj_on_water": 8.1905,
  "min_on_water": 24.1,
  "any_on_water": 32.2905,
  "turns": 53.4425,
  "turns_per_connected": 1.6590609235545,
  "tiles": 3808.0,
  "water": 2489.196,
  "maj_forks": 2.741,
  "min_forks": 4.127,
  "any_forks": 6.868,
  "any_forks_per_connected": 0.21320915793558,
  "maj_crosses": 0.0455,
  "min_crosses": 0.0585,
  "any_crosses": 0.104,
  "any_crosses_per_connected": 0.0032285603414823,
  "num_with_water": 31.762,
  "num_without_water": 0.4505,
  "starts": 32.2905,
  "ends": 36.1375,
  "land_islands": 0.1665,
  "water_islands": 0.243,
  "any_islands": 0.4095,
  "with_hills": 0.0,
  "biome_density": {
    "savannah": 1.1605470622552,
    "grassland": 0.91253995431016,
    "tundra": 1.2872811508675,
    "plains": 1.0020537255152,
    "prairie": 0.89958873161981,
    "desert": 1.1521278945316,
    "swamp": 0.70629671144975,
    "marsh": 0.6507190902383,
    "arctic": 0
  }
}