{
  "savs": 2000,
  "tiles": 3808.0,
  "land": 1320.097,
  "water": 2487.903,
  "water_adjacent_to_land": 531.613,
  "maj": 29.1675,
  "min": 137.16,
  "any": 166.3275,
  "any_per_land": 0.12599642299013,
  "maj_on_water": 4.944,
  "min_on_water": 21.8505,
  "any_on_water": 26.7945,
  "maj_forks": 1.445,
  "min_forks": 3.342,
  "any_forks": 4.787,
  "any_forks_per_connected": 0.17877616566766,
  "num_connected": 26.7765,
  "num_connected_per_shore": 0.05036840709313,
  "num_connected_per_land": 0.020283736725407,
  "num_with_water": 26.424,
  "num_without_water": 0.3525,
  "length_avg": 6.2116968237074,
  "starts": 26.7945,
  "ends": 29.4115,
  "turns": 43.8295,
  "turns_per_connected": 1.636864414692,
  "land_islands": 0.1125,
  "water_islands": 0.1845,
  "any_islands": 0.297,
  "with_hills": 0.0,
  "biome_density": {
    "savannah": 1.1341766882391,
    "grassland": 0.89795405450023,
    "tundra": 1.3024419151414,
    "plains": 0.96219730321506,
    "prairie": 0.8633456250636,
    "desert": 1.1378479115842,
    "swamp": 0.71872276506666,
    "marsh": 0.6300678755218,
    "arctic": 0
  }
}