{
  "savs": 2000,
  "length_avg": 6.2116968237074,
  "any": 166.3275,
  "any_stddev": 9.8809535850545,
  "num_connected": 26.7765,
  "num_connected_stddev": 2.036798406814,
  "num_connected_per_shore": 0.050129036425059,
  "num_connected_per_land": 0.020283736725407,
  "land": 1320.097,
  "water_adjacent_to_land": 534.1515,
  "maj": 29.1675,
  "min": 137.16,
  "any_per_land": 0.12599642299013,
  "maj_on_water": 4.944,
  "min_on_water": 21.8505,
  "any_on_water": 26.7945,
  "turns": 43.8295,
  "turns_per_connected": 1.636864414692,
  "tiles": 3808.0,
  "water": 2487.903,
  "maj_forks": 1.4205,
  "min_forks": 3.302,
  "any_forks": 4.7225,
  "any_forks_per_connected": 0.17636733703061,
  "maj_crosses": 0.0245,
  "min_crosses": 0.04,
  "any_crosses": 0.0645,
  "any_crosses_per_connected": 0.0024088286370511,
  "num_with_water": 26.424,
  "num_without_water": 0.3525,
  "starts": 26.7945,
  "ends": 29.4115,
  "land_islands": 0.1125,
  "water_islands": 0.1845,
  "any_islands": 0.297,
  "with_hills": 0.0,
  "biome_density": {
    "savannah": 0.13510229154426,
    "grassland": 0.10141156327899,
    "tundra": 0.12535113779349,
    "plains": 0.097182994221184,
    "prairie": 0.092019661275141,
    "desert": 0.12803721626426,
    "swamp": 0.085545003474466,
    "marsh": 0.071400047919495,
    "arctic": 0.0
  },
  "biome_density_normalized": {
    "savannah": 1.1341766882391,
    "grassland": 0.89795405450023,
    "tundra": 1.3024419151414,
    "plains": 0.96219730321506,
    "prairie": 0.8633456250636,
    "desert": 1.1378479115842,
    "swamp": 0.71872276506666,
    "marsh": 0.6300678755218,
    "arctic": 0
  }
}