{
  "savs": 2000,
  "length_avg": 5.8350607604861,
  "any": 186.0655,
  "any_stddev": 13.092448577329,
  "num_connected": 31.8875,
  "num_connected_stddev": 2.8493584804303,
  "num_connected_per_shore": 0.058825048632704,
  "num_connected_per_land": 0.028380405571682,
  "land": 1123.5745,
  "water_adjacent_to_land": 542.0735,
  "maj": 49.9455,
  "min": 136.12,
  "any_per_land": 0.165601390918,
  "maj_on_water": 8.306,
  "min_on_water": 23.9075,
  "any_on_water": 32.2135,
  "turns": 47.909,
  "turns_per_connected": 1.5024382595061,
  "tiles": 3808.0,
  "water": 2684.4255,
  "maj_forks": 2.5325,
  "min_forks": 3.145,
  "any_forks": 5.6775,
  "any_forks_per_connected": 0.1780478243826,
  "maj_crosses": 0.0445,
  "min_crosses": 0.04,
  "any_crosses": 0.0845,
  "any_crosses_per_connected": 0.0026499411995296,
  "num_with_water": 31.551,
  "num_without_water": 0.3365,
  "starts": 32.2135,
  "ends": 35.3545,
  "land_islands": 0.1285,
  "water_islands": 0.212,
  "any_islands": 0.3405,
  "with_hills": 0.0,
  "biome_density": {
    "savannah": 1.1896638222793,
    "grassland": 0.88655061382457,
    "tundra": 1.4019608628629,
    "plains": 1.0454517222793,
    "prairie": 0.90558736198116,
    "desert": 1.1975757658825,
    "swamp": 0.69464014553444,
    "marsh": 0.63657924262888,
    "arctic": 0
  }
}