{
  "savs": 100,
  "tiles": 3808.0,
  "land": 972.22,
  "water": 2835.78,
  "water_adjacent_to_land": 541.08,
  "maj": 45.24,
  "min": 120.85,
  "any": 166.09,
  "maj_on_water": 7.5,
  "min_on_water": 21.86,
  "any_on_water": 29.36,
  "maj_forks": 2.23,
  "min_forks": 2.94,
  "any_forks": 5.17,
  "num_connected": 28.97,
  "num_connected_per_shore": 0.053541066016116,
  "num_with_water": 28.71,
  "num_without_water": 0.26,
  "starts": 29.36,
  "ends": 32.08,
  "land_islands": 0.11,
  "water_islands": 0.16,
  "any_islands": 0.27,
  "with_hills": 0.0,
  "biome_density": {
    "savannah": 0.1776467059882,
    "grassland": 0.12637292464879,
    "tundra": 0.17951766304348,
    "plains": 0.14556990106038,
    "prairie": 0.12552979306906,
    "desert": 0.19221187885145,
    "swamp": 0.10435976656368,
    "marsh": 0.08951359348992
  }
}