{
  "savs": 100,
  "length_avg": 6.314990512334,
  "any": 199.68,
  "any_stddev": 11.499460856927,
  "num_connected": 31.62,
  "num_connected_stddev": 2.2925095419649,
  "num_connected_per_shore": 0.062694557351046,
  "num_connected_per_land": 0.028016763984016,
  "land": 1128.61,
  "water_adjacent_to_land": 504.35,
  "maj": 61.93,
  "min": 137.75,
  "any_per_land": 0.17692559874536,
  "maj_on_water": 9.83,
  "min_on_water": 21.98,
  "any_on_water": 31.81,
  "turns": 52.14,
  "turns_per_connected": 1.6489563567362,
  "tiles": 3808.0,
  "water": 2679.39,
  "maj_forks": 3.36,
  "min_forks": 3.82,
  "any_forks": 7.18,
  "any_forks_per_connected": 0.22707147375079,
  "maj_crosses": 0.05,
  "min_crosses": 0.04,
  "any_crosses": 0.09,
  "any_crosses_per_connected": 0.0028462998102467,
  "num_with_water": 31.14,
  "num_without_water": 0.48,
  "starts": 31.81,
  "ends": 35.63,
  "land_islands": 0.18,
  "water_islands": 0.31,
  "any_islands": 0.49,
  "with_hills": 0.0,
  "biome_density": {
    "savannah": 0.18193465727098,
    "grassland": 0.14454060926116,
    "tundra": 0.16371180686533,
    "plains": 0.15449956912471,
    "prairie": 0.13931703428116,
    "desert": 0.18764389869532,
    "swamp": 0.11886619932947,
    "marsh": 0.10990424467629,
    "arctic": 0.0
  },
  "biome_density_normalized": {
    "savannah": 1.1654309603141,
    "grassland": 0.94176571522329,
    "tundra": 1.2990439951622,
    "plains": 1.0716973490945,
    "prairie": 0.94775054045142,
    "desert": 1.1961848966362,
    "swamp": 0.75865962678965,
    "marsh": 0.71113968842532,
    "arctic": 0
  }
}