{
  "savs": 2000,
  "length_avg": 6.1800392867936,
  "any": 163.598,
  "any_stddev": 9.5011260385281,
  "num_connected": 26.472,
  "num_connected_stddev": 2.1631495556249,
  "num_connected_per_shore": 0.052684056863436,
  "num_connected_per_land": 0.023486022347742,
  "land": 1127.1385,
  "water_adjacent_to_land": 502.467,
  "maj": 41.908,
  "min": 121.69,
  "any_per_land": 0.14514454079956,
  "maj_on_water": 6.6445,
  "min_on_water": 19.903,
  "any_on_water": 26.5475,
  "turns": 42.562,
  "turns_per_connected": 1.607812027803,
  "tiles": 3808.0,
  "water": 2680.8615,
  "maj_forks": 2.0935,
  "min_forks": 3.002,
  "any_forks": 5.0955,
  "any_forks_per_connected": 0.19248640072529,
  "maj_crosses": 0.033,
  "min_crosses": 0.0415,
  "any_crosses": 0.0745,
  "any_crosses_per_connected": 0.0028142943487458,
  "num_with_water": 26.138,
  "num_without_water": 0.334,
  "starts": 26.5475,
  "ends": 29.2775,
  "land_islands": 0.115,
  "water_islands": 0.168,
  "any_islands": 0.283,
  "with_hills": 0.0,
  "biome_density": {
    "savannah": 1.1676998585623,
    "grassland": 0.91171423634887,
    "tundra": 1.3403540111269,
    "plains": 1.0344052053457,
    "prairie": 0.90890486754361,
    "desert": 1.1796000277412,
    "swamp": 0.69298340900926,
    "marsh": 0.65319969971158,
    "arctic": 0
  }
}