{
  "savs": 100,
  "length_avg": 6.0282702443699,
  "any": 125.81,
  "any_stddev": 8.4825644707247,
  "num_connected": 20.87,
  "num_connected_stddev": 1.5662375298785,
  "num_connected_per_shore": 0.041071358287086,
  "num_connected_per_land": 0.018414435081837,
  "land": 1133.35,
  "water_adjacent_to_land": 508.14,
  "maj": 22.53,
  "min": 103.28,
  "any_per_land": 0.11100719107072,
  "maj_on_water": 3.87,
  "min_on_water": 16.96,
  "any_on_water": 20.83,
  "turns": 33.02,
  "turns_per_connected": 1.5821753713464,
  "tiles": 3808.0,
  "water": 2674.65,
  "maj_forks": 0.66,
  "min_forks": 2.45,
  "any_forks": 3.11,
  "any_forks_per_connected": 0.14901772879732,
  "maj_crosses": 0.01,
  "min_crosses": 0.03,
  "any_crosses": 0.04,
  "any_crosses_per_connected": 0.001916626736943,
  "num_with_water": 20.65,
  "num_without_water": 0.22,
  "starts": 20.83,
  "ends": 22.41,
  "land_islands": 0.05,
  "water_islands": 0.11,
  "any_islands": 0.16,
  "with_hills": 0.0,
  "biome_density": {
    "savannah": 0.12822554953807,
    "grassland": 0.089146683276238,
    "tundra": 0.10635854743792,
    "plains": 0.083788535191813,
    "prairie": 0.080447616530091,
    "desert": 0.1104342699941,
    "swamp": 0.080325267750893,
    "marsh": 0.060784816619646,
    "arctic": 0.0
  },
  "biome_density_normalized": {
    "savannah": 1.153166412603,
    "grassland": 0.90536371444144,
    "tundra": 1.323016566578,
    "plains": 0.98173282945291,
    "prairie": 0.88542429886254,
    "desert": 1.1275151291054,
    "swamp": 0.73331340112693,
    "marsh": 0.61260702314205,
    "arctic": 0
  }
}