{
  "savs": 2000,
  "length_avg": 5.7452975213749,
  "any": 166.312,
  "any_stddev": 16.886256423494,
  "num_connected": 28.9475,
  "num_connected_stddev": 3.4427813973588,
  "num_connected_per_shore": 0.058645426882387,
  "num_connected_per_land": 0.031743464338977,
  "land": 911.92,
  "water_adjacent_to_land": 493.602,
  "maj": 54.5205,
  "min": 111.7915,
  "any_per_land": 0.18237564698658,
  "maj_on_water": 9.0115,
  "min_on_water": 20.344,
  "any_on_water": 29.3555,
  "turns": 42.679,
  "turns_per_connected": 1.4743587529148,
  "tiles": 3808.0,
  "water": 2896.08,
  "maj_forks": 2.7635,
  "min_forks": 2.5895,
  "any_forks": 5.353,
  "any_forks_per_connected": 0.18492097763192,
  "maj_crosses": 0.052,
  "min_crosses": 0.038,
  "any_crosses": 0.09,
  "any_crosses_per_connected": 0.0031090767769237,
  "num_with_water": 28.6705,
  "num_without_water": 0.277,
  "starts": 29.3555,
  "ends": 32.204,
  "land_islands": 0.1065,
  "water_islands": 0.174,
  "any_islands": 0.2805,
  "with_hills": 0.0,
  "biome_density": {
    "savannah": 0.19422099976358,
    "grassland": 0.14439437738828,
    "tundra": 0.16820292835112,
    "plains": 0.15996041808399,
    "prairie": 0.14195516999396,
    "desert": 0.19273068313529,
    "swamp": 0.11711047018579,
    "marsh": 0.1104479753237,
    "arctic": 0.0
  },
  "biome_density_normalized": {
    "savannah": 1.2107644613356,
    "grassland": 0.93775996454261,
    "tundra": 1.3816619758305,
    "plains": 1.1023909893255,
    "prairie": 0.96974789555952,
    "desert": 1.2281976841427,
    "swamp": 0.73087043207399,
    "marsh": 0.7109284201291,
    "arctic": 0
  }
}