{
  "savs": 100,
  "tiles": 3808.0,
  "land": 917.15,
  "water": 2890.85,
  "water_adjacent_to_land": 498.17,
  "maj": 54.42,
  "min": 111.43,
  "any": 165.85,
  "any_per_land": 0.18083192498501,
  "maj_on_water": 8.65,
  "min_on_water": 20.18,
  "any_on_water": 28.83,
  "maj_forks": 2.66,
  "min_forks": 2.54,
  "any_forks": 5.2,
  "any_forks_per_connected": 0.18143754361479,
  "maj_crosses": 0.04,
  "min_crosses": 0.03,
  "any_crosses": 0.07,
  "any_crosses_per_connected": 0.0024424284717376,
  "num_connected": 28.66,
  "num_connected_per_shore": 0.057530561856394,
  "num_connected_per_land": 0.031248977811699,
  "num_with_water": 28.36,
  "num_without_water": 0.3,
  "length_avg": 5.7868108862526,
  "starts": 28.83,
  "ends": 32.0,
  "turns": 42.13,
  "turns_per_connected": 1.4699930216329,
  "land_islands": 0.1,
  "water_islands": 0.21,
  "any_islands": 0.31,
  "with_hills": 0.0,
  "biome_density": {
    "savannah": 1.2079500687964,
    "grassland": 0.93225174432935,
    "tundra": 1.3142892623353,
    "plains": 1.1257380162102,
    "prairie": 0.96187083285797,
    "desert": 1.2279619935245,
    "swamp": 0.71557077227136,
    "marsh": 0.72394194674534,
    "arctic": 0
  }
}