{
  "savs": 2000,
  "tiles": 3808.0,
  "land": 909.709,
  "water": 2898.291,
  "water_adjacent_to_land": 491.5435,
  "maj": 39.926,
  "min": 109.6895,
  "any": 149.6155,
  "any_per_land": 0.16446523009006,
  "maj_on_water": 6.794,
  "min_on_water": 19.858,
  "any_on_water": 26.652,
  "maj_forks": 1.9615,
  "min_forks": 2.514,
  "any_forks": 4.4755,
  "any_forks_per_connected": 0.16972581440328,
  "num_connected": 26.369,
  "num_connected_per_shore": 0.053645303009805,
  "num_connected_per_land": 0.028986192287863,
  "num_with_water": 26.129,
  "num_without_water": 0.24,
  "length_avg": 5.6739163411582,
  "starts": 26.652,
  "ends": 28.875,
  "turns": 38.4475,
  "turns_per_connected": 1.4580568091319,
  "land_islands": 0.1045,
  "water_islands": 0.1675,
  "any_islands": 0.272,
  "with_hills": 0.0,
  "biome_density": {
    "savannah": 1.2109012474005,
    "grassland": 0.88485173475916,
    "tundra": 1.4750474836294,
    "plains": 1.073129908814,
    "prairie": 0.90974034633973,
    "desert": 1.2243352816584,
    "swamp": 0.6818717854511,
    "marsh": 0.63169652071699,
    "arctic": 0
  }
}