{
  "savs": 100,
  "tiles": 3808.0,
  "land": 908.23,
  "water": 2899.77,
  "water_adjacent_to_land": 494.0,
  "maj": 21.1,
  "min": 94.9,
  "any": 116.0,
  "any_per_land": 0.1277209517413,
  "maj_on_water": 3.56,
  "min_on_water": 17.49,
  "any_on_water": 21.05,
  "maj_forks": 0.82,
  "min_forks": 1.79,
  "any_forks": 2.61,
  "any_forks_per_connected": 0.12476099426386,
  "maj_crosses": 0.02,
  "min_crosses": 0.01,
  "any_crosses": 0.03,
  "any_crosses_per_connected": 0.001434034416826,
  "num_connected": 20.92,
  "num_connected_per_shore": 0.042348178137652,
  "num_connected_per_land": 0.023033813020931,
  "num_with_water": 20.79,
  "num_without_water": 0.13,
  "length_avg": 5.5449330783939,
  "starts": 21.05,
  "ends": 22.35,
  "turns": 30.12,
  "turns_per_connected": 1.4397705544933,
  "land_islands": 0.03,
  "water_islands": 0.08,
  "any_islands": 0.11,
  "with_hills": 0.0,
  "biome_density": {
    "savannah": 1.1619201354158,
    "grassland": 0.86186523591754,
    "tundra": 1.5326274170745,
    "plains": 1.0025668729831,
    "prairie": 0.8515657802212,
    "desert": 1.2025687636252,
    "swamp": 0.68989112250706,
    "marsh": 0.59205131006362,
    "arctic": 0
  }
}