{
  "savs": 2000,
  "length_avg": 5.5858731071497,
  "any": 116.566,
  "any_stddev": 7.2171077309404,
  "num_connected": 20.868,
  "num_connected_stddev": 1.7188880126407,
  "num_connected_per_shore": 0.042345865149889,
  "num_connected_per_land": 0.022915474753775,
  "land": 910.651,
  "water_adjacent_to_land": 492.799,
  "maj": 21.7365,
  "min": 94.8295,
  "any_per_land": 0.12800293416468,
  "maj_on_water": 3.8395,
  "min_on_water": 17.139,
  "any_on_water": 20.9785,
  "turns": 30.257,
  "turns_per_connected": 1.4499233275829,
  "tiles": 3808.0,
  "water": 2897.349,
  "maj_forks": 0.89,
  "min_forks": 1.924,
  "any_forks": 2.814,
  "any_forks_per_connected": 0.13484761357102,
  "maj_crosses": 0.0125,
  "min_crosses": 0.0215,
  "any_crosses": 0.034,
  "any_crosses_per_connected": 0.0016292888633314,
  "num_with_water": 20.675,
  "num_without_water": 0.193,
  "starts": 20.9785,
  "ends": 22.3755,
  "land_islands": 0.065,
  "water_islands": 0.1275,
  "any_islands": 0.1925,
  "with_hills": 0.0,
  "biome_density": {
    "savannah": 1.1824500556863,
    "grassland": 0.85538020003408,
    "tundra": 1.4579667425235,
    "plains": 1.0114734428641,
    "prairie": 0.85767750154213,
    "desert": 1.223632303934,
    "swamp": 0.68303495019462,
    "marsh": 0.58335854905219,
    "arctic": 0
  }
}