{
  "savs": 100,
  "length_avg": 5.6073458679493,
  "any": 128.24,
  "any_stddev": 13.864429306683,
  "num_connected": 22.87,
  "num_connected_stddev": 2.8936309370754,
  "num_connected_per_shore": 0.048055304574394,
  "num_connected_per_land": 0.030917103768994,
  "land": 739.72,
  "water_adjacent_to_land": 475.91,
  "maj": 43.13,
  "min": 85.11,
  "any_per_land": 0.17336289406803,
  "maj_on_water": 6.95,
  "min_on_water": 16.21,
  "any_on_water": 23.16,
  "turns": 32.53,
  "turns_per_connected": 1.4223874070835,
  "tiles": 3808.0,
  "water": 3068.28,
  "maj_forks": 2.21,
  "min_forks": 1.76,
  "any_forks": 3.97,
  "any_forks_per_connected": 0.17358985570617,
  "maj_crosses": 0.02,
  "min_crosses": 0.03,
  "any_crosses": 0.05,
  "any_crosses_per_connected": 0.0021862702229996,
  "num_with_water": 22.64,
  "num_without_water": 0.23,
  "starts": 23.16,
  "ends": 24.98,
  "land_islands": 0.1,
  "water_islands": 0.14,
  "any_islands": 0.24,
  "with_hills": 0.0,
  "biome_density": {
    "savannah": 1.2185894429921,
    "grassland": 0.91055176530732,
    "tundra": 1.4820811443319,
    "plains": 1.1890837920609,
    "prairie": 0.9877673935656,
    "desert": 1.2787521187586,
    "swamp": 0.73027383287411,
    "marsh": 0.70293399374724,
    "arctic": 0
  }
}