{
  "savs": 2000,
  "length_avg": 5.5140298378003,
  "any": 127.1425,
  "any_stddev": 14.252866159127,
  "num_connected": 23.058,
  "num_connected_stddev": 2.9845663001515,
  "num_connected_per_shore": 0.048611777256106,
  "num_connected_per_land": 0.031207937194331,
  "land": 738.8505,
  "water_adjacent_to_land": 474.3295,
  "maj": 35.108,
  "min": 92.0345,
  "any_per_land": 0.17208149686574,
  "maj_on_water": 6.1185,
  "min_on_water": 17.268,
  "any_on_water": 23.3865,
  "turns": 32.244,
  "turns_per_connected": 1.3983866770752,
  "tiles": 3808.0,
  "water": 3069.1495,
  "maj_forks": 1.729,
  "min_forks": 2.1085,
  "any_forks": 3.8375,
  "any_forks_per_connected": 0.16642813773961,
  "maj_crosses": 0.044,
  "min_crosses": 0.03,
  "any_crosses": 0.074,
  "any_crosses_per_connected": 0.0032092982912655,
  "num_with_water": 22.857,
  "num_without_water": 0.201,
  "starts": 23.3865,
  "ends": 25.291,
  "land_islands": 0.084,
  "water_islands": 0.129,
  "any_islands": 0.213,
  "with_hills": 0.0,
  "biome_density": {
    "savannah": 1.2409209103234,
    "grassland": 0.86535138121037,
    "tundra": 1.5953050816856,
    "plains": 1.1160409937401,
    "prairie": 0.90870562042408,
    "desert": 1.2817223162671,
    "swamp": 0.67805163613658,
    "marsh": 0.62189770768467,
    "arctic": 0
  }
}