{
  "savs": 100,
  "length_avg": 5.4679900744417,
  "any": 110.18,
  "any_stddev": 7.7838036974218,
  "num_connected": 20.15,
  "num_connected_stddev": 1.9665960439297,
  "num_connected_per_shore": 0.042163632559113,
  "num_connected_per_land": 0.02712781711947,
  "land": 742.78,
  "water_adjacent_to_land": 477.9,
  "maj": 22.77,
  "min": 87.41,
  "any_per_land": 0.14833463475053,
  "maj_on_water": 3.97,
  "min_on_water": 16.36,
  "any_on_water": 20.33,
  "turns": 28.62,
  "turns_per_connected": 1.4203473945409,
  "tiles": 3808.0,
  "water": 3065.22,
  "maj_forks": 1.26,
  "min_forks": 1.71,
  "any_forks": 2.97,
  "any_forks_per_connected": 0.14739454094293,
  "maj_crosses": 0.03,
  "min_crosses": 0.01,
  "any_crosses": 0.04,
  "any_crosses_per_connected": 0.001985111662531,
  "num_with_water": 19.98,
  "num_without_water": 0.17,
  "starts": 20.33,
  "ends": 21.91,
  "land_islands": 0.06,
  "water_islands": 0.13,
  "any_islands": 0.19,
  "with_hills": 0.0,
  "biome_density": {
    "savannah": 0.16277553149863,
    "grassland": 0.10640608034745,
    "tundra": 0.17193583553964,
    "plains": 0.12129253824539,
    "prairie": 0.096220132032482,
    "desert": 0.16427274228166,
    "swamp": 0.08192712154561,
    "marsh": 0.072074700904581,
    "arctic": 0.0
  },
  "biome_density_normalized": {
    "savannah": 1.245443065366,
    "grassland": 0.84790770985795,
    "tundra": 1.5697402721995,
    "plains": 1.0445710948355,
    "prairie": 0.80364116989562,
    "desert": 1.299698044391,
    "swamp": 0.63098283592515,
    "marsh": 0.57329750724504,
    "arctic": 0
  }
}