{
  "savs": 2000,
  "length_avg": 6.0307280148156,
  "any": 167.7055,
  "any_stddev": 56.624886487745,
  "num_connected": 27.8085,
  "num_connected_stddev": 8.1560301464622,
  "num_connected_per_shore": 0.054733599700829,
  "num_connected_per_land": 0.025263998495525,
  "land": 1100.7165,
  "water_adjacent_to_land": 508.07,
  "maj": 48.638,
  "min": 119.0675,
  "any_per_land": 0.15236030349322,
  "maj_on_water": 7.659,
  "min_on_water": 20.345,
  "any_on_water": 28.004,
  "turns": 43.2775,
  "turns_per_connected": 1.556268766744,
  "tiles": 3808.0,
  "water": 2707.2835,
  "maj_forks": 2.456,
  "min_forks": 2.9315,
  "any_forks": 5.3875,
  "any_forks_per_connected": 0.19373572828452,
  "maj_crosses": 0.0485,
  "min_crosses": 0.037,
  "any_crosses": 0.0855,
  "any_crosses_per_connected": 0.0030745994929608,
  "num_with_water": 27.4865,
  "num_without_water": 0.322,
  "starts": 28.004,
  "ends": 31.025,
  "land_islands": 0.1175,
  "water_islands": 0.1765,
  "any_islands": 0.294,
  "with_hills": 0.0,
  "biome_density": {
    "savannah": 1.1506108014916,
    "grassland": 1.0019551380543,
    "tundra": 1.1663882091354,
    "plains": 0.98601695508108,
    "prairie": 0.9696539234958,
    "desert": 1.155869596381,
    "swamp": 0.7838029627615,
    "marsh": 0.77800576449441,
    "arctic": 0
  }
}