{
  "avg": {
    "savs": 2000.0,
    "tiles": 3808.0,
    "land": 1098.58725,
    "water": 2709.41275,
    "water_adjacent_to_land": 501.16607142857,
    "maj": 45.325,
    "min": 126.35685714286,
    "any": 171.68185714286,
    "any_per_land": 0.15754859839466,
    "maj_on_water": 7.2631428571429,
    "min_on_water": 21.066857142857,
    "any_on_water": 28.33,
    "maj_forks": 2.4063928571429,
    "min_forks": 3.2580357142857,
    "any_forks": 5.6644285714286,
    "any_forks_per_connected": 0.1953060111771,
    "num_connected": 28.153571428571,
    "num_connected_per_shore": 0.055619371653938,
    "num_connected_per_land": 0.02628170250303,
    "num_with_water": 27.806428571429,
    "num_without_water": 0.34714285714286,
    "length_avg": 6.029001776111,
    "starts": 28.33,
    "ends": 31.409928571429,
    "turns": 44.554785714286,
    "turns_per_connected": 1.561979721868,
    "land_islands": 0.12271428571429,
    "water_islands": 0.18932142857143,
    "any_islands": 0.31203571428571,
    "with_hills": 0.0,
    "biome_density": {
      "savannah": 1.1780485331528,
      "grassland": 0.91259126811779,
      "tundra": 1.3735862488874,
      "plains": 1.0430939545773,
      "prairie": 0.91757482341807,
      "desert": 1.1946777112325,
      "swamp": 0.70944873842153,
      "marsh": 0.66397006067559,
      "arctic": 0.0
    }
  },
  "modes": {
    "ttmm": {
      "savs": 2000,
      "tiles": 3808.0,
      "land": 478.9565,
      "water": 3329.0435,
      "water_adjacent_to_land": 372.63,
      "maj": 22.212,
      "min": 56.6795,
      "any": 78.8915,
      "any_per_land": 0.16471537603102,
      "maj_on_water": 4.011,
      "min_on_water": 11.2175,
      "any_on_water": 15.2285,
      "maj_forks": 1.026,
      "min_forks": 1.183,
      "any_forks": 2.209,
      "any_forks_per_connected": 0.14758643728078,
      "num_connected": 14.9675,
      "num_connected_per_shore": 0.040167189973969,
      "num_connected_per_land": 0.031250228361031,
      "num_with_water": 14.853,
      "num_without_water": 0.1145,
      "length_avg": 5.2708535159512,
      "starts": 15.2285,
      "ends": 16.2245,
      "turns": 19.8515,
      "turns_per_connected": 1.3263069984967,
      "land_islands": 0.0375,
      "water_islands": 0.0815,
      "any_islands": 0.119,
      "with_hills": 0.0,
      "biome_density": {
        "savannah": 1.281022287809,
        "grassland": 0.85884366953781,
        "tundra": 1.817509901924,
        "plains": 1.1673875932517,
        "prairie": 0.92175520111027,
        "desert": 1.3791694181541,
        "swamp": 0.68631120915074,
        "marsh": 0.63167055590603,
        "arctic": 0
      }
    },
    "tmmm": {
      "savs": 2000,
      "tiles": 3808.0,
      "land": 671.5045,
      "water": 3136.4955,
      "water_adjacent_to_land": 409.8315,
      "maj": 29.959,
      "min": 80.3685,
      "any": 110.3275,
      "any_per_land": 0.1642989734246,
      "maj_on_water": 5.2875,
      "min_on_water": 14.98,
      "any_on_water": 20.2675,
      "maj_forks": 1.3655,
      "min_forks": 1.725,
      "any_forks": 3.0905,
      "any_forks_per_connected": 0.15425890339165,
      "num_connected": 20.0345,
      "num_connected_per_shore": 0.048884724575832,
      "num_connected_per_land": 0.029835243099637,
      "num_with_water": 19.8625,
      "num_without_water": 0.172,
      "length_avg": 5.5068756395218,
      "starts": 20.2675,
      "ends": 21.814,
      "turns": 28.05,
      "turns_per_connected": 1.4000848536275,
      "land_islands": 0.0655,
      "water_islands": 0.1045,
      "any_islands": 0.17,
      "with_hills": 0.0,
      "biome_density": {
        "savannah": 1.2296932770433,
        "grassland": 0.88043023062157,
        "tundra": 1.5443734647256,
        "plains": 1.1082997763045,
        "prairie": 0.91507236241788,
        "desert": 1.2811309514178,
        "swamp": 0.68679072555334,
        "marsh": 0.63432140614731,
        "arctic": 0
      }
    },
    "mtmm": {
      "savs": 2000,
      "tiles": 3808.0,
      "land": 738.8505,
      "water": 3069.1495,
      "water_adjacent_to_land": 474.3295,
      "maj": 35.108,
      "min": 92.0345,
      "any": 127.1425,
      "any_per_land": 0.17208149686574,
      "maj_on_water": 6.1185,
      "min_on_water": 17.268,
      "any_on_water": 23.3865,
      "maj_forks": 1.773,
      "min_forks": 2.1385,
      "any_forks": 3.9115,
      "any_forks_per_connected": 0.16963743603088,
      "num_connected": 23.058,
      "num_connected_per_shore": 0.048611777256106,
      "num_connected_per_land": 0.031207937194331,
      "num_with_water": 22.857,
      "num_without_water": 0.201,
      "length_avg": 5.5140298378003,
      "starts": 23.3865,
      "ends": 25.291,
      "turns": 32.244,
      "turns_per_connected": 1.3983866770752,
      "land_islands": 0.084,
      "water_islands": 0.129,
      "any_islands": 0.213,
      "with_hills": 0.0,
      "biome_density": {
        "savannah": 1.2409209103234,
        "grassland": 0.86535138121037,
        "tundra": 1.5953050816856,
        "plains": 1.1160409937401,
        "prairie": 0.90870562042408,
        "desert": 1.2817223162671,
        "swamp": 0.67805163613658,
        "marsh": 0.62189770768467,
        "arctic": 0
      }
    },
    "mmmm": {
      "savs": 2000,
      "tiles": 3808.0,
      "land": 909.709,
      "water": 2898.291,
      "water_adjacent_to_land": 491.5435,
      "maj": 39.926,
      "min": 109.6895,
      "any": 149.6155,
      "any_per_land": 0.16446523009006,
      "maj_on_water": 6.794,
      "min_on_water": 19.858,
      "any_on_water": 26.652,
      "maj_forks": 1.9615,
      "min_forks": 2.514,
      "any_forks": 4.4755,
      "any_forks_per_connected": 0.16972581440328,
      "num_connected": 26.369,
      "num_connected_per_shore": 0.053645303009805,
      "num_connected_per_land": 0.028986192287863,
      "num_with_water": 26.129,
      "num_without_water": 0.24,
      "length_avg": 5.6739163411582,
      "starts": 26.652,
      "ends": 28.875,
      "turns": 38.4475,
      "turns_per_connected": 1.4580568091319,
      "land_islands": 0.1045,
      "water_islands": 0.1675,
      "any_islands": 0.272,
      "with_hills": 0.0,
      "biome_density": {
        "savannah": 1.2109012474005,
        "grassland": 0.88485173475916,
        "tundra": 1.4750474836294,
        "plains": 1.073129908814,
        "prairie": 0.90974034633973,
        "desert": 1.2243352816584,
        "swamp": 0.6818717854511,
        "marsh": 0.63169652071699,
        "arctic": 0
      }
    },
    "mbmm": {
      "savs": 2000,
      "tiles": 3808.0,
      "land": 1127.1385,
      "water": 2680.8615,
      "water_adjacent_to_land": 502.467,
      "maj": 41.908,
      "min": 121.69,
      "any": 163.598,
      "any_per_land": 0.14514454079956,
      "maj_on_water": 6.6445,
      "min_on_water": 19.903,
      "any_on_water": 26.5475,
      "maj_forks": 2.1265,
      "min_forks": 3.0435,
      "any_forks": 5.17,
      "any_forks_per_connected": 0.19530069507404,
      "num_connected": 26.472,
      "num_connected_per_shore": 0.052684056863436,
      "num_connected_per_land": 0.023486022347742,
      "num_with_water": 26.138,
      "num_without_water": 0.334,
      "length_avg": 6.1800392867936,
      "starts": 26.5475,
      "ends": 29.2775,
      "turns": 42.562,
      "turns_per_connected": 1.607812027803,
      "land_islands": 0.115,
      "water_islands": 0.168,
      "any_islands": 0.283,
      "with_hills": 0.0,
      "biome_density": {
        "savannah": 1.1676998585623,
        "grassland": 0.91171423634887,
        "tundra": 1.3403540111269,
        "plains": 1.0344052053457,
        "prairie": 0.90890486754361,
        "desert": 1.1796000277412,
        "swamp": 0.69298340900926,
        "marsh": 0.65319969971158,
        "arctic": 0
      }
    },
    "bmmm": {
      "savs": 2000,
      "tiles": 3808.0,
      "land": 1123.5745,
      "water": 2684.4255,
      "water_adjacent_to_land": 542.0735,
      "maj": 49.9455,
      "min": 136.12,