{
  "savs": 100,
  "tiles": 3808.0,
  "land": 919.26,
  "water": 2888.74,
  "water_adjacent_to_land": 458.65,
  "maj": 31.72,
  "min": 91.09,
  "any": 122.81,
  "maj_on_water": 5.18,
  "min_on_water": 15.05,
  "any_on_water": 20.23,
  "maj_forks": 1.61,
  "min_forks": 2.11,
  "any_forks": 3.72,
  "num_connected": 20.14,
  "num_connected_per_shore": 0.043911479341546,
  "num_with_water": 19.93,
  "num_without_water": 0.21,
  "starts": 20.23,
  "ends": 21.98,
  "land_islands": 0.08,
  "water_islands": 0.15,
  "any_islands": 0.23,
  "with_hills": 0.0,
  "biome_density": {
    "savannah": 0.14828781084386,
    "grassland": 0.09885447602885,
    "tundra": 0.14740838560581,
    "plains": 0.11133823930226,
    "prairie": 0.097851921610835,
    "desert": 0.14525608732158,
    "swamp": 0.086266016964447,
    "marsh": 0.077481323372465
  }
}