{
  "savs": 2000,
  "length_avg": 5.5068756395218,
  "any": 110.3275,
  "any_stddev": 7.0528890357072,
  "num_connected": 20.0345,
  "num_connected_stddev": 1.8866133016599,
  "num_connected_per_shore": 0.048731632447053,
  "num_connected_per_land": 0.029835243099637,
  "land": 671.5045,
  "water_adjacent_to_land": 411.119,
  "maj": 29.959,
  "min": 80.3685,
  "any_per_land": 0.1642989734246,
  "maj_on_water": 5.2875,
  "min_on_water": 14.98,
  "any_on_water": 20.2675,
  "turns": 28.05,
  "turns_per_connected": 1.4000848536275,
  "tiles": 3808.0,
  "water": 3136.4955,
  "maj_forks": 1.339,
  "min_forks": 1.7065,
  "any_forks": 3.0455,
  "any_forks_per_connected": 0.15201277795802,
  "maj_crosses": 0.0265,
  "min_crosses": 0.0185,
  "any_crosses": 0.045,
  "any_crosses_per_connected": 0.002246125433627,
  "num_with_water": 19.8625,
  "num_without_water": 0.172,
  "starts": 20.2675,
  "ends": 21.814,
  "land_islands": 0.0655,
  "water_islands": 0.1045,
  "any_islands": 0.17,
  "with_hills": 0.0,
  "biome_density": {
    "savannah": 0.17806041335453,
    "grassland": 0.12087774294671,
    "tundra": 0.18193034070419,
    "plains": 0.14286753649901,
    "prairie": 0.12009464467012,
    "desert": 0.17917458419626,
    "swamp": 0.099319007960245,
    "marsh": 0.087866108786611,
    "arctic": 0.0
  },
  "biome_density_normalized": {
    "savannah": 1.2296932770433,
    "grassland": 0.88043023062157,
    "tundra": 1.5443734647256,
    "plains": 1.1082997763045,
    "prairie": 0.91507236241788,
    "desert": 1.2811309514178,
    "swamp": 0.68679072555334,
    "marsh": 0.63432140614731,
    "arctic": 0
  }
}