{
  "savs": 100,
  "length_avg": 5.3400946585531,
  "any": 78.98,
  "any_stddev": 11.942344828383,
  "num_connected": 14.79,
  "num_connected_stddev": 2.4053897813037,
  "num_connected_per_shore": 0.039777311602388,
  "num_connected_per_land": 0.030913613276759,
  "land": 478.43,
  "water_adjacent_to_land": 371.82,
  "maj": 26.67,
  "min": 52.31,
  "any_per_land": 0.1650816211358,
  "maj_on_water": 4.66,
  "min_on_water": 10.34,
  "any_on_water": 15.0,
  "turns": 20.14,
  "turns_per_connected": 1.3617308992563,
  "tiles": 3808.0,
  "water": 3329.57,
  "maj_forks": 1.31,
  "min_forks": 1.22,
  "any_forks": 2.53,
  "any_forks_per_connected": 0.1710615280595,
  "maj_crosses": 0.04,
  "min_crosses": 0.03,
  "any_crosses": 0.07,
  "any_crosses_per_connected": 0.0047329276538201,
  "num_with_water": 14.64,
  "num_without_water": 0.15,
  "starts": 15.0,
  "ends": 16.14,
  "land_islands": 0.07,
  "water_islands": 0.06,
  "any_islands": 0.13,
  "with_hills": 0.0,
  "biome_density": {
    "savannah": 1.2682069407087,
    "grassland": 0.94085427087548,
    "tundra": 1.4356966880714,
    "plains": 1.1497384051443,
    "prairie": 1.0191583515728,
    "desert": 1.3901899127704,
    "swamp": 0.76022921310116,
    "marsh": 0.71449179116547,
    "arctic": 0
  }
}