{
  "savs": 2000,
  "length_avg": 5.2708535159512,
  "any": 78.8915,
  "any_stddev": 12.571027314822,
  "num_connected": 14.9675,
  "num_connected_stddev": 2.5918031850432,
  "num_connected_per_shore": 0.040167189973969,
  "num_connected_per_land": 0.031250228361031,
  "land": 478.9565,
  "water_adjacent_to_land": 372.63,
  "maj": 22.212,
  "min": 56.6795,
  "any_per_land": 0.16471537603102,
  "maj_on_water": 4.011,
  "min_on_water": 11.2175,
  "any_on_water": 15.2285,
  "turns": 19.8515,
  "turns_per_connected": 1.3263069984967,
  "tiles": 3808.0,
  "water": 3329.0435,
  "maj_forks": 0.999,
  "min_forks": 1.169,
  "any_forks": 2.168,
  "any_forks_per_connected": 0.14484716886588,
  "maj_crosses": 0.027,
  "min_crosses": 0.014,
  "any_crosses": 0.041,
  "any_crosses_per_connected": 0.0027392684148989,
  "num_with_water": 14.853,
  "num_without_water": 0.1145,
  "starts": 15.2285,
  "ends": 16.2245,
  "land_islands": 0.0375,
  "water_islands": 0.0815,
  "any_islands": 0.119,
  "with_hills": 0.0,
  "biome_density": {
    "savannah": 1.281022287809,
    "grassland": 0.85884366953781,
    "tundra": 1.817509901924,
    "plains": 1.1673875932517,
    "prairie": 0.92175520111027,
    "desert": 1.3791694181541,
    "swamp": 0.68631120915074,
    "marsh": 0.63167055590603,
    "arctic": 0
  }
}