{
  "savs": 100,
  "length_avg": 5.2978080120937,
  "any": 70.09,
  "any_stddev": 6.169432712981,
  "num_connected": 13.23,
  "num_connected_stddev": 1.5287576655572,
  "num_connected_per_shore": 0.035855601929644,
  "num_connected_per_land": 0.027900797165633,
  "land": 474.18,
  "water_adjacent_to_land": 368.98,
  "maj": 14.03,
  "min": 56.06,
  "any_per_land": 0.14781306676789,
  "maj_on_water": 2.37,
  "min_on_water": 11.08,
  "any_on_water": 13.45,
  "turns": 17.84,
  "turns_per_connected": 1.3484504913076,
  "tiles": 3808.0,
  "water": 3333.82,
  "maj_forks": 0.62,
  "min_forks": 1.11,
  "any_forks": 1.73,
  "any_forks_per_connected": 0.1307634164777,
  "maj_crosses": 0.0,
  "min_crosses": 0.03,
  "any_crosses": 0.03,
  "any_crosses_per_connected": 0.0022675736961451,
  "num_with_water": 13.15,
  "num_without_water": 0.08,
  "starts": 13.45,
  "ends": 14.33,
  "land_islands": 0.04,
  "water_islands": 0.06,
  "any_islands": 0.1,
  "with_hills": 0.0,
  "biome_density": {
    "savannah": 1.2533942493706,
    "grassland": 0.84501496765237,
    "tundra": 1.7670828129651,
    "plains": 1.071413453669,
    "prairie": 0.8135028463932,
    "desert": 1.3228064189612,
    "swamp": 0.64417367455042,
    "marsh": 0.52216871540025,
    "arctic": 0
  }
}