{
  "savs": 2000,
  "tiles": 7840000,
  "land": 1318.2685,
  "land_arctic_row": 56.5665,
  "land_ocean_adjacent": 791.0235,
  "land_ocean_adjacent_cardinal": 553.1325,
  "land_non_mounds": 1129.177,
  "count": {
    "mountains": 108.602,
    "hills": 80.4895,
    "forest": 981.295
  },
  "stddev": {
    "mountains": 17.076141133172,
    "hills": 10.797263067556,
    "forest": 77.267651543192
  },
  "density": {
    "mountains": 0.082382306791067,
    "hills": 0.061056984976884,
    "forest": 0.74438174013867
  },
  "forest_density_non_mounds": 0.86903558963741,
  "count_hills_plus_land_rivers": 505490,
  "density_hills_plus_land_rivers": 0.19172497863675,
  "count_arctic_rows": {
    "mountains": 0.0,
    "hills": 0.0,
    "forest": 0.0
  },
  "num_ranges": {
    "mountains": 69.6535,
    "hills": 69.6825,
    "clearing": 65.2515
  },
  "num_ranges_1": {
    "mountains": 57.36,
    "hills": 61.122,
    "clearing": 41.6945
  },
  "num_ranges_1_per_land": {
    "mountains": 0.043511621494407,
    "hills": 0.046365364870662,
    "clearing": 0.031628230516014
  },
  "num_ranges_per_land": {
    "mountains": 0.052837111711309,
    "hills": 0.052859110264715,
    "clearing": 0.04949788301852
  },
  "count_range_centers": {
    "mountains": 69.6535,
    "hills": 69.6825,
    "clearing": 65.2515
  },
  "density_range_centers": {
    "mountains": 0.052837111711309,
    "hills": 0.052859110264715,
    "clearing": 0.04949788301852
  },
  "count_ocean_adjacent": {
    "mountains": 47.9675,
    "hills": 46.2185,
    "clearing": 19.0595
  },
  "count_ocean_adjacent_cardinal": {
    "mountains": 31.3395,
    "hills": 31.425,
    "clearing": 13.1425
  },
  "density_ocean_adjacent": {
    "mountains": 0.060639791358917,
    "hills": 0.058428731889761,
    "clearing": 0.024094732963054
  },
  "density_ocean_adjacent_cardinal": {
    "mountains": 0.056658214803867,
    "hills": 0.056812788979132,
    "clearing": 0.02376012980615
  },
  "count_large_range": {
    "mountains": 28.1485,
    "hills": 0.4755,
    "clearing": 63.3485
  },
  "count_large_range_ocean_adjacent": {
    "mountains": 2.8175,
    "hills": 0.188,
    "clearing": 7.569
  },
  "count_large_range_ocean_adjacent_cardinal": {
    "mountains": 1.1565,
    "hills": 0.101,
    "clearing": 4.651
  },
  "density_large_range": {
    "mountains": 0.021352630363238,
    "hills": 0.00036070041876901,
    "clearing": 0.048054322772637
  },
  "density_large_range_ocean_adjacent": {
    "mountains": 0.0035618410831031,
    "hills": 0.00023766676969774,
    "clearing": 0.0095686158502244
  },
  "density_large_range_ocean_adjacent_cardinal": {
    "mountains": 0.0020908191075375,
    "hills": 0.00018259639417319,
    "clearing": 0.0084084735574207
  },
  "count_mountains_adjacent_to_hills": 22.382,
  "count_hills_adjacent_to_mountains": 20.325,
  "land_with_biome": {
    "savannah": 379311,
    "grassland": 372199,
    "tundra": 191874,
    "plains": 600661,
    "prairie": 570637,
    "desert": 229766,
    "swamp": 170008,
    "marsh": 114467,
    "arctic": 7614
  },
  "count_with_biome": {
    "mountains": {
      "savannah": 29014,
      "grassland": 22285,
      "tundra": 13248,
      "plains": 62124,
      "prairie": 45267,
      "desert": 24049,
      "swamp": 9593,
      "marsh": 11624,
      "arctic": 0
    },
    "hills": {
      "savannah": 13008,
      "grassland": 9391,
      "tundra": 13335,
      "plains": 60381,
      "prairie": 34116,
      "desert": 9210,
      "swamp": 12518,
      "marsh": 9020,
      "arctic": 0
    },
    "clearing": {
      "savannah": 45451,
      "grassland": 27863,
      "tundra": 48337,
      "plains": 83225,
      "prairie": 47634,
      "desert": 26388,
      "swamp": 5681,
      "marsh": 3571,
      "arctic": 7614
    }
  },
  "density_on_biome": {
    "mountains": {
      "savannah": 0.076491322424079,
      "grassland": 0.059873884669223,
      "tundra": 0.069045310985334,
      "plains": 0.10342605895838,
      "prairie": 0.079327137917801,
      "desert": 0.10466735722431,
      "swamp": 0.056426756387935,
      "marsh": 0.10154891802878,
      "arctic": 0.0
    },
    "hills": {
      "savannah": 0.034293758947144,
      "grassland": 0.025231126359824,
      "tundra": 0.069498733543888,
      "plains": 0.10052425577822,
      "prairie": 0.059785818304807,
      "desert": 0.040084259638067,
      "swamp": 0.073631829090396,
      "marsh": 0.078800003494457,
      "arctic": 0.0
    },
    "clearing": {
      "savannah": 0.11982515666564,
      "grassland": 0.074860491296323,
      "tundra": 0.25192053118192,
      "plains": 0.13855569114692,
      "prairie": 0.083475133929276,
      "desert": 0.114847279406,
      "swamp": 0.033416074537669,
      "marsh": 0.031196764132894,
      "arctic": 1.0
    }
  }
}