{
  "savs": 2000,
  "tiles": 7840000,
  "land": 1319.49,
  "land_arctic_row": 56.6525,
  "land_ocean_adjacent": 791.768,
  "land_ocean_adjacent_cardinal": 553.6695,
  "land_non_mounds": 1132.327,
  "count": {
    "mountains": 108.869,
    "hills": 78.294,
    "forest": 993.98
  },
  "stddev": {
    "mountains": 16.752129387036,
    "hills": 10.444164112077,
    "forest": 78.069543357189
  },
  "density": {
    "mountains": 0.082508393394418,
    "hills": 0.059336561853443,
    "forest": 0.75330620163851
  },
  "forest_density_non_mounds": 0.87782062955312,
  "count_hills_plus_land_rivers": 556826,
  "density_hills_plus_land_rivers": 0.21100046229983,
  "count_arctic_rows": {
    "mountains": 0.0,
    "hills": 0.0,
    "forest": 0.0
  },
  "num_ranges": {
    "mountains": 69.8625,
    "hills": 68.336,
    "clearing": 64.614
  },
  "num_ranges_1": {
    "mountains": 57.5815,
    "hills": 60.332,
    "clearing": 42.044
  },
  "num_ranges_1_per_land": {
    "mountains": 0.04363920908836,
    "hills": 0.045723726591335,
    "clearing": 0.031863826175265
  },
  "num_ranges_per_land": {
    "mountains": 0.052946593001842,
    "hills": 0.051789706629076,
    "clearing": 0.048968919809927
  },
  "count_range_centers": {
    "mountains": 69.8625,
    "hills": 68.336,
    "clearing": 64.614
  },
  "density_range_centers": {
    "mountains": 0.052946593001842,
    "hills": 0.051789706629076,
    "clearing": 0.048968919809927
  },
  "count_ocean_adjacent": {
    "mountains": 48.2435,
    "hills": 44.8995,
    "clearing": 18.427
  },
  "count_ocean_adjacent_cardinal": {
    "mountains": 31.4355,
    "hills": 30.8405,
    "clearing": 12.6885
  },
  "density_ocean_adjacent": {
    "mountains": 0.060931358680826,
    "hills": 0.056707899283629,
    "clearing": 0.023273231552677
  },
  "density_ocean_adjacent_cardinal": {
    "mountains": 0.056776651052659,
    "hills": 0.055702002729065,
    "clearing": 0.022917101267092
  },
  "count_large_range": {
    "mountains": 28.365,
    "hills": 0.4335,
    "clearing": 54.1505
  },
  "count_large_range_ocean_adjacent": {
    "mountains": 2.8195,
    "hills": 0.136,
    "clearing": 7.354
  },
  "count_large_range_ocean_adjacent_cardinal": {
    "mountains": 1.1725,
    "hills": 0.069,
    "clearing": 4.564
  },
  "density_large_range": {
    "mountains": 0.021496942000318,
    "hills": 0.0003285360252825,
    "clearing": 0.041038962023206
  },
  "density_large_range_ocean_adjacent": {
    "mountains": 0.0035610178739227,
    "hills": 0.00017176748744582,
    "clearing": 0.0092880742843863
  },
  "density_large_range_ocean_adjacent_cardinal": {
    "mountains": 0.0021176893435524,
    "hills": 0.00012462308290415,
    "clearing": 0.0082431847880369
  },
  "count_mountains_adjacent_to_hills": 22.3995,
  "count_hills_adjacent_to_mountains": 20.229,
  "land_with_biome": {
    "savannah": 280695,
    "grassland": 437471,
    "tundra": 152469,
    "plains": 607560,
    "prairie": 670901,
    "desert": 196723,
    "swamp": 141915,
    "marsh": 143436,
    "arctic": 7810
  },
  "count_with_biome": {
    "mountains": {
      "savannah": 22355,
      "grassland": 23462,
      "tundra": 16855,
      "plains": 64797,
      "prairie": 47401,
      "desert": 21657,
      "swamp": 7440,
      "marsh": 13771,
      "arctic": 0
    },
    "hills": {
      "savannah": 9940,
      "grassland": 11324,
      "tundra": 10021,
      "plains": 59453,
      "prairie": 37840,
      "desert": 7758,
      "swamp": 9468,
      "marsh": 10784,
      "arctic": 0
    },
    "clearing": {
      "savannah": 32280,
      "grassland": 25663,
      "tundra": 45623,
      "plains": 83720,
      "prairie": 50706,
      "desert": 22155,
      "swamp": 4659,
      "marsh": 4078,
      "arctic": 7810
    }
  },
  "density_on_biome": {
    "mountains": {
      "savannah": 0.079641603876093,
      "grassland": 0.05363098353948,
      "tundra": 0.11054706202572,
      "plains": 0.10665119494371,
      "prairie": 0.070652749064318,
      "desert": 0.11008880507109,
      "swamp": 0.052425747806786,
      "marsh": 0.096007975682534,
      "arctic": 0.0
    },
    "hills": {
      "savannah": 0.035412102103707,
      "grassland": 0.025885144386714,
      "tundra": 0.065724835868275,
      "plains": 0.097855355849628,
      "prairie": 0.056401764194717,
      "desert": 0.03943616150628,
      "swamp": 0.066715991967023,
      "marsh": 0.075183357037285,
      "arctic": 0.0
    },
    "clearing": {
      "savannah": 0.11500026719393,
      "grassland": 0.058662174178403,
      "tundra": 0.29922803979825,
      "plains": 0.13779708999934,
      "prairie": 0.075578960234073,
      "desert": 0.11262028334257,
      "swamp": 0.032829510622556,
      "marsh": 0.028430798404863,
      "arctic": 1.0
    }
  }
}