{
  "savs": 2000,
  "tiles": 7840000,
  "land": 1315.7905,
  "land_arctic_row": 56.791,
  "land_ocean_adjacent": 788.5865,
  "land_ocean_adjacent_cardinal": 551.207,
  "land_non_mounds": 1122.224,
  "count": {
    "mountains": 109.066,
    "hills": 84.5005,
    "forest": 970.1025
  },
  "stddev": {
    "mountains": 16.87141499697,
    "hills": 11.235346000458,
    "forest": 78.203944873325
  },
  "density": {
    "mountains": 0.082890095345726,
    "hills": 0.064220329908143,
    "forest": 0.73727732492369
  },
  "forest_density_non_mounds": 0.86444640285718,
  "count_hills_plus_land_rivers": 513118,
  "density_hills_plus_land_rivers": 0.19498468791194,
  "count_arctic_rows": {
    "mountains": 0.0,
    "hills": 0.0,
    "forest": 0.0
  },
  "num_ranges": {
    "mountains": 70.0245,
    "hills": 72.427,
    "clearing": 66.654
  },
  "num_ranges_1": {
    "mountains": 57.6135,
    "hills": 63.0535,
    "clearing": 42.598
  },
  "num_ranges_1_per_land": {
    "mountains": 0.043786225846744,
    "hills": 0.047920622621914,
    "clearing": 0.032374454747925
  },
  "num_ranges_per_land": {
    "mountains": 0.053218578489509,
    "hills": 0.055044477065308,
    "clearing": 0.05065700048754
  },
  "count_range_centers": {
    "mountains": 70.0245,
    "hills": 72.427,
    "clearing": 66.654
  },
  "density_range_centers": {
    "mountains": 0.053218578489509,
    "hills": 0.055044477065308,
    "clearing": 0.05065700048754
  },
  "count_ocean_adjacent": {
    "mountains": 48.4925,
    "hills": 48.1235,
    "clearing": 19.914
  },
  "count_ocean_adjacent_cardinal": {
    "mountains": 31.781,
    "hills": 32.521,
    "clearing": 13.674
  },
  "density_ocean_adjacent": {
    "mountains": 0.061492937046221,
    "hills": 0.06102501120676,
    "clearing": 0.025252778230416
  },
  "density_ocean_adjacent_cardinal": {
    "mountains": 0.057657105225442,
    "hills": 0.058999613575299,
    "clearing": 0.024807377264803
  },
  "count_large_range": {
    "mountains": 28.0825,
    "hills": 0.7045,
    "clearing": 65.86
  },
  "count_large_range_ocean_adjacent": {
    "mountains": 2.8715,
    "hills": 0.2205,
    "clearing": 7.811
  },
  "count_large_range_ocean_adjacent_cardinal": {
    "mountains": 1.2,
    "hills": 0.117,
    "clearing": 4.7775
  },
  "density_large_range": {
    "mountains": 0.021342683352707,
    "hills": 0.00053541958237273,
    "clearing": 0.050053560958222
  },
  "density_large_range_ocean_adjacent": {
    "mountains": 0.0036413253333655,
    "hills": 0.00027961422114124,
    "clearing": 0.0099050643144411
  },
  "density_large_range_ocean_adjacent_cardinal": {
    "mountains": 0.0021770405673368,
    "hills": 0.00021226145531534,
    "clearing": 0.0086673427587095
  },
  "count_mountains_adjacent_to_hills": 23.486,
  "count_hills_adjacent_to_mountains": 21.4785,
  "land_with_biome": {
    "savannah": 289538,
    "grassland": 347162,
    "tundra": 248155,
    "plains": 700200,
    "prairie": 580515,
    "desert": 222630,
    "swamp": 129465,
    "marsh": 105945,
    "arctic": 7971
  },
  "count_with_biome": {
    "mountains": {
      "savannah": 21852,
      "grassland": 20440,
      "tundra": 18672,
      "plains": 70235,
      "prairie": 45614,
      "desert": 23056,
      "swamp": 7333,
      "marsh": 10930,
      "arctic": 0
    },
    "hills": {
      "savannah": 9977,
      "grassland": 8798,
      "tundra": 17678,
      "plains": 71252,
      "prairie": 34462,
      "desert": 8980,
      "swamp": 9497,
      "marsh": 8357,
      "arctic": 0
    },
    "clearing": {
      "savannah": 34221,
      "grassland": 25471,
      "tundra": 61473,
      "plains": 94274,
      "prairie": 47692,
      "desert": 25670,
      "swamp": 4270,
      "marsh": 3201,
      "arctic": 7971
    }
  },
  "density_on_biome": {
    "mountains": {
      "savannah": 0.075471958775705,
      "grassland": 0.058877411698285,
      "tundra": 0.075243295520945,
      "plains": 0.10030705512711,
      "prairie": 0.078575058353359,
      "desert": 0.10356196379643,
      "swamp": 0.05664079094736,
      "marsh": 0.10316673745812,
      "arctic": 0.0
    },
    "hills": {
      "savannah": 0.034458343982482,
      "grassland": 0.025342635426688,
      "tundra": 0.071237734480466,
      "plains": 0.10175949728649,
      "prairie": 0.059364529770979,
      "desert": 0.040335983470332,
      "swamp": 0.073355733209748,
      "marsh": 0.078880551229411,
      "arctic": 0.0
    },
    "clearing": {
      "savannah": 0.11819173994433,
      "grassland": 0.073369205154942,
      "tundra": 0.24772017489069,
      "plains": 0.13463867466438,
      "prairie": 0.082154638553698,
      "desert": 0.11530341822755,
      "swamp": 0.032981886996486,
      "marsh": 0.030213790174147,
      "arctic": 1.0
    }
  }
}