{
  "savs": 2000,
  "tiles": 7840000,
  "land": 1315.7905,
  "land_arctic_row": 56.791,
  "land_ocean_adjacent": 788.5865,
  "land_ocean_adjacent_cardinal": 551.207,
  "land_non_mounds": 1122.224,
  "count": {
    "mountains": 109.066,
    "hills": 84.5005,
    "forest": 970.1025
  },
  "stddev": {
    "mountains": 16.87141499697,
    "hills": 11.235346000458,
    "forest": 78.203944873325
  },
  "density": {
    "mountains": 0.082890095345726,
    "hills": 0.064220329908143,
    "forest": 0.73727732492369
  },
  "forest_density_non_mounds": 0.86444640285718,
  "count_hills_plus_land_rivers": 513118,
  "density_hills_plus_land_rivers": 0.19498468791194,
  "count_arctic_rows": {
    "mountains": 0.0,
    "hills": 0.0,
    "forest": 0.0
  },
  "num_ranges": {
    "mountains": 70.0245,
    "hills": 72.427,
    "inverse_forest": 66.654
  },
  "num_ranges_1": {
    "mountains": 57.6135,
    "hills": 63.0535,
    "inverse_forest": 42.598
  },
  "num_ranges_per_land": {
    "mountains": 0.053218578489509,
    "hills": 0.055044477065308,
    "inverse_forest": 0.05065700048754
  },
  "count_ocean_adjacent": {
    "mountains": 48.4925,
    "hills": 48.1235,
    "inverse_forest": 19.914
  },
  "count_ocean_adjacent_cardinal": {
    "mountains": 31.781,
    "hills": 32.521,
    "inverse_forest": 13.674
  },
  "density_ocean_adjacent": {
    "mountains": 0.061492937046221,
    "hills": 0.06102501120676,
    "inverse_forest": 0.025252778230416
  },
  "density_ocean_adjacent_cardinal": {
    "mountains": 0.057657105225442,
    "hills": 0.058999613575299,
    "inverse_forest": 0.024807377264803
  },
  "count_large_range": {
    "mountains": 28.0825,
    "hills": 0.7045,
    "inverse_forest": 65.86
  },
  "count_large_range_ocean_adjacent": {
    "mountains": 2.8715,
    "hills": 0.2205,
    "inverse_forest": 7.811
  },
  "count_large_range_ocean_adjacent_cardinal": {
    "mountains": 1.2,
    "hills": 0.117,
    "inverse_forest": 4.7775
  },
  "density_large_range": {
    "mountains": 0.021342683352707,
    "hills": 0.00053541958237273,
    "inverse_forest": 0.050053560958222
  },
  "density_large_range_ocean_adjacent": {
    "mountains": 0.0036413253333655,
    "hills": 0.00027961422114124,
    "inverse_forest": 0.0099050643144411
  },
  "density_large_range_ocean_adjacent_cardinal": {
    "mountains": 0.0021770405673368,
    "hills": 0.00021226145531534,
    "inverse_forest": 0.0086673427587095
  },
  "count_mountains_adjacent_to_hills": 23.486,
  "count_hills_adjacent_to_mountains": 21.4785,
  "land_with_biome": {
    "savannah": 176,
    "grassland": 165,
    "tundra": 74,
    "plains": 311,
    "prairie": 333,
    "desert": 115,
    "swamp": 74,
    "marsh": 61,
    "arctic": 4
  },
  "count_with_biome": {
    "mountains": {
      "savannah": 19,
      "grassland": 17,
      "tundra": 6,
      "plains": 34,
      "prairie": 40,
      "desert": 16,
      "swamp": 4,
      "marsh": 7,
      "arctic": 0
    },
    "hills": {
      "savannah": 5,
      "grassland": 5,
      "tundra": 5,
      "plains": 35,
      "prairie": 35,
      "desert": 5,
      "swamp": 6,
      "marsh": 6,
      "arctic": 0
    },
    "inverse_forest": {
      "savannah": 23,
      "grassland": 13,
      "tundra": 18,
      "plains": 37,
      "prairie": 19,
      "desert": 16,
      "swamp": 5,
      "marsh": 1,
      "arctic": 4
    }
  },
  "density_on_biome": {
    "mountains": {
      "savannah": 0.10795454545455,
      "grassland": 0.1030303030303,
      "tundra": 0.081081081081081,
      "plains": 0.10932475884244,
      "prairie": 0.12012012012012,
      "desert": 0.13913043478261,
      "swamp": 0.054054054054054,
      "marsh": 0.11475409836066,
      "arctic": 0.0
    },
    "hills": {
      "savannah": 0.028409090909091,
      "grassland": 0.03030303030303,
      "tundra": 0.067567567567568,
      "plains": 0.11254019292605,
      "prairie": 0.10510510510511,
      "desert": 0.043478260869565,
      "swamp": 0.081081081081081,
      "marsh": 0.098360655737705,
      "arctic": 0.0
    },
    "inverse_forest": {
      "savannah": 0.13068181818182,
      "grassland": 0.078787878787879,
      "tundra": 0.24324324324324,
      "plains": 0.11897106109325,
      "prairie": 0.057057057057057,
      "desert": 0.13913043478261,
      "swamp": 0.067567567567568,
      "marsh": 0.016393442622951,
      "arctic": 1.0
    }
  }
}