{
  "savs": 2000,
  "tiles": 7840000,
  "land": 1316.0245,
  "land_arctic_row": 56.679,
  "land_ocean_adjacent": 789.1075,
  "land_ocean_adjacent_cardinal": 551.8335,
  "land_non_mounds": 1116.9265,
  "count": {
    "mountains": 110.0425,
    "hills": 89.0555,
    "forest": 950.4635
  },
  "stddev": {
    "mountains": 17.355220936364,
    "hills": 11.515616342602,
    "forest": 77.641449418143
  },
  "density": {
    "mountains": 0.083617364266395,
    "hills": 0.06767009276803,
    "forest": 0.72222325648193
  },
  "forest_density_non_mounds": 0.85096333554625,
  "count_hills_plus_land_rivers": 457891,
  "density_hills_plus_land_rivers": 0.17396750592409,
  "count_arctic_rows": {
    "mountains": 0.0,
    "hills": 0.0,
    "forest": 0.0
  },
  "num_ranges": {
    "mountains": 70.05,
    "hills": 75.417,
    "inverse_forest": 67.831
  },
  "num_ranges_1": {
    "mountains": 57.4885,
    "hills": 65.001,
    "inverse_forest": 42.2445
  },
  "num_ranges_1_per_land": {
    "mountains": 0.043683457260864,
    "hills": 0.049391937612104,
    "inverse_forest": 0.032100086282588
  },
  "num_ranges_per_land": {
    "mountains": 0.053228492326701,
    "hills": 0.057306683880125,
    "inverse_forest": 0.051542353504817
  },
  "count_ocean_adjacent": {
    "mountains": 48.929,
    "hills": 50.898,
    "inverse_forest": 21.0675
  },
  "count_ocean_adjacent_cardinal": {
    "mountains": 32.1095,
    "hills": 34.062,
    "inverse_forest": 14.423
  },
  "density_ocean_adjacent": {
    "mountains": 0.062005493548091,
    "hills": 0.064500717582839,
    "inverse_forest": 0.026697883368236
  },
  "density_ocean_adjacent_cardinal": {
    "mountains": 0.058186935008476,
    "hills": 0.061725139919921,
    "inverse_forest": 0.026136506754302
  },
  "count_large_range": {
    "mountains": 29.067,
    "hills": 0.9245,
    "inverse_forest": 79.4665
  },
  "count_large_range_ocean_adjacent": {
    "mountains": 2.974,
    "hills": 0.3345,
    "inverse_forest": 8.481
  },
  "count_large_range_ocean_adjacent_cardinal": {
    "mountains": 1.224,
    "hills": 0.1675,
    "inverse_forest": 5.117
  },
  "density_large_range": {
    "mountains": 0.022086974824557,
    "hills": 0.00070249452042876,
    "inverse_forest": 0.060383754253815
  },
  "density_large_range_ocean_adjacent": {
    "mountains": 0.0037688147685835,
    "hills": 0.00042389661738103,
    "inverse_forest": 0.010747585088217
  },
  "density_large_range_ocean_adjacent_cardinal": {
    "mountains": 0.0022180603388522,
    "hills": 0.00030353358395241,
    "inverse_forest": 0.009272724472146
  },
  "count_mountains_adjacent_to_hills": 24.5095,
  "count_hills_adjacent_to_mountains": 22.5605,
  "land_with_biome": {
    "savannah": 85,
    "grassland": 111,
    "tundra": 248,
    "plains": 418,
    "prairie": 232,
    "desert": 98,
    "swamp": 46,
    "marsh": 37,
    "arctic": 8
  },
  "count_with_biome": {
    "mountains": {
      "savannah": 1,
      "grassland": 9,
      "tundra": 9,
      "plains": 29,
      "prairie": 19,
      "desert": 15,
      "swamp": 1,
      "marsh": 6,
      "arctic": 0
    },
    "hills": {
      "savannah": 2,
      "grassland": 1,
      "tundra": 15,
      "plains": 65,
      "prairie": 15,
      "desert": 4,
      "swamp": 2,
      "marsh": 4,
      "arctic": 0
    },
    "inverse_forest": {
      "savannah": 9,
      "grassland": 7,
      "tundra": 62,
      "plains": 67,
      "prairie": 21,
      "desert": 9,
      "swamp": 0,
      "marsh": 0,
      "arctic": 8
    }
  },
  "density_on_biome": {
    "mountains": {
      "savannah": 0.011764705882353,
      "grassland": 0.081081081081081,
      "tundra": 0.036290322580645,
      "plains": 0.069377990430622,
      "prairie": 0.081896551724138,
      "desert": 0.1530612244898,
      "swamp": 0.021739130434783,
      "marsh": 0.16216216216216,
      "arctic": 0.0
    },
    "hills": {
      "savannah": 0.023529411764706,
      "grassland": 0.009009009009009,
      "tundra": 0.060483870967742,
      "plains": 0.1555023923445,
      "prairie": 0.064655172413793,
      "desert": 0.040816326530612,
      "swamp": 0.043478260869565,
      "marsh": 0.10810810810811,
      "arctic": 0.0
    },
    "inverse_forest": {
      "savannah": 0.10588235294118,
      "grassland": 0.063063063063063,
      "tundra": 0.25,
      "plains": 0.16028708133971,
      "prairie": 0.09051724137931,
      "desert": 0.091836734693878,
      "swamp": 0.0,
      "marsh": 0.0,
      "arctic": 1.0
    }
  }
}