{
  "savs": 2000,
  "tiles": 7840000,
  "land": 1316.0245,
  "land_arctic_row": 56.679,
  "land_ocean_adjacent": 789.1075,
  "land_ocean_adjacent_cardinal": 551.8335,
  "land_non_mounds": 1116.9265,
  "count": {
    "mountains": 110.0425,
    "hills": 89.0555,
    "forest": 950.4635
  },
  "stddev": {
    "mountains": 17.355220936364,
    "hills": 11.515616342602,
    "forest": 77.641449418143
  },
  "density": {
    "mountains": 0.083617364266395,
    "hills": 0.06767009276803,
    "forest": 0.72222325648193
  },
  "forest_density_non_mounds": 0.85096333554625,
  "count_hills_plus_land_rivers": 457891,
  "density_hills_plus_land_rivers": 0.17396750592409,
  "count_arctic_rows": {
    "mountains": 0.0,
    "hills": 0.0,
    "forest": 0.0
  },
  "num_ranges": {
    "mountains": 70.05,
    "hills": 75.417,
    "clearing": 67.831
  },
  "num_ranges_1": {
    "mountains": 57.4885,
    "hills": 65.001,
    "clearing": 42.2445
  },
  "num_ranges_1_per_land": {
    "mountains": 0.043683457260864,
    "hills": 0.049391937612104,
    "clearing": 0.032100086282588
  },
  "num_ranges_per_land": {
    "mountains": 0.053228492326701,
    "hills": 0.057306683880125,
    "clearing": 0.051542353504817
  },
  "count_ocean_adjacent": {
    "mountains": 48.929,
    "hills": 50.898,
    "clearing": 21.0675
  },
  "count_ocean_adjacent_cardinal": {
    "mountains": 32.1095,
    "hills": 34.062,
    "clearing": 14.423
  },
  "density_ocean_adjacent": {
    "mountains": 0.062005493548091,
    "hills": 0.064500717582839,
    "clearing": 0.026697883368236
  },
  "density_ocean_adjacent_cardinal": {
    "mountains": 0.058186935008476,
    "hills": 0.061725139919921,
    "clearing": 0.026136506754302
  },
  "count_large_range": {
    "mountains": 29.067,
    "hills": 0.9245,
    "clearing": 79.4665
  },
  "count_large_range_ocean_adjacent": {
    "mountains": 2.974,
    "hills": 0.3345,
    "clearing": 8.481
  },
  "count_large_range_ocean_adjacent_cardinal": {
    "mountains": 1.224,
    "hills": 0.1675,
    "clearing": 5.117
  },
  "density_large_range": {
    "mountains": 0.022086974824557,
    "hills": 0.00070249452042876,
    "clearing": 0.060383754253815
  },
  "density_large_range_ocean_adjacent": {
    "mountains": 0.0037688147685835,
    "hills": 0.00042389661738103,
    "clearing": 0.010747585088217
  },
  "density_large_range_ocean_adjacent_cardinal": {
    "mountains": 0.0022180603388522,
    "hills": 0.00030353358395241,
    "clearing": 0.009272724472146
  },
  "count_mountains_adjacent_to_hills": 24.5095,
  "count_hills_adjacent_to_mountains": 22.5605,
  "land_with_biome": {
    "savannah": 308135,
    "grassland": 290410,
    "tundra": 336652,
    "plains": 730489,
    "prairie": 515048,
    "desert": 247166,
    "swamp": 113603,
    "marsh": 82541,
    "arctic": 8005
  },
  "count_with_biome": {
    "mountains": {
      "savannah": 22886,
      "grassland": 18839,
      "tundra": 20974,
      "plains": 72336,
      "prairie": 44012,
      "desert": 24703,
      "swamp": 7456,
      "marsh": 8879,
      "arctic": 0
    },
    "hills": {
      "savannah": 10205,
      "grassland": 7169,
      "tundra": 24579,
      "plains": 77888,
      "prairie": 31877,
      "desert": 9856,
      "swamp": 9636,
      "marsh": 6901,
      "arctic": 0
    },
    "clearing": {
      "savannah": 38099,
      "grassland": 26594,
      "tundra": 75997,
      "plains": 101607,
      "prairie": 47251,
      "desert": 28400,
      "swamp": 4113,
      "marsh": 2860,
      "arctic": 8005
    }
  },
  "density_on_biome": {
    "mountains": {
      "savannah": 0.074272640238856,
      "grassland": 0.064870355704005,
      "tundra": 0.062301724035503,
      "plains": 0.099024078391324,
      "prairie": 0.085452229695096,
      "desert": 0.099944976250779,
      "swamp": 0.065632069575627,
      "marsh": 0.10757078300481,
      "arctic": 0.0
    },
    "hills": {
      "savannah": 0.033118600613368,
      "grassland": 0.024685789056851,
      "tundra": 0.073010111331583,
      "plains": 0.10662446662441,
      "prairie": 0.061891318867368,
      "desert": 0.039876034729696,
      "swamp": 0.084821703652192,
      "marsh": 0.083606934735465,
      "arctic": 0.0
    },
    "clearing": {
      "savannah": 0.12364385740017,
      "grassland": 0.091573981612203,
      "tundra": 0.22574349773654,
      "plains": 0.13909449697394,
      "prairie": 0.091740963948991,
      "desert": 0.11490253513833,
      "swamp": 0.036205029796748,
      "marsh": 0.03464944694152,
      "arctic": 1.0
    }
  }
}