{
  "savs": 2000,
  "tiles": 7840000,
  "land": 1318.804,
  "land_arctic_row": 56.7315,
  "land_ocean_adjacent": 791.0615,
  "land_ocean_adjacent_cardinal": 552.936,
  "land_non_mounds": 1121.7875,
  "count": {
    "mountains": 109.3295,
    "hills": 87.687,
    "forest": 967.704
  },
  "stddev": {
    "mountains": 16.820818343648,
    "hills": 11.737079321535,
    "forest": 76.076312896986
  },
  "density": {
    "mountains": 0.082900491657593,
    "hills": 0.066489789233275,
    "forest": 0.73377393456495
  },
  "forest_density_non_mounds": 0.8626446630935,
  "count_hills_plus_land_rivers": 518560,
  "density_hills_plus_land_rivers": 0.19660237609228,
  "count_arctic_rows": {
    "mountains": 0.0,
    "hills": 0.0,
    "forest": 0.0
  },
  "num_ranges": {
    "mountains": 70.276,
    "hills": 74.5415,
    "inverse_forest": 67.781
  },
  "num_ranges_1": {
    "mountains": 57.8225,
    "hills": 64.4525,
    "inverse_forest": 43.229
  },
  "num_ranges_1_per_land": {
    "mountains": 0.043844650152714,
    "hills": 0.048871932447885,
    "inverse_forest": 0.032778942132417
  },
  "num_ranges_per_land": {
    "mountains": 0.053287675803228,
    "hills": 0.056522045732345,
    "inverse_forest": 0.05139581014313
  },
  "count_ocean_adjacent": {
    "mountains": 48.9265,
    "hills": 49.6345,
    "inverse_forest": 20.2035
  },
  "count_ocean_adjacent_cardinal": {
    "mountains": 32.1065,
    "hills": 33.388,
    "inverse_forest": 13.9555
  },
  "density_ocean_adjacent": {
    "mountains": 0.061849173547189,
    "hills": 0.062744173493464,
    "inverse_forest": 0.025539733636386
  },
  "density_ocean_adjacent_cardinal": {
    "mountains": 0.058065490400336,
    "hills": 0.060383118480258,
    "inverse_forest": 0.025238906491891
  },
  "count_large_range": {
    "mountains": 28.086,
    "hills": 0.9115,
    "inverse_forest": 65.9685
  },
  "count_large_range_ocean_adjacent": {
    "mountains": 2.894,
    "hills": 0.2965,
    "inverse_forest": 7.792
  },
  "count_large_range_ocean_adjacent_cardinal": {
    "mountains": 1.181,
    "hills": 0.151,
    "inverse_forest": 4.799
  },
  "density_large_range": {
    "mountains": 0.021296568709224,
    "hills": 0.00069115653273724,
    "inverse_forest": 0.050021458836946
  },
  "density_large_range_ocean_adjacent": {
    "mountains": 0.0036583754866088,
    "hills": 0.00037481283060799,
    "inverse_forest": 0.0098500559058935
  },
  "density_large_range_ocean_adjacent_cardinal": {
    "mountains": 0.0021358710592184,
    "hills": 0.00027308766294833,
    "inverse_forest": 0.0086791238045633
  },
  "count_mountains_adjacent_to_hills": 24.465,
  "count_hills_adjacent_to_mountains": 22.4085,
  "land_with_biome": {
    "savannah": 60,
    "grassland": 150,
    "tundra": 192,
    "plains": 403,
    "prairie": 274,
    "desert": 104,
    "swamp": 24,
    "marsh": 29,
    "arctic": 0
  },
  "count_with_biome": {
    "mountains": {
      "savannah": 7,
      "grassland": 22,
      "tundra": 15,
      "plains": 48,
      "prairie": 36,
      "desert": 14,
      "swamp": 3,
      "marsh": 1,
      "arctic": 0
    },
    "hills": {
      "savannah": 2,
      "grassland": 3,
      "tundra": 21,
      "plains": 35,
      "prairie": 13,
      "desert": 3,
      "swamp": 3,
      "marsh": 2,
      "arctic": 0
    },
    "inverse_forest": {
      "savannah": 11,
      "grassland": 16,
      "tundra": 30,
      "plains": 61,
      "prairie": 33,
      "desert": 20,
      "swamp": 0,
      "marsh": 0,
      "arctic": 0
    }
  },
  "density_on_biome": {
    "mountains": {
      "savannah": 0.11666666666667,
      "grassland": 0.14666666666667,
      "tundra": 0.078125,
      "plains": 0.11910669975186,
      "prairie": 0.13138686131387,
      "desert": 0.13461538461538,
      "swamp": 0.125,
      "marsh": 0.03448275862069,
      "arctic": -nan
    },
    "hills": {
      "savannah": 0.033333333333333,
      "grassland": 0.02,
      "tundra": 0.109375,
      "plains": 0.086848635235732,
      "prairie": 0.047445255474453,
      "desert": 0.028846153846154,
      "swamp": 0.125,
      "marsh": 0.068965517241379,
      "arctic": -nan
    },
    "inverse_forest": {
      "savannah": 0.18333333333333,
      "grassland": 0.10666666666667,
      "tundra": 0.15625,
      "plains": 0.15136476426799,
      "prairie": 0.12043795620438,
      "desert": 0.19230769230769,
      "swamp": 0.0,
      "marsh": 0.0,
      "arctic": -nan
    }
  }
}