{
  "savs": 2000,
  "tiles": 7840000,
  "land": 1123.5745,
  "land_arctic_row": 56.176,
  "land_ocean_adjacent": 800.5865,
  "land_ocean_adjacent_cardinal": 560.1945,
  "land_non_mounds": 970.8685,
  "count": {
    "mountains": 83.525,
    "hills": 69.181,
    "forest": 878.954
  },
  "stddev": {
    "mountains": 13.060603929375,
    "hills": 9.6701209402985,
    "forest": 65.951792121216
  },
  "density": {
    "mountains": 0.07433863976087,
    "hills": 0.061572241093047,
    "forest": 0.78228368479349
  },
  "forest_density_non_mounds": 0.90532754950851,
  "count_hills_plus_land_rivers": 446066,
  "density_hills_plus_land_rivers": 0.1985030810151,
  "count_arctic_rows": {
    "mountains": 0.0,
    "hills": 0.0,
    "forest": 0.0
  },
  "num_ranges": {
    "mountains": 59.7765,
    "hills": 60.238,
    "inverse_forest": 49.742
  },
  "num_ranges_1": {
    "mountains": 50.0985,
    "hills": 53.1235,
    "inverse_forest": 33.911
  },
  "num_ranges_1_per_land": {
    "mountains": 0.044588498581981,
    "hills": 0.047280798914536,
    "inverse_forest": 0.030181354240418
  },
  "num_ranges_per_land": {
    "mountains": 0.053202079612878,
    "hills": 0.053612822291713,
    "inverse_forest": 0.044271207650227
  },
  "count_ocean_adjacent": {
    "mountains": 48.685,
    "hills": 47.5125,
    "inverse_forest": 18.5805
  },
  "count_ocean_adjacent_cardinal": {
    "mountains": 32.0095,
    "hills": 32.291,
    "inverse_forest": 12.8915
  },
  "density_ocean_adjacent": {
    "mountains": 0.060811667446303,
    "hills": 0.059347116145476,
    "inverse_forest": 0.023208610187656
  },
  "density_ocean_adjacent_cardinal": {
    "mountains": 0.057139975490655,
    "hills": 0.057642479531663,
    "inverse_forest": 0.023012542964988
  },
  "count_large_range": {
    "mountains": 14.19,
    "hills": 0.457,
    "inverse_forest": 26.127
  },
  "count_large_range_ocean_adjacent": {
    "mountains": 2.345,
    "hills": 0.2295,
    "inverse_forest": 6.067
  },
  "count_large_range_ocean_adjacent_cardinal": {
    "mountains": 0.995,
    "hills": 0.127,
    "inverse_forest": 3.785
  },
  "density_large_range": {
    "mountains": 0.012629336105438,
    "hills": 0.00040673760395951,
    "inverse_forest": 0.023253464723523
  },
  "density_large_range_ocean_adjacent": {
    "mountains": 0.0029291026016552,
    "hills": 0.00028666483884003,
    "inverse_forest": 0.0075781942363505
  },
  "density_large_range_ocean_adjacent_cardinal": {
    "mountains": 0.0017761688127963,
    "hills": 0.0002267069740956,
    "inverse_forest": 0.0067565818657627
  },
  "count_mountains_adjacent_to_hills": 17.4775,
  "count_hills_adjacent_to_mountains": 16.404,
  "land_with_biome": {
    "savannah": 117,
    "grassland": 148,
    "tundra": 65,
    "plains": 282,
    "prairie": 306,
    "desert": 87,
    "swamp": 64,
    "marsh": 48,
    "arctic": 4
  },
  "count_with_biome": {
    "mountains": {
      "savannah": 2,
      "grassland": 7,
      "tundra": 2,
      "plains": 27,
      "prairie": 25,
      "desert": 9,
      "swamp": 3,
      "marsh": 5,
      "arctic": 0
    },
    "hills": {
      "savannah": 3,
      "grassland": 9,
      "tundra": 4,
      "plains": 33,
      "prairie": 16,
      "desert": 3,
      "swamp": 5,
      "marsh": 3,
      "arctic": 0
    },
    "inverse_forest": {
      "savannah": 12,
      "grassland": 8,
      "tundra": 12,
      "plains": 24,
      "prairie": 22,
      "desert": 4,
      "swamp": 1,
      "marsh": 3,
      "arctic": 4
    }
  },
  "density_on_biome": {
    "mountains": {
      "savannah": 0.017094017094017,
      "grassland": 0.047297297297297,
      "tundra": 0.030769230769231,
      "plains": 0.095744680851064,
      "prairie": 0.081699346405229,
      "desert": 0.10344827586207,
      "swamp": 0.046875,
      "marsh": 0.10416666666667,
      "arctic": 0.0
    },
    "hills": {
      "savannah": 0.025641025641026,
      "grassland": 0.060810810810811,
      "tundra": 0.061538461538462,
      "plains": 0.11702127659574,
      "prairie": 0.052287581699346,
      "desert": 0.03448275862069,
      "swamp": 0.078125,
      "marsh": 0.0625,
      "arctic": 0.0
    },
    "inverse_forest": {
      "savannah": 0.1025641025641,
      "grassland": 0.054054054054054,
      "tundra": 0.18461538461538,
      "plains": 0.085106382978723,
      "prairie": 0.071895424836601,
      "desert": 0.045977011494253,
      "swamp": 0.015625,
      "marsh": 0.0625,
      "arctic": 1.0
    }
  }
}