{
  "savs": 2000,
  "tiles": 7840000,
  "land": 1123.5745,
  "land_arctic_row": 56.176,
  "land_ocean_adjacent": 800.5865,
  "land_ocean_adjacent_cardinal": 560.1945,
  "land_non_mounds": 970.8685,
  "count": {
    "mountains": 83.525,
    "hills": 69.181,
    "forest": 878.954
  },
  "stddev": {
    "mountains": 13.060603929375,
    "hills": 9.6701209402985,
    "forest": 65.951792121216
  },
  "density": {
    "mountains": 0.07433863976087,
    "hills": 0.061572241093047,
    "forest": 0.78228368479349
  },
  "forest_density_non_mounds": 0.90532754950851,
  "count_hills_plus_land_rivers": 446066,
  "density_hills_plus_land_rivers": 0.1985030810151,
  "count_arctic_rows": {
    "mountains": 0.0,
    "hills": 0.0,
    "forest": 0.0
  },
  "num_ranges": {
    "mountains": 59.7765,
    "hills": 60.238,
    "clearing": 49.742
  },
  "num_ranges_1": {
    "mountains": 50.0985,
    "hills": 53.1235,
    "clearing": 33.911
  },
  "num_ranges_1_per_land": {
    "mountains": 0.044588498581981,
    "hills": 0.047280798914536,
    "clearing": 0.030181354240418
  },
  "num_ranges_per_land": {
    "mountains": 0.053202079612878,
    "hills": 0.053612822291713,
    "clearing": 0.044271207650227
  },
  "count_ocean_adjacent": {
    "mountains": 48.685,
    "hills": 47.5125,
    "clearing": 18.5805
  },
  "count_ocean_adjacent_cardinal": {
    "mountains": 32.0095,
    "hills": 32.291,
    "clearing": 12.8915
  },
  "density_ocean_adjacent": {
    "mountains": 0.060811667446303,
    "hills": 0.059347116145476,
    "clearing": 0.023208610187656
  },
  "density_ocean_adjacent_cardinal": {
    "mountains": 0.057139975490655,
    "hills": 0.057642479531663,
    "clearing": 0.023012542964988
  },
  "count_large_range": {
    "mountains": 14.19,
    "hills": 0.457,
    "clearing": 26.127
  },
  "count_large_range_ocean_adjacent": {
    "mountains": 2.345,
    "hills": 0.2295,
    "clearing": 6.067
  },
  "count_large_range_ocean_adjacent_cardinal": {
    "mountains": 0.995,
    "hills": 0.127,
    "clearing": 3.785
  },
  "density_large_range": {
    "mountains": 0.012629336105438,
    "hills": 0.00040673760395951,
    "clearing": 0.023253464723523
  },
  "density_large_range_ocean_adjacent": {
    "mountains": 0.0029291026016552,
    "hills": 0.00028666483884003,
    "clearing": 0.0075781942363505
  },
  "density_large_range_ocean_adjacent_cardinal": {
    "mountains": 0.0017761688127963,
    "hills": 0.0002267069740956,
    "clearing": 0.0067565818657627
  },
  "count_mountains_adjacent_to_hills": 17.4775,
  "count_hills_adjacent_to_mountains": 16.404,
  "land_with_biome": {
    "savannah": 236943,
    "grassland": 331083,
    "tundra": 169731,
    "plains": 559002,
    "prairie": 532212,
    "desert": 179284,
    "swamp": 124343,
    "marsh": 108144,
    "arctic": 6407
  },
  "count_with_biome": {
    "mountains": {
      "savannah": 15416,
      "grassland": 16608,
      "tundra": 10832,
      "plains": 52969,
      "prairie": 37200,
      "desert": 16723,
      "swamp": 6563,
      "marsh": 10739,
      "arctic": 0
    },
    "hills": {
      "savannah": 8317,
      "grassland": 8185,
      "tundra": 11771,
      "plains": 55768,
      "prairie": 30864,
      "desert": 7038,
      "swamp": 8128,
      "marsh": 8291,
      "arctic": 0
    },
    "clearing": {
      "savannah": 20356,
      "grassland": 15444,
      "tundra": 36731,
      "plains": 55559,
      "prairie": 30045,
      "desert": 14185,
      "swamp": 2919,
      "marsh": 2183,
      "arctic": 6407
    }
  },
  "density_on_biome": {
    "mountains": {
      "savannah": 0.065062061339647,
      "grassland": 0.050162648036897,
      "tundra": 0.063818630656745,
      "plains": 0.094756369386872,
      "prairie": 0.069896958354941,
      "desert": 0.09327658909886,
      "swamp": 0.052781419138995,
      "marsh": 0.09930278147655,
      "arctic": 0.0
    },
    "hills": {
      "savannah": 0.035101269081593,
      "grassland": 0.024721897530227,
      "tundra": 0.069350914093477,
      "plains": 0.099763507107309,
      "prairie": 0.05799192802868,
      "desert": 0.039256152250061,
      "swamp": 0.065367571958212,
      "marsh": 0.076666296789466,
      "arctic": 0.0
    },
    "clearing": {
      "savannah": 0.085910957487666,
      "grassland": 0.046646913311768,
      "tundra": 0.21640713835422,
      "plains": 0.099389626512964,
      "prairie": 0.056453067574576,
      "desert": 0.079120278440909,
      "swamp": 0.023475386632139,
      "marsh": 0.020186048231987,
      "arctic": 1.0
    }
  }
}