{
  "savs": 2000,
  "tiles": 7840000,
  "land": 1127.1385,
  "land_arctic_row": 56.253,
  "land_ocean_adjacent": 714.486,
  "land_ocean_adjacent_cardinal": 505.3675,
  "land_non_mounds": 974.2425,
  "count": {
    "mountains": 81.8945,
    "hills": 71.0015,
    "forest": 861.871
  },
  "stddev": {
    "mountains": 13.779454624549,
    "hills": 10.01276673802,
    "forest": 70.266310270285
  },
  "density": {
    "mountains": 0.072656998230475,
    "hills": 0.06299270231653,
    "forest": 0.7646540332
  },
  "forest_density_non_mounds": 0.88465756728946,
  "count_hills_plus_land_rivers": 416104,
  "density_hills_plus_land_rivers": 0.18458423698596,
  "count_arctic_rows": {
    "mountains": 0.0,
    "hills": 0.0,
    "forest": 0.0
  },
  "num_ranges": {
    "mountains": 58.157,
    "hills": 61.3215,
    "clearing": 51.1025
  },
  "num_ranges_1": {
    "mountains": 49.095,
    "hills": 53.7215,
    "clearing": 33.549
  },
  "num_ranges_1_per_land": {
    "mountains": 0.043557202597551,
    "hills": 0.04766184457367,
    "clearing": 0.029764753843472
  },
  "num_ranges_per_land": {
    "mountains": 0.051597030888396,
    "hills": 0.054404582932798,
    "clearing": 0.045338261447018
  },
  "count_range_centers": {
    "mountains": 58.157,
    "hills": 61.3215,
    "clearing": 51.1025
  },
  "density_range_centers": {
    "mountains": 0.051597030888396,
    "hills": 0.054404582932798,
    "clearing": 0.045338261447018
  },
  "count_ocean_adjacent": {
    "mountains": 42.505,
    "hills": 42.7555,
    "clearing": 16.2515
  },
  "count_ocean_adjacent_cardinal": {
    "mountains": 28.5235,
    "hills": 29.4115,
    "clearing": 11.2775
  },
  "density_ocean_adjacent": {
    "mountains": 0.059490318914576,
    "hills": 0.059840920605862,
    "clearing": 0.022745722099523
  },
  "density_ocean_adjacent_cardinal": {
    "mountains": 0.05644110474061,
    "hills": 0.058198241873488,
    "clearing": 0.022315443711754
  },
  "count_large_range": {
    "mountains": 15.0665,
    "hills": 0.486,
    "clearing": 46.9355
  },
  "count_large_range_ocean_adjacent": {
    "mountains": 1.6595,
    "hills": 0.1885,
    "clearing": 6.0165
  },
  "count_large_range_ocean_adjacent_cardinal": {
    "mountains": 0.707,
    "hills": 0.0955,
    "clearing": 3.674
  },
  "density_large_range": {
    "mountains": 0.013367035195763,
    "hills": 0.00043118037401792,
    "clearing": 0.041641288980902
  },
  "density_large_range_ocean_adjacent": {
    "mountains": 0.0023226487292963,
    "hills": 0.0002638260231831,
    "clearing": 0.0084207388248335
  },
  "density_large_range_ocean_adjacent_cardinal": {
    "mountains": 0.0013989819289923,
    "hills": 0.00018897139210574,
    "clearing": 0.0072699570114817
  },
  "count_mountains_adjacent_to_hills": 17.782,
  "count_hills_adjacent_to_mountains": 16.8245,
  "land_with_biome": {
    "savannah": 241238,
    "grassland": 320285,
    "tundra": 181981,
    "plains": 578390,
    "prairie": 522894,
    "desert": 183267,
    "swamp": 118339,
    "marsh": 101736,
    "arctic": 6147
  },
  "count_with_biome": {
    "mountains": {
      "savannah": 14244,
      "grassland": 15524,
      "tundra": 11480,
      "plains": 52896,
      "prairie": 36831,
      "desert": 16320,
      "swamp": 6352,
      "marsh": 10142,
      "arctic": 0
    },
    "hills": {
      "savannah": 8522,
      "grassland": 7884,
      "tundra": 13093,
      "plains": 58223,
      "prairie": 30758,
      "desert": 7340,
      "swamp": 8300,
      "marsh": 7883,
      "arctic": 0
    },
    "clearing": {
      "savannah": 24423,
      "grassland": 18586,
      "tundra": 43358,
      "plains": 71540,
      "prairie": 36573,
      "desert": 18146,
      "swamp": 3391,
      "marsh": 2579,
      "arctic": 6147
    }
  },
  "density_on_biome": {
    "mountains": {
      "savannah": 0.059045424021091,
      "grassland": 0.048469332001186,
      "tundra": 0.063083508717943,
      "plains": 0.091453863310223,
      "prairie": 0.070436838058956,
      "desert": 0.089050401872678,
      "swamp": 0.053676302824935,
      "marsh": 0.099689392152237,
      "arctic": 0.0
    },
    "hills": {
      "savannah": 0.035326109485239,
      "grassland": 0.024615576751955,
      "tundra": 0.071947071397563,
      "plains": 0.10066391189336,
      "prairie": 0.058822629443061,
      "desert": 0.040050854763815,
      "swamp": 0.070137486373892,
      "marsh": 0.077484862782103,
      "arctic": 0.0
    },
    "clearing": {
      "savannah": 0.10124026894602,
      "grassland": 0.05802956741652,
      "tundra": 0.23825564207252,
      "plains": 0.12368816888259,
      "prairie": 0.069943430217214,
      "desert": 0.099014006886128,
      "swamp": 0.028654965818538,
      "marsh": 0.025349925296847,
      "arctic": 1.0
    }
  }
}