{
  "savs": 2000,
  "tiles": 7840000,
  "land": 1127.1385,
  "land_arctic_row": 56.253,
  "land_ocean_adjacent": 714.486,
  "land_ocean_adjacent_cardinal": 505.3675,
  "land_non_mounds": 974.2425,
  "count": {
    "mountains": 81.8945,
    "hills": 71.0015,
    "forest": 861.871
  },
  "stddev": {
    "mountains": 13.779454624549,
    "hills": 10.01276673802,
    "forest": 70.266310270285
  },
  "density": {
    "mountains": 0.072656998230475,
    "hills": 0.06299270231653,
    "forest": 0.7646540332
  },
  "forest_density_non_mounds": 0.88465756728946,
  "count_hills_plus_land_rivers": 416104,
  "density_hills_plus_land_rivers": 0.18458423698596,
  "count_arctic_rows": {
    "mountains": 0.0,
    "hills": 0.0,
    "forest": 0.0
  },
  "num_ranges": {
    "mountains": 58.157,
    "hills": 61.3215,
    "inverse_forest": 51.1025
  },
  "num_ranges_1": {
    "mountains": 49.095,
    "hills": 53.7215,
    "inverse_forest": 33.549
  },
  "num_ranges_1_per_land": {
    "mountains": 0.043557202597551,
    "hills": 0.04766184457367,
    "inverse_forest": 0.029764753843472
  },
  "num_ranges_per_land": {
    "mountains": 0.051597030888396,
    "hills": 0.054404582932798,
    "inverse_forest": 0.045338261447018
  },
  "count_ocean_adjacent": {
    "mountains": 42.505,
    "hills": 42.7555,
    "inverse_forest": 16.2515
  },
  "count_ocean_adjacent_cardinal": {
    "mountains": 28.5235,
    "hills": 29.4115,
    "inverse_forest": 11.2775
  },
  "density_ocean_adjacent": {
    "mountains": 0.059490318914576,
    "hills": 0.059840920605862,
    "inverse_forest": 0.022745722099523
  },
  "density_ocean_adjacent_cardinal": {
    "mountains": 0.05644110474061,
    "hills": 0.058198241873488,
    "inverse_forest": 0.022315443711754
  },
  "count_large_range": {
    "mountains": 15.0665,
    "hills": 0.486,
    "inverse_forest": 46.9355
  },
  "count_large_range_ocean_adjacent": {
    "mountains": 1.6595,
    "hills": 0.1885,
    "inverse_forest": 6.0165
  },
  "count_large_range_ocean_adjacent_cardinal": {
    "mountains": 0.707,
    "hills": 0.0955,
    "inverse_forest": 3.674
  },
  "density_large_range": {
    "mountains": 0.013367035195763,
    "hills": 0.00043118037401792,
    "inverse_forest": 0.041641288980902
  },
  "density_large_range_ocean_adjacent": {
    "mountains": 0.0023226487292963,
    "hills": 0.0002638260231831,
    "inverse_forest": 0.0084207388248335
  },
  "density_large_range_ocean_adjacent_cardinal": {
    "mountains": 0.0013989819289923,
    "hills": 0.00018897139210574,
    "inverse_forest": 0.0072699570114817
  },
  "count_mountains_adjacent_to_hills": 17.782,
  "count_hills_adjacent_to_mountains": 16.8245,
  "land_with_biome": {
    "savannah": 126,
    "grassland": 129,
    "tundra": 101,
    "plains": 315,
    "prairie": 252,
    "desert": 63,
    "swamp": 60,
    "marsh": 39,
    "arctic": 0
  },
  "count_with_biome": {
    "mountains": {
      "savannah": 1,
      "grassland": 6,
      "tundra": 9,
      "plains": 31,
      "prairie": 16,
      "desert": 5,
      "swamp": 4,
      "marsh": 6,
      "arctic": 0
    },
    "hills": {
      "savannah": 2,
      "grassland": 5,
      "tundra": 9,
      "plains": 29,
      "prairie": 12,
      "desert": 1,
      "swamp": 7,
      "marsh": 4,
      "arctic": 0
    },
    "inverse_forest": {
      "savannah": 8,
      "grassland": 11,
      "tundra": 20,
      "plains": 49,
      "prairie": 14,
      "desert": 7,
      "swamp": 0,
      "marsh": 3,
      "arctic": 0
    }
  },
  "density_on_biome": {
    "mountains": {
      "savannah": 0.0079365079365079,
      "grassland": 0.046511627906977,
      "tundra": 0.089108910891089,
      "plains": 0.098412698412698,
      "prairie": 0.063492063492063,
      "desert": 0.079365079365079,
      "swamp": 0.066666666666667,
      "marsh": 0.15384615384615,
      "arctic": -nan
    },
    "hills": {
      "savannah": 0.015873015873016,
      "grassland": 0.038759689922481,
      "tundra": 0.089108910891089,
      "plains": 0.092063492063492,
      "prairie": 0.047619047619048,
      "desert": 0.015873015873016,
      "swamp": 0.11666666666667,
      "marsh": 0.1025641025641,
      "arctic": -nan
    },
    "inverse_forest": {
      "savannah": 0.063492063492063,
      "grassland": 0.085271317829457,
      "tundra": 0.1980198019802,
      "plains": 0.15555555555556,
      "prairie": 0.055555555555556,
      "desert": 0.11111111111111,
      "swamp": 0.0,
      "marsh": 0.076923076923077,
      "arctic": -nan
    }
  }
}