{
  "savs": 2000,
  "tiles": 7840000,
  "land": 909.709,
  "land_arctic_row": 55.8365,
  "land_ocean_adjacent": 683.781,
  "land_ocean_adjacent_cardinal": 485.952,
  "land_non_mounds": 794.897,
  "count": {
    "mountains": 60.0155,
    "hills": 54.7965,
    "forest": 735.1675
  },
  "stddev": {
    "mountains": 10.3175219772,
    "hills": 8.7419727607674,
    "forest": 58.438236145096
  },
  "density": {
    "mountains": 0.065972195504277,
    "hills": 0.060235196090178,
    "forest": 0.80813479915006
  },
  "forest_density_non_mounds": 0.92485881818651,
  "count_hills_plus_land_rivers": 355520,
  "density_hills_plus_land_rivers": 0.19540314540144,
  "count_arctic_rows": {
    "mountains": 0.0,
    "hills": 0.0,
    "forest": 0.0
  },
  "num_ranges": {
    "mountains": 46.9385,
    "hills": 48.1,
    "clearing": 33.8715
  },
  "num_ranges_1": {
    "mountains": 40.497,
    "hills": 42.688,
    "clearing": 23.8995
  },
  "num_ranges_1_per_land": {
    "mountains": 0.044516433277015,
    "hills": 0.04692489576337,
    "clearing": 0.026271587947355
  },
  "num_ranges_per_land": {
    "mountains": 0.051597269016795,
    "hills": 0.052874050932771,
    "clearing": 0.037233335055496
  },
  "count_ocean_adjacent": {
    "mountains": 40.099,
    "hills": 39.838,
    "clearing": 14.4075
  },
  "count_ocean_adjacent_cardinal": {
    "mountains": 27.329,
    "hills": 27.627,
    "clearing": 10.185
  },
  "density_ocean_adjacent": {
    "mountains": 0.058643045068523,
    "hills": 0.058261343909819,
    "clearing": 0.021070342697443
  },
  "density_ocean_adjacent_cardinal": {
    "mountains": 0.056238064664823,
    "hills": 0.056851293954959,
    "clearing": 0.020958860134334
  },
  "count_large_range": {
    "mountains": 6.272,
    "hills": 0.2565,
    "clearing": 15.516
  },
  "count_large_range_ocean_adjacent": {
    "mountains": 1.168,
    "hills": 0.1325,
    "clearing": 4.5975
  },
  "count_large_range_ocean_adjacent_cardinal": {
    "mountains": 0.501,
    "hills": 0.072,
    "clearing": 2.9165
  },
  "density_large_range": {
    "mountains": 0.006894512421005,
    "hills": 0.00028195829655417,
    "clearing": 0.017056003623137
  },
  "density_large_range_ocean_adjacent": {
    "mountains": 0.0017081492466155,
    "hills": 0.00019377549244568,
    "clearing": 0.0067236439737284
  },
  "density_large_range_ocean_adjacent_cardinal": {
    "mountains": 0.0010309660213354,
    "hills": 0.00014816278150928,
    "clearing": 0.006001621559331
  },
  "count_mountains_adjacent_to_hills": 12.373,
  "count_hills_adjacent_to_mountains": 11.954,
  "land_with_biome": {
    "savannah": 184079,
    "grassland": 292948,
    "tundra": 112363,
    "plains": 425972,
    "prairie": 452481,
    "desert": 137093,
    "swamp": 109105,
    "marsh": 100479,
    "arctic": 4898
  },
  "count_with_biome": {
    "mountains": {
      "savannah": 9256,
      "grassland": 12384,
      "tundra": 5822,
      "plains": 38062,
      "prairie": 28446,
      "desert": 10936,
      "swamp": 5358,
      "marsh": 9767,
      "arctic": 0
    },
    "hills": {
      "savannah": 6767,
      "grassland": 7309,
      "tundra": 7687,
      "plains": 42548,
      "prairie": 25692,
      "desert": 5497,
      "swamp": 6760,
      "marsh": 7333,
      "arctic": 0
    },
    "clearing": {
      "savannah": 12074,
      "grassland": 9814,
      "tundra": 24373,
      "plains": 36321,
      "prairie": 20014,
      "desert": 8314,
      "swamp": 1997,
      "marsh": 1654,
      "arctic": 4898
    }
  },
  "density_on_biome": {
    "mountains": {
      "savannah": 0.050282759032807,
      "grassland": 0.042273714106258,
      "tundra": 0.051814209303774,
      "plains": 0.089353290826627,
      "prairie": 0.062866728105711,
      "desert": 0.079770666627764,
      "swamp": 0.049108656798497,
      "marsh": 0.097204390967267,
      "arctic": 0.0
    },
    "hills": {
      "savannah": 0.036761390489953,
      "grassland": 0.024949820445949,
      "tundra": 0.068412199745468,
      "plains": 0.099884499450668,
      "prairie": 0.056780284697037,
      "desert": 0.040096868549087,
      "swamp": 0.061958663672609,
      "marsh": 0.072980423770141,
      "arctic": 0.0
    },
    "clearing": {
      "savannah": 0.065591403690807,
      "grassland": 0.033500826085176,
      "tundra": 0.21691304076965,
      "plains": 0.085266167729334,
      "prairie": 0.044231691496439,
      "desert": 0.060644963637822,
      "swamp": 0.018303469135237,
      "marsh": 0.016461151086297,
      "arctic": 1.0
    }
  }
}