{
  "savs": 2000,
  "tiles": 7840000,
  "land": 738.8505,
  "land_arctic_row": 55.2115,
  "land_ocean_adjacent": 591.2875,
  "land_ocean_adjacent_cardinal": 438.3875,
  "land_non_mounds": 651.543,
  "count": {
    "mountains": 43.854,
    "hills": 43.4535,
    "forest": 617.1325
  },
  "stddev": {
    "mountains": 7.5664842562448,
    "hills": 7.244365931536,
    "forest": 40.718434937384
  },
  "density": {
    "mountains": 0.059354361944669,
    "hills": 0.058812303706907,
    "forest": 0.8352603131486
  },
  "forest_density_non_mounds": 0.94718614120634,
  "count_hills_plus_land_rivers": 294419,
  "density_hills_plus_land_rivers": 0.19924125381251,
  "count_arctic_rows": {
    "mountains": 0.0,
    "hills": 0.0,
    "forest": 0.0
  },
  "num_ranges": {
    "mountains": 37.056,
    "hills": 38.4755,
    "clearing": 21.4705
  },
  "num_ranges_1": {
    "mountains": 32.7315,
    "hills": 34.4085,
    "clearing": 15.995
  },
  "num_ranges_1_per_land": {
    "mountains": 0.04430057230793,
    "hills": 0.046570314292269,
    "clearing": 0.021648493166074
  },
  "num_ranges_per_land": {
    "mountains": 0.050153583167366,
    "hills": 0.05207481080408,
    "clearing": 0.02905932932305
  },
  "count_ocean_adjacent": {
    "mountains": 33.671,
    "hills": 33.582,
    "clearing": 10.865
  },
  "count_ocean_adjacent_cardinal": {
    "mountains": 24.2695,
    "hills": 24.2975,
    "clearing": 8.0045
  },
  "density_ocean_adjacent": {
    "mountains": 0.056945225461387,
    "hills": 0.05679470646682,
    "clearing": 0.018375155909773
  },
  "density_ocean_adjacent_cardinal": {
    "mountains": 0.055360839439993,
    "hills": 0.055424709874255,
    "clearing": 0.018258960394628
  },
  "count_large_range": {
    "mountains": 2.0025,
    "hills": 0.1315,
    "clearing": 7.145
  },
  "count_large_range_ocean_adjacent": {
    "mountains": 0.437,
    "hills": 0.068,
    "clearing": 3.134
  },
  "count_large_range_ocean_adjacent_cardinal": {
    "mountains": 0.203,
    "hills": 0.0375,
    "clearing": 2.0345
  },
  "density_large_range": {
    "mountains": 0.0027102911888129,
    "hills": 0.00017797917169982,
    "clearing": 0.0096704272379866
  },
  "density_large_range_ocean_adjacent": {
    "mountains": 0.00073906517557026,
    "hills": 0.00011500327674777,
    "clearing": 0.005300298078346
  },
  "density_large_range_ocean_adjacent_cardinal": {
    "mountains": 0.00046306064839896,
    "hills": 8.5540760172222e-05,
    "clearing": 0.0046408713752103
  },
  "count_mountains_adjacent_to_hills": 8.7855,
  "count_hills_adjacent_to_mountains": 8.6835,
  "land_with_biome": {
    "savannah": 144046,
    "grassland": 262106,
    "tundra": 71866,
    "plains": 319080,
    "prairie": 385216,
    "desert": 101752,
    "swamp": 96124,
    "marsh": 94062,
    "arctic": 3449
  },
  "count_with_biome": {
    "mountains": {
      "savannah": 6020,
      "grassland": 9908,
      "tundra": 2627,
      "plains": 26749,
      "prairie": 22469,
      "desert": 6987,
      "swamp": 4310,
      "marsh": 8638,
      "arctic": 0
    },
    "hills": {
      "savannah": 5699,
      "grassland": 6842,
      "tundra": 4952,
      "plains": 32117,
      "prairie": 21345,
      "desert": 4001,
      "swamp": 5511,
      "marsh": 6440,
      "arctic": 0
    },
    "clearing": {
      "savannah": 6529,
      "grassland": 5295,
      "tundra": 14905,
      "plains": 20524,
      "prairie": 11575,
      "desert": 4102,
      "swamp": 1293,
      "marsh": 1149,
      "arctic": 3449
    }
  },
  "density_on_biome": {
    "mountains": {
      "savannah": 0.041792205267762,
      "grassland": 0.037801500156425,
      "tundra": 0.036554142431748,
      "plains": 0.083831640967782,
      "prairie": 0.05832831450407,
      "desert": 0.068666954949288,
      "swamp": 0.044837917689651,
      "marsh": 0.091833046288618,
      "arctic": 0.0
    },
    "hills": {
      "savannah": 0.0395637504686,
      "grassland": 0.026103942679679,
      "tundra": 0.068906019536359,
      "plains": 0.10065500814843,
      "prairie": 0.055410471008473,
      "desert": 0.039321094425662,
      "swamp": 0.057332195913612,
      "marsh": 0.068465480215177,
      "arctic": 0.0
    },
    "clearing": {
      "savannah": 0.045325798703192,
      "grassland": 0.020201750436846,
      "tundra": 0.2073998831158,
      "plains": 0.06432242697756,
      "prairie": 0.030048076923077,
      "desert": 0.04031370390754,
      "swamp": 0.013451375306895,
      "marsh": 0.012215347324105,
      "arctic": 1.0
    }
  }
}