{
  "savs": 2000,
  "tiles": 7840000,
  "land": 1100.7165,
  "land_arctic_row": 56.161,
  "land_ocean_adjacent": 723.6095,
  "land_ocean_adjacent_cardinal": 512.4415,
  "land_non_mounds": 927.152,
  "count": {
    "mountains": 100.542,
    "hills": 73.0225,
    "forest": 820.8365
  },
  "stddev": {
    "mountains": 52.511229618054,
    "hills": 35.854093124077,
    "forest": 206.57950713406
  },
  "density": {
    "mountains": 0.091342321115383,
    "hills": 0.066340878872989,
    "forest": 0.74572925907806
  },
  "forest_density_non_mounds": 0.88533109997066,
  "count_hills_plus_land_rivers": 425448,
  "density_hills_plus_land_rivers": 0.19325957228769,
  "count_arctic_rows": {
    "mountains": 0.0,
    "hills": 0.0,
    "forest": 0.0
  },
  "num_ranges": {
    "mountains": 68.162,
    "hills": 62.0875,
    "clearing": 50.6905
  },
  "num_ranges_1": {
    "mountains": 55.2875,
    "hills": 53.7465,
    "clearing": 33.709
  },
  "num_ranges_1_per_land": {
    "mountains": 0.050228646522515,
    "hills": 0.048828649338862,
    "clearing": 0.030624597705222
  },
  "num_ranges_per_land": {
    "mountains": 0.061925118774907,
    "hills": 0.056406440713844,
    "clearing": 0.046052275949348
  },
  "count_range_centers": {
    "mountains": 68.162,
    "hills": 62.0875,
    "clearing": 50.6905
  },
  "density_range_centers": {
    "mountains": 0.061925118774907,
    "hills": 0.056406440713844,
    "clearing": 0.046052275949348
  },
  "count_ocean_adjacent": {
    "mountains": 55.094,
    "hills": 45.9065,
    "clearing": 16.873
  },
  "count_ocean_adjacent_cardinal": {
    "mountains": 36.873,
    "hills": 31.736,
    "clearing": 11.9215
  },
  "density_ocean_adjacent": {
    "mountains": 0.076137751093649,
    "hills": 0.063440985780314,
    "clearing": 0.023317825429323
  },
  "density_ocean_adjacent_cardinal": {
    "mountains": 0.071955530533729,
    "hills": 0.06193097163286,
    "clearing": 0.023264118928697
  },
  "count_large_range": {
    "mountains": 19.1545,
    "hills": 0.7745,
    "clearing": 40.5165
  },
  "count_large_range_ocean_adjacent": {
    "mountains": 2.591,
    "hills": 0.2865,
    "clearing": 5.773
  },
  "count_large_range_ocean_adjacent_cardinal": {
    "mountains": 1.123,
    "hills": 0.151,
    "clearing": 3.603
  },
  "density_large_range": {
    "mountains": 0.017401846887913,
    "hills": 0.00070363258840946,
    "clearing": 0.036809205640144
  },
  "density_large_range_ocean_adjacent": {
    "mountains": 0.0035806605634669,
    "hills": 0.0003959317836485,
    "clearing": 0.0079780599895386
  },
  "density_large_range_ocean_adjacent_cardinal": {
    "mountains": 0.0021914696604393,
    "hills": 0.00029466778159068,
    "clearing": 0.0070310464706703
  },
  "count_mountains_adjacent_to_hills": 23.47,
  "count_hills_adjacent_to_mountains": 21.772,
  "land_with_biome": {
    "savannah": 262017,
    "grassland": 367408,
    "tundra": 133293,
    "plains": 469230,
    "prairie": 515082,
    "desert": 158552,
    "swamp": 150425,
    "marsh": 139356,
    "arctic": 6070
  },
  "count_with_biome": {
    "mountains": {
      "savannah": 21301,
      "grassland": 22479,
      "tundra": 11736,
      "plains": 58167,
      "prairie": 44192,
      "desert": 18245,
      "swamp": 9637,
      "marsh": 15327,
      "arctic": 0
    },
    "hills": {
      "savannah": 10823,
      "grassland": 10799,
      "tundra": 10195,
      "plains": 53001,
      "prairie": 32911,
      "desert": 7144,
      "swamp": 10611,
      "marsh": 10561,
      "arctic": 0
    },
    "clearing": {
      "savannah": 27215,
      "grassland": 19632,
      "tundra": 35539,
      "plains": 62311,
      "prairie": 37201,
      "desert": 16046,
      "swamp": 4907,
      "marsh": 3710,
      "arctic": 6070
    }
  },
  "density_on_biome": {
    "mountains": {
      "savannah": 0.081296251769923,
      "grassland": 0.061182663415059,
      "tundra": 0.088046634106817,
      "plains": 0.12396266223387,
      "prairie": 0.08579604800789,
      "desert": 0.11507265755084,
      "swamp": 0.064065148745222,
      "marsh": 0.10998450012917,
      "arctic": 0.0
    },
    "hills": {
      "savannah": 0.041306480113886,
      "grassland": 0.029392392109045,
      "tundra": 0.076485636905164,
      "plains": 0.11295313598875,
      "prairie": 0.063894680846933,
      "desert": 0.04505777284424,
      "swamp": 0.070540136280538,
      "marsh": 0.075784322167686,
      "arctic": 0.0
    },
    "clearing": {
      "savannah": 0.10386730631982,
      "grassland": 0.053433784784218,
      "tundra": 0.26662315350393,
      "plains": 0.13279415212156,
      "prairie": 0.072223451799908,
      "desert": 0.10120339068571,
      "swamp": 0.032620907428951,
      "marsh": 0.026622463331324,
      "arctic": 1.0
    }
  }
}