{
  "savs": 2000,
  "tiles": 7840000,
  "land": 671.5045,
  "land_arctic_row": 55.1195,
  "land_ocean_adjacent": 532.3035,
  "land_ocean_adjacent_cardinal": 385.226,
  "land_non_mounds": 592.1205,
  "count": {
    "mountains": 39.8265,
    "hills": 39.5575,
    "forest": 559.767
  },
  "stddev": {
    "mountains": 7.4449578742932,
    "hills": 7.3957213137057,
    "forest": 52.982173520911
  },
  "density": {
    "mountains": 0.059309356824861,
    "hills": 0.058908763828091,
    "forest": 0.83360126402727
  },
  "forest_density_non_mounds": 0.94535993940423,
  "count_hills_plus_land_rivers": 259235,
  "density_hills_plus_land_rivers": 0.19302551211496,
  "count_arctic_rows": {
    "mountains": 0.0,
    "hills": 0.0,
    "forest": 0.0
  },
  "num_ranges": {
    "mountains": 33.564,
    "hills": 34.978,
    "clearing": 19.69
  },
  "num_ranges_1": {
    "mountains": 29.6235,
    "hills": 31.228,
    "clearing": 14.597
  },
  "num_ranges_1_per_land": {
    "mountains": 0.04411511762021,
    "hills": 0.046504528264516,
    "clearing": 0.021737754549672
  },
  "num_ranges_per_land": {
    "mountains": 0.049983283805246,
    "hills": 0.052089003126561,
    "clearing": 0.029322216008977
  },
  "count_ocean_adjacent": {
    "mountains": 30.3865,
    "hills": 30.3725,
    "clearing": 9.6005
  },
  "count_ocean_adjacent_cardinal": {
    "mountains": 21.178,
    "hills": 21.4935,
    "clearing": 6.933
  },
  "density_ocean_adjacent": {
    "mountains": 0.05708491490287,
    "hills": 0.057058614117698,
    "clearing": 0.018035763431952
  },
  "density_ocean_adjacent_cardinal": {
    "mountains": 0.054975520863078,
    "hills": 0.055794520619065,
    "clearing": 0.01799722760146
  },
  "count_large_range": {
    "mountains": 1.85,
    "hills": 0.163,
    "clearing": 7.359
  },
  "count_large_range_ocean_adjacent": {
    "mountains": 0.4065,
    "hills": 0.0855,
    "clearing": 2.817
  },
  "count_large_range_ocean_adjacent_cardinal": {
    "mountains": 0.169,
    "hills": 0.0465,
    "clearing": 1.815
  },
  "density_large_range": {
    "mountains": 0.0027550075986088,
    "hills": 0.00024273850733688,
    "clearing": 0.010958973469277
  },
  "density_large_range_ocean_adjacent": {
    "mountains": 0.00076366208375485,
    "hills": 0.00016062265230268,
    "clearing": 0.0052920937021831
  },
  "density_large_range_ocean_adjacent_cardinal": {
    "mountains": 0.0004387035143007,
    "hills": 0.00012070836340226,
    "clearing": 0.0047115199908625
  },
  "count_mountains_adjacent_to_hills": 8.0045,
  "count_hills_adjacent_to_mountains": 7.898,
  "land_with_biome": {
    "savannah": 130832,
    "grassland": 239250,
    "tundra": 63222,
    "plains": 288638,
    "prairie": 351631,
    "desert": 93674,
    "swamp": 86932,
    "marsh": 85562,
    "arctic": 3268
  },
  "count_with_biome": {
    "mountains": {
      "savannah": 5314,
      "grassland": 8945,
      "tundra": 2498,
      "plains": 24398,
      "prairie": 20324,
      "desert": 6418,
      "swamp": 3847,
      "marsh": 7909,
      "arctic": 0
    },
    "hills": {
      "savannah": 4977,
      "grassland": 6288,
      "tundra": 4408,
      "plains": 28989,
      "prairie": 19683,
      "desert": 3743,
      "swamp": 4921,
      "marsh": 6106,
      "arctic": 0
    },
    "clearing": {
      "savannah": 6070,
      "grassland": 4816,
      "tundra": 13498,
      "plains": 19888,
      "prairie": 11090,
      "desert": 3853,
      "swamp": 1200,
      "marsh": 1024,
      "arctic": 3268
    }
  },
  "density_on_biome": {
    "mountains": {
      "savannah": 0.040616974440504,
      "grassland": 0.037387669801463,
      "tundra": 0.039511562430799,
      "plains": 0.084528024723009,
      "prairie": 0.057799227030609,
      "desert": 0.068514208851976,
      "swamp": 0.044252979340174,
      "marsh": 0.09243589443912,
      "arctic": 0.0
    },
    "hills": {
      "savannah": 0.03804115201174,
      "grassland": 0.026282131661442,
      "tundra": 0.069722564929929,
      "plains": 0.10043376132041,
      "prairie": 0.055976293330224,
      "desert": 0.039957725729658,
      "swamp": 0.056607463304652,
      "marsh": 0.071363455739698,
      "arctic": 0.0
    },
    "clearing": {
      "savannah": 0.04639537727773,
      "grassland": 0.020129571577847,
      "tundra": 0.21350162917972,
      "plains": 0.068902916455907,
      "prairie": 0.031538743739886,
      "desert": 0.041132011016931,
      "swamp": 0.013803892697741,
      "marsh": 0.011967929688413,
      "arctic": 1.0
    }
  }
}